ph,Hardness,Solids,Chloramines,Sulfate,Conductivity,Organic_carbon,Trihalomethanes,Turbidity,Potability
6.358235437692201,253.1463458183743,19608.755594611135,9.5012518505185,,455.7326188008919,14.350183729504398,54.69713814579533,3.0534964579914288,0
,179.05765796584726,23349.97881339199,5.715186174439248,346.6132633042586,481.5436112591789,17.246344189786313,65.78959790787647,3.913399652391471,1
,189.2075377798016,23612.76767933085,6.351970954102987,,379.32640815667753,13.286248354738266,58.893463604902344,4.209809152886256,1
9.110454377294644,218.6370964519181,29851.834656451327,6.297045439041643,312.9844727157128,527.6621597486634,17.129960563075493,95.43126931595484,2.713294468177409,0
6.297354622599897,250.42237821995087,30014.365598265184,6.71623513446768,,373.45924376295204,13.16745335842253,84.1239949236758,4.400836958557438,0
3.670941996254467,192.11357791050276,23065.626817605105,5.090218349882684,292.31909466478595,275.20749114758837,19.17994146931347,75.45024033415723,4.318263410244475,0
,178.61995721775534,14705.192276667152,4.071776148486604,374.3617634374217,340.10487971385817,16.18792012860048,71.89961478547426,3.7643634455872155,0
7.123770510461574,189.68495654655715,25446.867674539255,5.271551021387879,306.35473632317047,317.583279869672,6.649991365178419,82.38796242508228,4.148622311443262,1
5.717157067899496,242.44280967898004,36877.582908028795,5.3248307426108825,312.86742568861365,514.9708650944001,17.3631122257012,80.16440886913654,4.217361572505943,0
,183.26530883241472,19345.96477256583,8.936171138582905,353.79846413919023,432.3110414797892,16.910615025182153,80.77942083443594,3.658404957439219,1
5.7237667876953475,164.07958214455732,23927.5074439471,6.472166986015794,,308.87077861480606,17.312871514062408,66.40369175406435,3.1660689492024154,0
7.269627281770075,143.85642282629658,14315.190074498036,6.147906437100911,,451.0506658648278,11.856861878537456,68.92462939023791,3.4960887695125717,1
,187.5613737801633,30391.207452593666,7.532715864669674,346.40663236983613,478.8930246998226,9.493444354583522,50.021486398002786,3.8184512735498655,1
7.2749805155260665,227.75370240923326,16410.57091525975,4.424998190970417,376.60074520767284,438.9200772549419,14.959939020408948,59.73100624532462,4.493891209732366,0
7.54866368862875,186.2781433292616,24905.41271448235,5.718150439465532,,379.25319760436804,12.798719530923941,47.755809414533154,2.162700334642402,0
5.260838843071519,176.23676815277514,35238.00720966582,7.257502161761945,286.4566162071788,587.707323016225,17.82971739139839,47.43539125668766,2.6812323774891103,0
,172.441147188562,15105.685803085426,7.481292186899543,,312.9553020586071,19.495235169075784,75.70059390738176,4.050624779063677,0
5.135887856686895,200.47660510700635,30428.85698786143,8.825945752162955,,443.4156003840941,16.468727562058966,46.55456294370033,5.394650384307951,0
3.9879588951323934,189.11907171820457,27589.159321763604,8.424160319369017,285.3479232377555,544.7453967423655,19.32173587456598,80.70389604453875,3.6959781484933707,0
7.585400528457093,187.94037496982617,22436.44781146964,7.114787163742257,285.328482330337,388.8761611473189,18.3313394567715,85.1376075401217,4.582128761108438,0
6.437565133409245,186.14831430583072,11889.736504190296,5.156804478122563,,336.9714998887207,15.835169321453066,99.08481761092992,3.9520387119936595,1
7.478324647363299,251.33056986515717,16135.154207049862,7.512829014683833,294.04508055749614,483.66955155782273,17.34169450126058,57.62732891404919,4.524693673438153,0
2.5733965180190452,141.14924144818514,25462.94987022606,4.4514889800546165,308.29878606308665,503.33737925293934,10.13791595885932,85.12118873484924,4.928003266131615,0
9.406420694669523,208.9657455900035,9705.301487091243,6.684161688496566,315.6223414475605,353.6079941457219,15.13263385087172,77.0798039909165,4.8242406396433335,0
8.110128134472724,170.30982654825127,24002.8435029679,7.372404470595057,302.4414150444479,541.3623172941512,10.479995186271765,87.87901781610178,4.795397021783231,0
,230.73519134820287,25342.1973913005,7.4226967090900295,329.412062266069,380.6152890736755,9.628422295212353,52.71316690474505,3.3860659838368514,1
4.238201177076686,208.32474347943432,31864.025589843724,5.37858215189093,,462.2271875786462,9.605037693082632,63.42614322743782,3.9259941748442957,0
9.910078627375551,190.0548029074178,9935.114914965952,4.793043548700886,338.8259447649222,543.5273388147796,18.220633779200572,64.12810992045921,4.475177987219695,0
5.572716173703675,205.56609582196717,34909.475133883716,6.551294592719263,337.9775455405719,483.8087587404371,13.157393948943106,71.31833428951546,4.445601695047471,0
5.398467272281278,221.0539572111171,38397.344146455405,10.29452238885554,,419.97931844029154,17.58149668144435,78.29809772829587,4.537666804288788,0
2.8211062305312913,207.8101880189112,26573.394422965066,5.5572792283612635,350.8569078970883,364.25785515903965,14.243229860158673,70.11556634554218,2.599630156152103,0
6.268599229917203,174.86072935413318,13249.953050893124,8.945678020503177,396.4639314108902,644.805969006635,8.229703858760054,90.23476509297359,5.031592408169864,0
6.490104693295645,175.47801375603868,19781.394547085783,9.644057393176704,336.0375126447085,354.5116572215779,12.85384880033025,61.50428207983981,2.6532854361856373,0
8.002008586461697,165.03190871263226,27066.25908894337,7.014460915057272,296.1338232880112,482.5863943280715,18.349347919495024,61.27373107344441,4.290139848464163,1
6.318991441465805,203.17900542958242,27910.618753246137,6.533053142312009,312.8254809843084,397.69408111303335,15.760500953350782,81.76058589699028,3.0555820744266717,1
7.2983946676962725,205.26676738273036,25779.783471174087,6.960888717820163,351.5151132833136,256.5483594239441,9.332231523054425,62.2677611995914,4.518974165094246,1
7.7117327425976585,169.77987490666644,25386.719314630474,7.281483496569143,282.71761219355994,596.6254053482396,20.190296970404955,60.14045920073876,5.213351705641729,0
8.712114128208718,155.7317415644663,21965.12983248007,5.489523233676476,282.9452277175785,423.94834279238137,13.713810663272307,63.277619937370446,3.089955910917889,0
8.045407847789669,213.9367307091535,22255.18992958811,6.23113697791198,305.88533076328713,458.0495197682251,11.709508066000701,55.84403549827782,2.971038450381252,1
8.846725355339535,193.6372334247849,18563.18452531591,7.721085748647063,340.663468855433,548.839078781426,11.970030196667427,71.69638195202248,2.4351867169308496,0
,190.6542367102771,19688.68220376129,8.536848693886531,404.81268799311755,408.7216158764646,16.130671174185384,60.05359669628993,4.157912311209089,0
8.865249610334363,246.81660882442316,17500.568431614658,6.401256657763842,,492.71002005558546,14.131975624991709,85.41985700004666,3.879369042124369,0
6.77360334926829,216.7194336445428,40438.78771743746,6.83247293969031,282.05536629441,436.13435660352104,9.143903681418923,35.238322184783726,3.033201784560181,0
6.166694507791716,178.99642662672298,16923.467977041346,7.917481574203645,,426.5374529447281,12.451302962518835,75.43903874613824,2.7485248302946674,1
6.62645871183113,182.6433428842877,27908.706548125265,6.65677229690431,,480.2122069981963,18.959351335649256,84.62199575669132,4.935594454951616,0
8.037483927046834,181.25589030474842,9830.166958110472,6.118456309816767,285.73413236841554,374.6876181078369,9.056019800007814,63.41640051408629,4.486369951353884,1
5.291257165649315,228.115886755309,30145.84431859652,5.665920606463716,335.60141213180026,266.9469524023553,14.660790823105996,88.61559564735083,4.983562898660911,0
6.201663055966586,186.7148329691402,24467.694667529307,5.636436140264148,282.7088339933932,281.06557669283325,13.178100620537425,78.49701327945063,3.9742040927494346,0
6.582959693608239,134.73962741410475,8948.74366261891,11.487100688979535,262.36827012347567,267.2485769390474,12.93614402082703,67.84247530284826,4.635274000299888,0
1.6808750162367332,195.80881124429794,20388.09193484871,6.616457177865561,,412.4306782773162,16.34946593418666,63.45839931687092,4.7577417938179165,0
7.436750718757448,189.864618906108,24464.371028831574,7.620021979706337,,481.0491479567344,13.952107235711178,42.80565479218571,3.8292986212324625,1
7.573570408131462,193.01662818143978,23505.905992005693,10.56575085552952,323.1341876284757,365.67372272380265,18.56704620687149,68.17110671839619,3.380836022669454,1
9.239948849491658,143.72320802392213,21527.448868631203,7.688551763722385,328.80837151375243,496.9746394130799,17.828457184852724,67.54898998402187,2.7622983822474376,1
8.485851782681863,206.75094048031417,320.0,6.1143983793493515,350.1175522746717,571.7689520991942,12.213743677657993,70.89529244789193,2.934082603130231,1
9.163714301446849,206.5370957145398,25785.43976581148,7.124213419456154,373.9656623053911,461.8635128307957,15.806313322988586,50.461584809465606,3.0024789547422084,0
8.32957269692098,243.3087894144861,21805.404024791475,6.863806199507156,279.29531192826977,525.3059795271454,13.109157228601184,49.102912574424074,3.448714435743212,1
6.477136311262246,187.34893594868325,15937.917740787057,4.3116458791781245,337.920801401131,454.35412531153753,14.336226654468438,93.10770276972055,3.818830380804133,0
5.291672833465296,212.2639550156307,33483.24491301831,7.033042393737264,340.7000550296842,393.14605217515157,19.059231436194988,61.65072267129142,2.8487856472734086,0
8.33613126248785,250.91755855786977,14725.192075647643,6.2276469843653866,328.50361208276837,411.20341565513166,14.536414094108704,61.76408039469751,4.52517400280066,0
3.5278056528816903,224.36281786360541,24371.349916190982,10.165686575269103,239.32892002838224,349.313551132067,13.761552129323537,24.3420266233274,4.816565462239399,0
8.062602756496608,249.247985750074,21054.039643974575,6.547826004219148,384.96133317207205,438.93118185213353,15.215647059870197,45.7957159231666,3.0897298941691416,0
4.921719447201229,160.86833121672743,27458.543933770976,10.266579295015813,,288.51176931874744,10.537060860048284,77.2338211042004,4.048733645828744,0
5.892440355189134,241.1219019205287,28916.794636723767,5.068300977391273,392.4497407396476,435.89428891352327,15.188182194465666,45.27888477496356,4.486811400007769,1
7.190339176792851,202.93361182203978,23628.767993368983,10.200740715035188,397.8239312479872,340.6027074095567,20.266549654869607,52.82865976776508,3.3026511138052848,0
,209.78819520868572,24352.24771158207,7.810921644810488,309.0408857986381,432.76916169927273,11.75071119565381,71.10523003743754,5.449883799039343,0
7.047579864884495,245.66811897224505,24917.66341730882,7.907596222811035,330.25816388302064,446.6827018305298,15.407987510904183,113.3020191715909,3.7844741619809583,0
3.745721228746206,189.77237975727812,23527.47949325604,6.080001273552797,380.0373262050032,516.5060023313133,14.42011958090215,77.32226927540238,3.9924551421612358,0
8.282732608543977,180.71812326666398,23923.45474259767,7.690373914200338,,309.66745432470077,17.96095056545152,43.98260659178253,3.1601402592480636,1
8.110300807700488,216.18932790965323,42964.287054867455,9.827612836238126,,392.9868861590769,14.271765652265108,54.92995263888019,2.9363089283441237,0
9.023140708370123,186.51722017111894,14119.980199021586,5.281400581223938,347.5552061494567,376.9171670141307,14.205724728161451,52.47988284814286,4.555608362621505,1
7.812950506233114,161.37309078695523,20342.90669156763,6.670585185036808,348.25250339007647,371.93628805369787,14.132652896314193,58.847321655951234,3.9258298255295094,1
7.62589421346691,192.80308087500916,1472.1645807570094,6.53050368393785,300.776672407369,416.7772986395411,16.841490772352934,53.21751616794685,5.969280016486341,0
5.159936596735212,165.2874484292576,28278.556766642156,9.704189728510944,392.9753824896232,370.669306235213,14.735057173916898,92.65355728704066,6.186854854102355,0
8.225430272479938,139.71189281256972,28146.77810086517,7.968288680218997,281.21600477384476,398.19051615447484,12.31630363776717,57.7557714938198,4.141156236897737,1
,202.41814356326267,26896.565364941373,5.636577744647585,301.3579902849282,390.206752051266,16.8312844998663,48.247019960328615,3.7694539218394,1
8.26829700100381,221.59738478272948,18608.500823841357,6.236090160636699,,313.2092284292904,10.371056345816005,46.64500612343474,4.160574402625304,1
7.406207207752238,151.46321103296526,32110.40082895661,6.717023604136727,257.57831611467316,399.7668270086348,18.198585714747203,57.40213217573781,3.5953903846218496,1
7.695144125479604,244.87080465166414,33185.940682070446,7.670704866420075,331.7110607242872,463.2537156419277,15.045943469811606,63.82161608910265,3.454639753449945,0
9.10866227468797,197.13052477917014,34472.78141340734,8.769269508501317,,330.08400334421765,10.024699611655095,57.54845428220835,3.8555003383569497,0
4.054912906543496,230.26537579448737,10043.647459214815,6.52989898760063,282.6002852424096,311.6813477391379,12.172007228935762,62.277359252193776,4.457504964859917,0
7.916673861904062,176.48142879363337,20873.07265237189,7.321948756564776,,399.97798994065255,12.62322881956705,53.237092476324776,3.87207439642125,1
6.0619823949309595,231.06747010083512,13897.588957298769,6.885091610147109,306.76874937107846,466.600660757513,18.308469860059446,42.477259025063525,4.097441471216416,1
4.522418960320829,159.36703071042905,23705.62614010617,2.859327165348697,,379.99301079554465,10.585290734362133,95.39048767862903,3.9719875475396482,0
8.28852323082678,147.2896698683478,20720.954529159313,8.45193882607883,,538.859089970273,11.093602698508604,70.41810779461632,3.571257984270867,0
6.901997900437128,201.22768904967154,26794.70603632935,4.78708147745463,326.5543251609575,389.3713580658293,14.769186442371046,55.593410907276684,3.3673677831780715,0
4.120019073153161,178.50560941340854,31964.16406171732,8.41059369314578,366.62505469670054,397.5915758459563,16.00055288949017,79.1910316168709,3.2093273917649414,0
7.862759925215428,203.5916023186617,14569.574559223314,7.52455300898457,337.9804188855683,483.84046495734765,11.603020478703227,62.46037222432935,4.456443042439117,1
7.950757120375201,189.34215512557535,25687.934151830254,10.085397892070022,298.44468568536,420.2947837944125,7.092920285252857,29.93861552082376,4.361181905719624,1
6.36387381788451,223.16871534704555,31450.243805825623,8.098850146712843,,558.037680124664,14.43126754447586,47.07399456296575,3.9974601845328284,1
,156.98004766205557,21444.13872818007,8.818080339334777,387.1374201753261,333.53862315482354,14.877909657228306,40.63296469824762,3.1188661509576012,0
3.8998258677794446,215.37574423625458,22106.759380412077,6.107432954521763,291.9280006253257,357.3895151666322,12.119188291126843,67.48214438683236,3.0431325881733526,0
6.553389772568714,200.426133344473,19971.591724918962,7.013211055059249,,442.4313792301269,18.97928753644371,,4.503224004481087,1
5.98973437910855,180.25366758579287,13199.828920491887,6.026703958048347,,324.541628216807,12.245230171032814,73.95184815646283,4.113466176179238,1
6.94569350035009,163.2204491624696,41663.649190225886,9.942140415815413,332.755491003438,393.06489641183066,13.921438736996311,92.70873982957602,4.973050764264969,0
7.619580056759633,141.9582984247681,17428.364173959617,5.336285177985047,,418.7382396124756,13.811881018755129,78.92207903226584,4.243059511448217,1
8.357269984749395,238.45673169246965,26339.70491065459,7.644477310479206,335.2562585486242,396.15346190709454,17.930028643649557,86.39915314442032,4.50726227889964,0
7.855609765588709,197.3235695421765,44463.34485924564,5.31546836159551,329.39642002858943,490.47165640311977,16.353150945151434,72.77520227817273,5.329646254628834,0
8.444650327681229,181.98734576503065,17416.09654848687,5.243332569907454,379.81206208798056,475.0925341745822,8.59200880181989,77.60845463698168,4.188149843243774,0
6.678354416365918,144.10347744841647,24135.368004767268,7.560347213090166,361.42870436301854,372.2601467351954,12.13424206538151,58.559380681450975,3.422825801126883,0
7.984644482361014,216.8243604655445,14107.099389659057,7.0816748851534355,,386.8343476085448,12.980926891138244,87.16891263195205,3.9766161530060122,0
6.0978294545460106,170.18583879249803,23555.19947657237,8.896502513487373,284.52516339093137,299.19595255934894,14.459366086233501,73.0219148564272,4.01445833438348,0
8.078244845145955,155.6259808965435,25408.480993727462,4.968644980048696,267.191249133894,424.28033233015594,13.039110279303003,37.407536874315326,3.6327479879082785,1
5.4374176137804255,185.1023484429176,32430.568312120384,6.722112558465081,332.83433099171856,526.4323471842724,10.861483244346879,73.01303881731134,2.6294390968391497,0
10.689535373024963,226.8362026859803,24155.333503088837,7.309557245974914,280.1736338925014,371.7124955532942,14.230014567631628,55.78392620573567,4.964805012362587,0
7.763121107770232,169.84914359997578,30540.84963981853,8.34625727020102,,349.54243640703373,14.518711001538161,47.65019138143141,4.067393931518291,1
4.424080398776264,195.43757759169318,30533.22281968338,5.720781263472918,,371.68462145805205,14.598805367813002,66.87143991633158,4.715564313110396,0
9.362542830879482,214.50115016094108,24452.927557618605,8.84736773181334,223.12916257833527,329.0611289392767,12.139395537293698,58.96842650196666,3.7143611654041613,0
7.934962552816323,193.03769299213818,25982.891879691964,9.589005614648613,316.0292811602643,418.65743822780075,16.790930200465123,67.75008428645698,2.8313719917410927,1
8.432023377084429,228.59564256254941,12241.503822880712,8.960210162964465,,614.8548991698167,12.844532773508996,60.82492705247658,4.602433634446006,0
9.102940653376669,194.39878627779868,26193.184592687685,7.982431387136101,319.8682653140504,465.10415957087275,10.8322557731109,102.78633287837081,4.520260504580248,0
7.5083199974610455,197.61192967153508,29914.74359073132,4.31919725666881,382.25660039522404,385.64993649062467,13.158359737967986,68.93008813980387,3.2777253418312684,0
5.833966479336934,179.1299188886448,18904.927089831224,7.85164377612424,,391.002625329701,16.34342437014388,63.86326269966999,5.530336557322162,0
7.600631959882242,206.50365044562648,14978.246064775456,5.249600740549191,,350.8794025422421,13.56906074537892,73.69894844768501,4.155779625023431,1
8.91764013819742,165.2672659400516,32808.91899652612,7.470771907947934,344.8625364799624,387.36989096566793,12.680766501528364,87.51459609722383,4.671104885522615,1
8.498120073207394,234.89383095615227,9190.156157524812,6.619827137388552,,470.9580553185413,11.955397698374256,80.14703603763307,5.131610375180383,1
,144.73258651127716,24558.999333416985,7.960219979881653,290.083543253314,385.9866592845845,10.819242164436325,64.76686985890372,4.016434485140606,1
7.946483988367259,170.80440502630316,26136.96803101267,6.21374530555121,,390.2535337682118,13.788129991881622,74.11023101384193,3.0565992152934713,1
5.750545514738946,244.16236964830154,10995.613985336728,6.77731469917118,313.22460043879147,458.9447372327454,14.867154816172366,34.399994829572776,3.5501931017499775,0
7.664170224827044,181.94583756113897,12810.124437777453,9.57801953798968,,430.44448207333915,17.573798295098186,66.96609870533779,4.938175915728008,1
8.021557226200372,198.2175605278684,18490.005613266407,7.727696766349615,243.14050083748756,525.8995750099441,13.109548385452651,84.59472873783349,4.648302919883415,0
9.614724534840919,201.57214687613006,13073.11396786628,2.636214348045769,294.9844449295595,280.78286002058394,19.079851760172275,66.93383811857605,4.799419091066306,1
8.428451455328378,180.73823273356373,16146.688473995466,8.869466775450036,,373.792428240943,15.008131015840078,33.52126968860999,4.089974911210731,1
5.102806464821907,206.95295439717174,15869.969252018294,6.3116965592558545,315.12813277327126,452.8668166498072,11.412920625125317,43.779938732464956,4.02018884371791,0
9.821862042950498,235.58323621230062,32959.220218798146,5.818823800659274,338.86575251321324,369.516620138407,14.449995015879303,58.605592453624084,4.474409215599407,0
10.484466753150429,172.8895238210465,24091.917980492475,5.399188171626224,,501.3407755224947,15.515146563519856,57.51537495507882,4.827898256321531,0
7.6072443189867895,143.83127688784444,26805.824005124654,8.320899995844991,,403.11184071642515,12.174625567796994,60.25671711740523,4.401097536559398,0
6.778302917143521,137.23297919001368,16759.913929760274,6.2980896773382185,,615.8953725362588,19.436417568274234,74.3175382581563,3.1779106909416073,1
9.07609603059853,239.81129277016603,17777.941680748663,5.672014382845419,,442.2591962027476,11.932167074717615,92.06271120303217,3.155424242904859,1
5.465195580795035,158.29304194955873,9574.578810711446,5.49733388785911,355.0376369685579,465.88293705373155,17.15073935355479,78.05764723876413,4.272931920261651,0
6.973664547712062,171.83130201800589,18379.000484417666,4.01314623601823,398.9698005956419,439.14836278013166,11.306881266752086,62.36677070172235,6.16937604642243,0
7.682893869062218,167.43135040824507,28102.47536204704,7.202909593724008,367.6222641651326,377.05684105614745,14.543799231326808,55.264455355996745,5.039681502471138,0
,172.1413705838013,1251.328792252858,10.105164167070907,,413.5198532262151,12.254505989781926,69.32080453745765,4.349087072395023,0
7.867982742663271,186.17110360855844,37454.23899222228,7.852677609915403,321.2536371495081,325.7078003743269,18.336935669043115,72.78157377002714,4.647552114109135,0
7.451501067732146,188.17084435017384,24369.20744628516,12.416136133561814,,464.25561218079406,12.77754031187275,64.08749560689975,4.112205936220828,0
7.950609620197243,248.61719893814006,19902.680713007067,5.420648937097292,358.74539383450985,454.7862592960177,13.793999022895123,52.41011821822749,3.5610028045259594,1
7.8338274314130985,170.9642663175025,14649.075241238017,7.350438759189754,338.1767277230165,500.3777449382175,17.95123288867586,78.13629227130927,4.829355784252594,0
8.454350836538739,189.49254796282165,27435.511394386915,3.2858834592015405,,480.72973542324996,19.741034180782652,79.78720805308858,3.558861992644937,0
7.348257235146699,233.35304873897144,9944.297720103965,8.155260022784507,303.4971546895978,289.31147590655155,11.864531729639467,66.00338218740134,2.511855320928206,1
8.974766585871047,186.42962122723043,30322.714080101898,7.236735192032795,300.82514165161166,375.75959778025225,9.746424913905175,61.353237590689815,2.926516094572613,0
6.5931039548856765,225.99569593089444,8529.901974894867,6.287532723035064,,491.2214606940091,13.587262706201058,68.53000268429295,2.5625129160942306,1
,175.45672350408955,11917.469750089815,6.744051703204919,257.0597536808907,526.8761924425813,16.304131341687864,70.96029379083409,3.801855613551658,1
4.793494728485806,141.82039500994563,32940.19693269504,6.834229023618295,392.7643198228365,488.37545007094946,12.402446627773443,68.8847224322883,4.544526245393724,0
4.894653555180443,215.83047178948487,16809.17809619567,6.644120440015492,293.042519819287,406.40256324138466,3.4942214434706447,73.93761650105895,3.857885671513443,0
5.764324499271979,218.6940393904954,25028.646938904778,10.502515437314134,303.83769843188696,545.764187522097,14.775016205313277,72.04264079693452,4.013788744368287,0
5.204291669566359,182.2842761156533,5431.667417554396,6.319534552731485,387.9397987030702,452.5351936653372,9.340507624396505,83.8323844134931,4.170462576083843,0
5.913607526265952,145.16808444438956,29263.027775382892,7.237833330551558,332.9167284907452,439.20900293735417,11.685821777192023,49.165275015253364,4.9478160726114115,0
6.51452944071986,197.78233657938975,40782.895399854904,6.263368158243448,309.9594190861436,453.2786954629698,15.116054322202345,72.29577219275697,4.8998861103226945,0
8.406878075396492,197.23019719812146,11351.188360712003,8.281833017294597,,339.032621337057,15.573187246290042,52.86717637180121,2.8735363435975163,0
,158.24238172133818,21959.292404062922,7.250498289952752,334.51245685009064,382.5675090351223,19.876470034208864,86.07975949858228,3.3298508426773674,0
4.045873727814733,146.70732743090224,30900.427968409844,6.474152025610182,379.12987989675804,431.03476148968537,13.232695700845811,50.01977134463282,4.406249425163577,0
7.875457032209226,200.93026700862737,21566.91997644109,8.212876829315388,338.6374431177998,365.4838059844602,10.360210957734465,54.87627191901116,4.53603192505926,1
5.393237759492929,189.34229827822122,24318.91587373768,7.363623982990876,369.7834445278222,372.1494648276195,17.618792728845417,52.95718791661264,4.803282114119337,0
6.794303231211669,182.89571221371622,19202.805137982527,6.423720334914424,355.5646221812261,396.5611054152726,15.78203991371522,80.44072518807191,3.824204065716095,0
7.703765712493281,194.58062428387035,18860.999271591187,6.846740883291928,296.35308223203714,423.6627829776081,13.265351426186502,75.18005453354169,4.629891014169772,0
6.7978346625942585,195.6036338874258,21408.610435720628,6.134864194775513,312.38649496438626,526.5199236335325,15.457077971772916,72.67118654426613,4.127526967942833,1
8.869523185538656,182.281278549686,23183.377083682073,9.386579693624332,315.18826995501496,392.9925175341805,13.214685518719119,100.74371426083039,3.969025371748191,0
9.06499250485773,174.82819247020493,15652.53575480984,8.14936059156596,361.1471701904137,467.5629267819073,14.06841192934856,67.82958302066389,3.699069822432461,1
8.224771171862669,205.09499366462703,56832.67400820606,4.90511704291449,294.03192214882495,391.27283977419347,10.353630505953141,44.79641952629834,3.267218645767921,1
10.821411913184992,138.98096348726068,37230.5122361258,8.899864811327623,,544.6323765754264,12.03333360743072,87.48981058568268,3.9554575810612023,0
7.755946236141727,207.21271150196495,27888.783912053383,8.771545242096447,387.80274936576086,430.0414612166904,17.20688721174586,73.97622480923874,3.6630798459965903,1
6.634787592081289,160.0444537772599,11417.254157553425,5.008119735165048,301.27608269215204,581.7751402821067,9.298827804906875,56.42053992958536,4.643874453760835,0
7.869767417422207,165.15430942597376,33556.67253024863,4.28821402023385,,541.9310197778401,14.283841894349347,84.15122600110381,4.041134997966413,1
4.164527906766837,172.20593604036674,29795.324814343498,9.040846088287468,343.01391836816936,465.6840828800078,15.852402239148166,55.73432906078841,2.007062187939794,1
7.61861074729079,139.44288812198891,10487.255207038157,6.493707039072565,292.67714946056293,332.8479686001597,14.260637102990966,62.8053576399814,5.283664872921499,0
11.385931197481238,224.0654539703766,24080.349847940113,8.151733877065766,389.0973699994948,390.6644158335936,10.728834046489535,53.66834235981915,4.723675337168188,0
5.818783099656592,163.10891181438845,9167.285695219825,4.808702894556449,367.08680378469444,192.35152342364728,18.276259799518435,53.31477933044446,4.553249250316018,1
,252.0713801668823,17052.62966494987,7.922802435805749,,459.28047684098425,17.488304249093602,92.4561336234487,2.854393946393306,0
7.109841321622435,195.7928307424784,24211.53189954558,6.2695095817405475,371.6039915995231,423.18825931811995,9.580448820269323,62.43680563823848,2.9235727799510745,0
8.82872868404587,153.87622755112932,8694.793722666522,5.918216233495693,348.22640005408334,438.77374177548717,20.438224088818824,69.5780597854513,4.572655006247455,0
,157.53048752575614,6777.559217689652,11.258705366630432,,349.7645020682928,16.448295373799965,55.61274924685871,4.656639320194656,0
6.641033317058205,224.85502995475818,16465.57238323346,8.57571205473729,311.1832939660338,435.8368201836214,17.149647610811485,58.44831952150869,3.852719392269606,1
,183.80450385355678,5036.3308733384365,6.674988646113979,310.03681332487923,220.21662655009348,14.4954261334306,81.68806963791121,4.623825860763471,0
3.9589386736932832,194.11711316336508,13814.565203172337,5.736953965404119,382.7366927795243,399.08166088007397,20.44023598940481,76.02274373090732,3.589065514861213,0
6.135303574453851,253.94730814439637,6241.476274426375,7.365939593420628,316.1473161127489,411.14849909540766,17.771897889936135,91.62732297296623,3.717600429540002,0
7.434029980833753,201.60567942615398,36642.609729198324,7.116941194829911,393.4147439806434,478.26054908415006,12.852407119641654,45.00880637742978,3.9780710759241473,1
5.296652045605926,199.59870001934974,26738.140478390724,6.922415445202698,,451.8826570645031,17.075124902715512,55.09302067354802,4.650537996055803,0
5.843261598074969,252.70540462810362,17394.34752658193,9.786996822230872,369.4641708520713,416.88327680892746,13.564749719339405,41.254585347678045,3.2218794289939114,1
7.024806891087627,206.967971641324,44805.23518300701,9.948013754152,,466.5727023523954,13.547155705449386,93.41861968918622,4.614336292492213,0
7.955435501066173,227.34376187384316,19256.252920314164,7.827155563648558,311.85317203932203,313.1231998980238,10.074576270095191,57.24520039124297,3.775506820247243,1
3.8490478106700974,215.18861541062478,14233.347778559268,7.023242361743605,300.3655647578079,446.94378156277287,15.81778357190762,43.99337849148423,3.4023486653178954,0
8.376418316950772,156.79489997757946,11787.093955597024,5.848657630664055,,500.7308882726421,16.749180332294976,86.14957628918302,5.0831562783363,0
8.371151166728987,246.73826350565378,47701.529056974614,7.450987213403567,352.23687205227293,534.6191064631964,18.47672529887609,69.64115666810054,5.137131354085373,0
7.503798285645578,186.45631771453816,21504.14127119383,7.057655960816514,309.2085739711025,470.49949637734176,15.639228868065505,77.77729867680834,3.0434295690984046,1
8.184412815134948,165.08205126094754,25189.477931033318,7.992552028294654,318.1588297296375,375.67779661305013,15.348243678713045,78.9358671996353,2.1807615138533807,1
,248.85815959146873,23488.636672383684,4.468810264105436,351.8815201791931,283.86611150694046,20.148356384067117,51.37633577845058,4.780884629865672,0
7.745689094569362,162.05440848665552,24290.88222055766,7.158752526308847,273.2054882554293,455.3148358054533,17.388760920130398,32.828993318008415,4.136313293014459,1
,181.5327483806098,17483.07077586395,5.756993134908753,,450.36409782778776,15.837892323319533,75.755314668611,3.839534073879535,1
6.150410820153555,223.87754985717123,24244.760365810263,10.112809800426902,335.8930365059562,526.5388886097479,14.689977872611134,60.84614595941859,3.209952433963174,0
6.903558320560459,224.92811659793477,23455.328856622935,7.748154218022737,393.89026336661783,380.56477763876114,18.276585629350837,70.39834302299651,3.8149547193658506,0
9.659172040145362,212.9817690991669,14481.922643466383,6.185536990394557,314.1648722675785,418.8125139285945,21.01085144569179,47.76598858294951,4.852440883940498,0
4.4789739289247965,241.32556629381384,17845.556627169997,4.638545550933648,,323.80211217585054,13.223833486414621,67.46520395416572,3.2553686884490354,0
5.341658041363504,205.8574281219158,20051.726127769085,7.080541911105446,,435.2459563728208,17.752782320042638,71.96426256992441,3.5020999843894347,1
6.610615503429474,171.07685648789703,16885.84822743487,4.980655930764904,310.5937961257317,465.7839579219632,13.639039197021592,52.18642614106589,4.792832386821945,1
,227.23589370689794,28198.63596906366,8.680311169080749,285.5764836162168,406.00292511858936,13.82830425683613,61.99973811158857,2.9494119305577216,1
6.24636303572926,227.54306311902445,6785.749184316073,7.4392778447748285,335.82733256433687,415.6164174311915,9.72621297606609,86.92042104984456,4.10974371713193,0
8.437923602017296,210.28133641059262,17996.40228672312,5.9589574272547825,377.80617623956533,369.6258086975001,15.942590782585276,64.81501271671686,5.002215065838358,0
7.1258829601678455,237.32076961262683,15320.646936383484,7.0003262575073935,,286.84276822989517,15.206142393631815,63.38296023008959,5.007599595451782,1
7.775329821703277,185.70867564580283,29736.44329151041,7.6024993439456985,323.78502836063836,420.62322242091557,13.909487182710627,77.09233972203364,2.1294882828427113,1
8.249420488959027,177.76539883751173,17060.447100702266,7.841146498261696,333.68410995675305,583.2163114591831,13.323112232573376,,4.185079918347611,1
6.42028172778208,221.1510775679644,24680.36312706845,7.157404627134937,263.0390520891417,517.2490250941039,11.144575849451673,89.91949266509042,3.3757384314085215,1
5.756158973533027,210.28540691789058,36805.640809840595,9.7140612711888,278.9104763970268,359.94117848102564,12.041849860059946,52.379428617825454,3.729744034064053,1
7.97657847908544,255.9082828455247,16550.52905942603,4.489307090634287,285.67238945093106,384.34378551051026,13.599264355912357,25.01865876912374,3.972436143184752,0
6.988790698430719,143.99942062077167,2304.2440725034467,10.877780767041632,,637.8236147386239,14.069408515435857,52.665815950893446,3.5337000892257935,0
6.7776944186201895,188.63267070480208,34370.832672745026,8.351736389732578,379.8109581135644,456.2605016206556,16.74256744904119,52.80128687045578,2.4376671556682044,1
6.2424944552330075,200.1393195123633,20170.964612465523,5.945579973129425,364.3652988055157,369.88866706350717,10.18475735925228,83.97576905110536,4.977060866746952,0
11.198341869944517,214.61463357310157,12530.130433229519,9.1772454589776,,357.4176496861623,18.709062492581566,54.4264096351187,5.180561806930621,0
7.224127867852767,256.1571575663282,25329.363185844803,7.655754375435413,,447.8340522366131,14.554970331255761,63.83657372137781,4.528557430319062,0
,197.32756168459173,10700.971254917236,6.54390880448364,325.51088177213404,324.2841368693215,16.060003499530062,80.51552960553832,3.7700395072212047,1
5.395759790963935,211.51289013118964,19831.37652200032,4.856676225640481,,510.2176389342682,9.569493085163941,65.47399031809798,2.6806624667011696,0
8.874996344891589,205.98019150308113,24166.485343901844,5.306626814827455,401.8652793250293,357.22499283201887,19.53401850075377,83.53017703710834,5.639380565601212,0
,180.5782652751968,12173.725468246232,5.4089565975700085,339.82933466370804,355.1817021203863,11.584968820783889,66.16661567888346,5.364323295739435,0
6.0879620293832275,190.14698156502993,14499.323885957863,6.138813588696866,353.03260721519723,444.20487557938884,16.415922900172845,70.74816407492006,4.006227743708993,1
7.162272995550269,204.92601085219053,14380.185989905363,6.573403247983379,,351.5492259731833,11.459614972094966,66.14758955618406,4.326919209330498,1
4.184599257216859,195.94015852010813,17228.759171208425,6.697287131326718,323.4680311840335,407.9647918644063,21.183923635447712,54.63004665454612,3.868960965852295,0
7.8877533758894405,213.2771649266926,25478.494095446087,7.058733831931399,308.2125778468694,381.4130529910756,13.14317366415834,83.56990077604388,3.136114122981916,1
7.7149614337380505,212.5163848648642,33876.42247809415,5.163770568169655,282.2054642412067,298.31468723276413,9.922310996658183,42.566927517982414,3.7216931075597866,0
9.973193657206602,193.2391961175731,37389.126026026315,7.448331380580612,254.09429457383789,349.98746641925663,13.042027118821514,57.725103626490906,4.617049481491905,0
7.56132880703009,209.39819223444835,26370.077328618834,10.339526904876257,314.4040636441935,305.37948027063175,12.890388356427986,50.814310119890315,3.4891751922166363,1
7.420601419587006,164.78415037419066,9956.88122620746,6.9373318827922565,368.3854365562803,462.6633519488969,19.347956566067687,81.93824154855866,5.5057151657439825,1
,200.04691623551082,14541.777839917035,7.858409901351585,321.8703994204586,449.63447668704316,8.830599777229018,44.053677963371285,3.5511610899704324,1
7.61976002948149,130.16088341092916,31922.62998620657,6.170071883124547,,395.7541698005394,11.480890442991662,68.36638167903678,2.978016304836465,1
9.30598324396617,193.903138847934,35410.40309792578,8.850948261590965,,521.1866270745747,15.663788968149474,44.50647256973653,4.302995818655204,0
9.687550731043267,192.39544484597337,16617.81938914784,5.428970900954312,,365.7872067436205,10.35384314970646,75.19842972973208,3.6008134563173835,0
7.476389840307893,163.71113264534773,31274.939147985955,9.41644047074463,340.3179353745202,427.80142784886806,15.259397562459496,98.43839115769053,5.374592247154788,0
,198.33812338572415,19743.964295837206,7.666077807039904,,308.9516258168104,13.98064971999415,34.879249339143456,4.319860277264032,0
,246.0435961595648,36611.7473283079,6.998757182688075,369.7558418648998,516.5942144065743,14.678210601590825,55.57991304653058,3.404629536407327,0
,237.718615366235,13255.601635602432,10.082012565713509,359.553680494383,321.8069020245596,15.592508279816968,78.55636242160996,3.8957819207558453,1
6.3005322857032295,227.40532128991947,41003.59184544623,4.940494474410025,372.46207704598254,450.0367162369219,15.31798989021003,117.25328125204763,4.067857669553795,0
7.059880901045704,194.12481902320317,22607.405652521968,6.672088617906791,302.7458556642005,260.8443585070089,8.940459604101822,63.21008681395097,3.6177482098937297,1
6.437330590314716,199.1795889218868,25092.84072295216,6.832976227399371,283.1489036467095,473.65438808238935,17.656598913726107,59.81151173912765,3.7023816903872957,1
9.286621622223997,228.327334342033,8278.469413965615,6.5359465556799305,346.90186560053576,431.82029951968286,17.456142204809755,34.613420181103294,3.354150450440756,1
6.827398961614722,190.46364298466779,26526.272360886574,7.733084809021496,222.21524937655107,445.3599811246775,12.05082416880709,47.1888630419011,5.236774843747587,0
8.241649303340177,189.2444987413213,13882.63137523184,7.431618804946827,338.72678401536774,482.76466728487026,7.129114763561961,81.3262152544142,4.523193429088403,0
7.068342293589498,234.20780538849343,30564.70111949661,6.6461451965271126,258.76730092099274,587.6078437174193,13.733997036759478,85.37456428799686,3.5241634650914158,0
6.607133337175635,208.3286654860937,31071.182102101546,8.416789843891566,,387.33539019296745,15.786097396383031,91.42549913245806,3.695398115943956,0
7.642479776781024,206.07791332949714,16596.385018486304,7.9341261521646675,324.1895687331476,438.6018256419941,10.92333288629547,51.82710331553019,3.7750762734176044,1
7.029875826279171,239.4120989013361,27234.766134420774,7.409546117933727,332.00965500874804,512.4955499613061,12.713819513300786,54.23357730576545,4.302333868285451,0
8.228827015469092,181.52265366735665,29461.666663056058,6.726154569825958,354.201981371676,514.9962289454479,13.261557929450847,92.91542897564719,3.904222719666672,0
6.865339927019092,177.30253811250202,30454.626351536317,7.239115077765835,275.9175585360164,567.6092455118871,12.563555819163035,61.69899731024833,3.512421555964389,1
,245.99513318795184,27780.690228244195,7.804903964701912,322.10797345342405,396.8297703595265,10.085802450619386,51.203712309909136,2.6546010946987346,0
7.141323379831073,170.7195994561536,13300.009320645422,7.450792462548418,376.9835254863959,433.69033779591683,11.355446880489447,49.29023135009691,4.082986521521076,1
5.5137721838357105,164.2282981507618,21656.239435104922,4.643453036669591,371.3766688204165,544.6829373154844,9.336344373616187,79.56684635969381,3.5678871863650587,1
7.137114659307037,133.05404166949074,19797.213069709862,8.819146108363114,353.96216772907394,364.84198649433995,17.16123680163,64.6040343328895,3.641542328992659,1
7.315099527779187,210.8741009707381,19558.795165187632,8.291397695741443,382.21550873479407,425.205246145582,15.565219965662564,68.33162617853964,3.556516015752714,0
4.859842167073278,203.12399243439785,23379.09488818634,4.874979817714388,364.398572677852,413.83762659325146,16.18988781894636,43.11905286970245,4.435677355657972,0
7.125595188760762,199.71437351107605,20667.856245855426,8.175593218673251,289.4097999753002,507.7535007809206,18.65976970490877,88.1159828569304,5.290381671048123,1
5.28836212741344,244.56398106307154,19306.47364968868,7.043418219167855,342.30430293213266,424.46224310956495,15.495621155388275,66.26387651200007,5.383396717583768,0
6.760191575558338,162.97698201118502,26506.776296304157,5.837385676481196,289.4298482754155,390.8422486604768,18.26335033415218,36.064362141829704,3.2975130114041713,1
,157.2280526565542,26320.848412171836,4.417973379879275,,402.25503214603054,11.38422984851899,68.63735471159994,3.562171930669061,1
,164.84054622008293,29806.39844338174,7.693009956797033,,499.26930023062175,11.335422691387247,53.03709246449372,2.861563883188224,1
7.8615741522744145,183.4979898141116,9392.79612533307,8.234576920559512,302.8261189617489,372.667402179753,10.499122478060052,53.057294579100756,4.806743987993492,0
5.591864571212366,195.57144925936876,26695.81665283959,7.434187566077675,364.79732417206776,342.767498479878,8.752277559790377,68.27154704416417,3.416140177705504,0
6.9079392247499785,171.12847009438167,15180.274350130623,7.269647227434592,394.66201642396106,471.39256372271234,14.09516750229368,78.3440065824584,3.6500111944461984,1
4.622534863646614,185.84360784913784,19135.284671263475,6.917549124598899,338.24685547551763,599.0737630472131,17.259308503946578,62.7387346291598,3.6686654235647738,0
7.7650561651698835,184.66781424658734,41982.27302159836,9.429522701622822,359.6200651093045,351.8094157393587,18.418349239596473,60.6418034375625,5.582272024593639,0
5.328619859599165,175.26431206324173,1739.1091695065988,8.79977899742073,341.6142510101897,478.8980631544757,15.116752305429731,85.83813044320588,3.075340751475804,0
9.86253628013776,191.4102329258055,18021.453171436126,2.1328788788542523,370.68899639901923,356.3507085377754,17.22861481203775,77.889919760059,3.2721762052710126,1
7.009145747519939,240.4284220716145,33523.6372796729,6.569051523692787,336.881446398113,475.99730842784106,10.618913610275063,48.93370217951245,3.852677298362973,1
8.380230847612356,215.0782152123191,27782.56297439459,5.459206988308729,331.24505282441834,496.54101345181107,14.427392020446852,25.45211277845089,4.653519147014879,0
5.393435362008744,140.7187785347182,24421.156891875333,6.201121194588319,208.6006624763562,277.2658289199817,18.633461325563104,60.26847186510631,3.5400864111043777,0
8.97232131134193,200.0992361924781,30280.38743125127,7.0473746415140495,,505.80546557045847,15.271028451007975,56.469095952804025,3.17620219446404,1
5.798664538478478,216.0546912163003,24563.174176914286,7.745667912022565,312.552580837143,463.22335621743684,10.852046607257579,64.10893845633618,4.7330465375006625,1
6.693949730762047,186.6279766057092,16121.834228745654,5.953942262668678,400.3101610266461,428.0884399787514,12.70337757927109,85.50032180790137,3.369016819036643,0
7.165960633320232,191.4662555066769,25552.599724056825,1.7559594912568324,,437.58559515771765,17.945132737394164,58.66990786291481,4.116466085126143,0
,179.0101884172214,23075.830584691812,8.141237728512133,373.4889142788693,340.63607201142764,14.268032027861258,41.4180891522597,3.475461401174738,1
6.19528508274036,214.19708871456254,21150.369535883936,8.054645700775707,418.1166748839493,411.108193563702,14.707313234514638,63.63929057110104,4.582194450305087,1
,216.45709751673698,14155.738640755073,7.532089252386584,,436.7270787829859,8.684425037742166,89.59394333187014,2.8943943613548284,1
6.553052756221226,183.1994662553138,30436.306140861903,9.051518393816261,305.05242958146215,359.93728086236916,18.204801145551087,80.35071899312199,2.9615558630605205,1
9.00925825789292,233.8554470804764,9019.700192028902,4.895972533644224,353.74027067273124,439.78032820244476,17.062819683883315,84.90032843825165,4.758574892463668,0
9.596575740278013,204.55353620238756,17840.18192154483,8.882230007106383,337.85772889103026,458.8549338280014,16.09503164123199,76.71882930061287,3.9612407482641445,0
5.874164648324976,213.70577396477574,16939.74925179385,4.5821973058384575,294.1187834721901,443.5581109421888,15.116918722787556,61.86232723778366,3.6793023868656443,1
7.46464971241664,249.1625053925934,27672.80457528055,8.72862966133405,355.652240422055,455.2906078201513,9.591800329739659,76.68050592262463,3.167158952246609,1
,159.06126112978015,28294.50874856641,7.142303941909184,343.1598852184655,309.67935060723806,10.776371314540633,55.269038494193374,3.7085882302900495,1
6.584164362583925,182.2028624150828,15649.77408975102,11.357047988639781,338.9578528915494,529.2506036937951,18.94538626449086,71.91776554700098,3.9738396823577995,1
10.263485794493405,166.22466612076963,16667.682672655978,8.514001673675573,337.9161029076327,473.17197870755865,17.580382465914184,46.941853347962635,4.454960992511209,0
6.962653572899698,253.0414879961582,30842.362821447794,7.575014429540917,319.3027146262613,401.54136210432955,17.309406013194295,,2.6759545625286094,0
8.615670250032853,193.951754986241,8413.224403154081,8.01510693505178,276.59000392841074,434.37519337156215,13.164042884804012,73.39338891357966,3.752009118810588,1
7.432929157144029,167.78020321883204,22216.126222702234,5.707340037815802,,481.1466594063329,13.998004137775302,84.28600611120575,3.4857829348705707,1
6.562542846470882,211.76085848765456,17422.03916170154,7.751966799430919,366.85126913777947,462.9632662302096,14.780049008917526,,2.9382361444773726,1
7.780651981425648,182.8608443987716,30749.32168631137,7.29852600488006,,338.39415154650237,7.903479017991078,,4.489751989364883,1
5.877249420196292,158.26838179926136,17857.248873862343,6.8248365344524275,,482.09575538236487,14.009143274121245,58.59444541227436,3.512465374147677,1
8.620444941202466,202.0297586885355,28189.519136700546,7.648620662203654,303.2906685383088,374.64672105409056,10.179402967124407,79.04965341674858,5.168496432221622,0
6.028334966524506,185.14079369991435,25619.398149976034,8.918854244621226,352.7763426170715,446.84089177512783,17.04928558653868,82.30195703136557,3.929072563559196,0
,198.57973224649288,20410.324072735555,6.298272998812291,,369.6405709441784,17.02905732274106,39.80597907253963,3.7290275795769574,0
6.870176862319465,173.58166372179545,14666.865357315099,6.589578083031279,462.4917155653651,577.7959460243547,12.696668590232703,71.97956877781448,5.005286969600478,0
8.129984120728967,236.30360469845033,29184.64581100874,5.015143903358832,354.44383997757683,401.6460994283363,15.506572432402569,58.58699755026399,3.565890424818369,0
7.963339803918586,247.31427223729813,13853.885595582284,6.962269148349426,253.06580659320488,328.04163346268257,18.794062171923336,73.35369578465128,4.675101978029023,0
6.503795283741309,192.8313387260932,42429.53956307346,8.242129391060304,386.71917329024967,427.89483731788573,13.377912508724707,62.71509034097659,4.069452491256394,0
,148.97287027580649,23850.35556809078,8.295597152437214,,464.57886773112784,18.960578487836774,44.85787466988999,4.252505393179949,0
6.230797779257721,179.16548903903117,11545.575160364167,7.876799498572585,,417.79211887809566,18.301999865554386,59.71319578006084,5.385998434197516,0
,191.06039689639624,18071.234239379282,5.8986670157692895,305.4094604275581,352.49442103226943,12.08647564953959,78.3132323744248,3.649087874837952,0
7.363681543316633,215.1938606916123,20241.164087733683,5.844780626173843,,506.09729500506825,10.732593190069453,100.45424105474189,3.574145180901974,0
,165.66183493342083,7342.19204343558,5.0591177061759005,312.78283526072096,353.7027486721656,13.503105197135334,70.85878797782736,3.6021805290667106,1
5.309305546756088,170.57931884752472,14661.781689352632,8.330398184768443,,283.2195400457436,10.282985757941917,61.23244479094561,3.063632889109262,0
,215.37366482505826,21730.801178087237,6.657608524765783,312.6416410985971,347.2067628295674,4.624013968955634,47.981921747534564,4.817867967283692,0
5.332690011041266,230.3618091213845,17851.978997241793,6.225507757138335,339.4565898558859,406.76750532949984,12.835998207500642,65.1380097670815,4.708902326478923,0
7.550631273991648,220.8826377585806,30659.405993253185,6.564934674352912,322.65637903513556,492.0270879801741,8.187179454577578,86.4838674765094,3.8504623803668565,1
,150.83740311171513,17998.67259391359,6.338087269817481,271.57411129783713,463.654230401279,12.979668293860446,72.93708841318744,3.2922304203712325,0
4.514122520010034,186.54465451808701,15450.428060284767,5.333860504071919,,428.038282096955,14.848849271679953,58.55943172585063,3.635842960273582,1
5.247565689049863,224.91564829810497,21003.289865874973,6.717366602741232,349.4241215500906,388.38417871098716,16.879965645109024,75.85693910763764,3.3663820638673565,0
7.066278224951864,188.1548683381539,20045.576641343363,5.1691942722371,,550.8679426916317,14.360002076746593,61.75694982643995,3.8604777741326317,0
4.083680170795553,227.91609464357938,17351.351725859076,9.690930638040294,260.37235541237925,298.12837292649306,13.365681325515897,96.51316723903064,2.4927049014826013,0
7.158167820343488,193.14401795999524,17842.94469814652,7.15410862274351,332.522088742355,457.8326294390144,18.677636336407097,77.60820762938482,6.095490181405362,0
,191.74416472305455,19536.61361269927,6.553156800806359,422.61650917813114,448.9386511766313,11.622012545552762,48.83043974237944,4.120639012810249,1
6.568502572179095,219.80515892127343,11050.615086489264,5.417618621195802,289.0881821367946,394.15019904557124,15.650926183986106,71.5965738082443,3.379502226505329,1
8.866005333850138,191.87972316825915,26095.620319958958,7.178715177525095,317.4150713192837,521.3939604005454,11.118077840982377,71.34500043699494,3.1968033849753974,1
,193.5246346119224,18548.533133041325,6.316050613039178,,313.3125902095458,10.999487459519134,53.44136721158229,4.654780228517826,0
5.798832648891747,146.84165332879186,23299.88806708161,10.222719102007108,313.1848206190912,459.45093870434044,10.205418070729216,54.34342435888228,3.8032794212864283,0
7.369508568104956,165.83513346170025,18669.34395100043,7.638575558223806,,489.6553323511413,20.528608307986904,85.63568577965769,3.831898258570352,1
6.622804202643903,164.54631279062897,37758.99723205887,9.410673214988549,297.9671770685461,393.18123870646787,16.431242364245065,64.79696944461226,5.202088104404755,0
6.608481329505611,149.89917482912918,30781.731193057705,6.727701763374757,325.63490082251093,572.4116695106707,13.943547116240604,57.2380734182308,4.950357886031382,0
7.689142859093962,190.04990410352715,35957.58924129277,4.94204433512714,318.8459721484497,431.418431941015,17.309616643605214,70.55694486532923,4.041023187745082,0
5.308802057856408,163.84848652713225,26407.57875448668,6.145540979634327,425.400961489495,494.8258706853756,14.67309689266551,76.90674402428549,5.7084286891218765,0
11.911485247723592,178.41921138649508,25521.601736676792,6.270026739715281,293.88703903539766,406.6346876766211,13.662679986695693,74.83056073995594,3.1474421274421234,1
4.699064472601695,183.55106713760367,28034.45834167181,8.35232519351359,363.95026790564236,524.7632169377273,16.682975607117747,78.52832555287499,3.1467714783830196,1
9.26963597971333,217.20376992315732,21314.473589947724,6.162212303629038,295.5858685908557,462.527987655349,12.17588802495468,83.46874036030727,1.829869892907913,1
7.507467734507519,226.01557525675886,15603.88195518069,3.7135334252818475,349.5591943414603,296.2910395232238,13.608621942276374,33.06860416470415,4.296721640856602,0
6.426045947619751,186.8028780825012,24238.19132439008,9.521753316985034,,362.017062930941,18.5351696201197,83.02560860307638,3.0722268695612773,0
,199.2357139681555,35479.71458936538,7.308728951377879,383.51555756884284,439.7336001353394,12.957863497481558,87.34313645769079,4.449735742308492,0
4.721710301854516,211.7757667814122,32490.24163236208,5.783326710449227,322.19486070732717,410.7653455438747,16.945816600425783,88.21317004050604,5.784036462065531,0
,135.97744016202745,31137.78630561939,7.3269881689367615,,447.76510899609514,8.439194292376959,77.356478693403,4.829054671691972,0
7.595410482687611,173.03101350788734,27438.29954821919,6.833300449604906,360.5959752001121,456.91054133008055,12.456521312415244,66.65367280582718,2.791827784239363,1
5.379391563993986,218.44074359419545,18375.54839458592,7.1401145258731225,307.5917868147455,410.2526313686188,14.174968062774981,55.414027026996834,4.718852774154569,1
6.350199535604973,268.91213096172714,25982.681745416612,11.976375776485135,345.53275919268486,341.819455471274,9.747241947130084,49.865897598868756,3.231764944545318,0
6.700566714137695,226.36380721446758,33123.17399410874,7.660628730423834,300.175421536206,299.35429390669384,14.834785721810468,67.80200862230068,3.7193800787857585,1
5.843916793151571,188.9574029976908,27114.340651363465,6.835645397732436,,390.34474944820494,16.23944347972071,61.67525522665856,3.869621043903617,1
6.790024485589438,170.56025152667507,30437.082513356087,3.662344820148364,375.73506991105063,481.15074448223015,11.972853650443525,61.648662562313895,3.698877739570964,0
8.708579060235088,193.7818130496441,16420.199809507274,6.727567266097001,286.6055934131689,569.364239681769,22.46294945639207,41.23160147444665,4.031740616406722,1
7.650242834069605,277.0932749200134,320.0,9.762636280243338,,435.80999513390316,15.048928788565432,56.117271446742926,3.7625132861527515,0
,230.41293910181543,23977.49294583083,9.503295532957393,,533.9779956740433,17.15132523335288,73.33888516131567,4.419559169312175,0
6.858508999046161,143.27791441982566,21798.544297259148,8.230465561198212,391.7642157580689,451.8576429734067,8.710800803601785,,4.525847819541618,0
8.109506219908344,157.51305264227983,14448.380440210232,9.088437701927887,353.2382199021874,441.2352273677612,8.429953896204164,63.16599672802922,4.08868843490986,1
8.849399889330364,239.2634796299501,15860.213325373057,9.516955779560918,277.8083934129253,369.26285724342995,21.593722461568678,63.2227180615851,4.012349195277083,0
,187.6575638199099,10611.969624327128,7.7146304505054,311.0334997578514,222.03171642968303,17.403760942343826,84.83232930923984,4.3901094484957275,0
5.687177809812943,208.23439297104431,27060.87401577037,8.06337156219761,366.8480806925823,521.5247274392265,10.850664955539534,,3.010024805772387,0
8.623566893903583,196.9769572202624,19522.02787686503,7.708490605553519,307.4073312498141,415.5823270715473,15.265103838363084,64.944691412546,3.416603524218209,0
7.317681047446734,207.37067907257844,27593.21890764511,5.465685706973102,334.66376043981114,375.0017079362442,10.165784662630852,60.74111308120128,4.229761962402541,1
8.755046138235617,242.28517583224135,19052.151442936796,10.036206883345587,,408.91239355532514,13.040346947071862,84.08668796819309,1.9784116089238253,1
4.324503837075591,202.61037134215044,35826.377892532626,6.082629117105785,,621.5920774360048,6.782857801566324,86.67890223127615,3.7810913070669048,0
6.042203157419656,182.51491341525184,32009.796551651023,8.044187502806292,295.5595593381027,399.35065786269877,15.436010992017787,65.39160754681033,6.096542397117585,0
,147.3435858383751,25530.8093986221,4.603265460186652,377.0519084898542,362.54831351934445,15.384957008506683,97.18579833366017,2.8140757167566197,0
,274.20733892692454,20837.746596849287,6.651911094594876,335.60644164375844,402.1946701505442,10.717059572504898,82.86444157022243,5.21821930025391,0
5.905929746197305,156.14516973141556,30642.161675743413,6.6497638327228135,390.9627920898445,434.14788306602713,13.571283636354517,72.08687661512138,4.330165610514658,0
4.925141430668135,205.20452156207216,26411.439900184134,8.297657471856882,357.8985105779945,414.1981334956899,15.776847467062932,69.95963600173205,3.046304851766756,0
11.025440280273635,136.57547877668827,24994.974528961564,8.096941610533026,405.68447018516144,377.2275760425168,8.45437284507129,48.498640174227376,4.606443691239323,0
7.457655819804632,226.32075388327138,11568.030616344835,7.700866086055971,352.06952784875216,214.91484212638602,12.986197617807836,40.11558718796109,4.541532541490232,1
9.093741669074621,212.51511244617177,15622.24901958076,6.69062572160455,296.0745477105835,353.17258559114504,15.65644407359583,80.39139934174436,5.543586465127325,1
9.747810152346421,168.6343107174173,11277.81710273299,4.972492291124507,329.69853246003,509.17816056649724,11.667594740259247,62.0025592422184,4.591604792322718,0
,218.03806477574793,13136.466212381782,8.806807051231274,,346.9830158607516,12.925358462235089,,4.210985544148409,0
6.653352568771355,203.25006894875432,29977.133871356193,9.448548576472941,275.19052829099564,285.10441573499975,13.051639621350356,59.0444804900543,3.8723725901525414,1
6.7861068721855515,238.10288793395145,8977.693701679324,7.228674120836732,248.16937175846127,332.39352093523075,11.404437255330787,64.78177228609326,5.0085124065965125,0
8.346360669885303,233.85621218008933,21413.743078505497,8.971694137761801,338.8902995070025,219.5047771663268,17.614939003652776,47.90654577519592,3.939904526523681,1
,190.1381369388953,15377.337496516471,7.090651543342983,364.95326277892997,318.28006595054586,15.359768994455347,38.691294011493355,4.786705701072454,1
7.126595755037984,200.1856500787535,22602.951686438504,8.09664863733877,379.74894695047107,396.7735224671367,17.14815183131212,81.82608440812089,2.495384448719223,0
6.042207438205366,203.92089792652814,17886.08089716136,7.615481146487006,,353.7283840143983,10.264185531653382,80.45880481356834,3.036480355269075,0
6.924541613567584,203.06552359202976,29260.311186408973,10.321495212526223,395.6576921153355,436.2557522546715,19.79859192991144,51.0930656497662,4.337373807861432,1
5.291528975305583,198.0033698685493,24093.118909502096,7.739853932586731,295.9327074085009,460.74050939628245,16.501042710543995,70.77124113342354,3.752157164860169,0
3.945515791916226,204.15738357699948,25955.44329977013,4.800426059826066,341.4427319757154,604.0906440218697,9.460895670179344,66.17647741107206,3.4169540433020806,0
8.395884612695337,182.02021459810223,21358.58505545828,8.074996806140636,356.9506396627342,502.804329002818,14.19319763026145,72.35338846177655,3.4068383844813046,1
4.746001933888088,201.53339534402065,21666.17416256957,5.991421165740934,369.66337568248883,396.355028455141,14.595532657092864,62.96235553499644,4.7301436831083645,0
6.421991077466626,242.92790677372963,41753.96946814706,5.064253787557618,359.464691427354,518.2306679539819,5.704749119362873,52.92669688296082,4.569322363698687,0
6.971396272802626,158.71694013122823,10467.44165690228,5.971731142404575,392.57019851520687,229.7672153508748,17.616718354973518,67.69217257269746,3.4871685914394077,1
9.058739231258855,222.04394738051792,41181.123481518676,7.261500518359655,315.41496029935934,341.8549455431981,15.624658564071163,75.49123556194095,3.558167712689065,0
6.841901590615288,222.80746134474524,13832.43632640573,7.374447547579234,321.6492723466757,466.1829694623606,13.779705892453176,76.60475099945508,3.729746772397084,0
7.302251339560682,196.9767482580672,31279.837718097348,4.504816801944532,256.33261475883637,339.31070159989093,11.86544339002152,57.8530646516568,3.070465795464563,1
10.283774188957814,208.65894652528357,16888.704046982617,9.17242550225168,330.1166364920724,271.11494128556353,15.030988312778446,85.67333422209009,3.3163938547501024,0
6.975724610205618,186.96703443825464,8619.75134180443,7.830824858724747,274.163836675773,507.54070722485204,13.045895554199934,54.963709762650396,3.971100716650319,1
5.243432107541832,234.6810965996694,17156.638244772046,7.132806200005369,370.35753531327305,353.6346117667167,9.9260153213622,43.3555363911229,3.6622120018424145,1
4.333167389183187,100.09638486798728,25476.01495392559,7.112025356398614,421.78479551031376,540.0412157012559,11.930099071862202,46.538154516831455,4.349961313626269,0
7.608971792696538,194.44980626826012,16815.01363641756,8.254283288204293,,477.9338708763704,9.53943440697299,71.93076175496428,4.442098704674683,0
8.392782790649154,237.4313592002596,31422.471597732852,7.7778798360230095,313.6276138885269,373.1842970270444,16.266187998816427,64.9297092859709,4.966112938136113,0
5.763027255875441,149.76462232297305,16767.088402119916,6.857370240441734,302.38518986085046,361.21924192574477,10.495689033402867,48.95687949144109,4.263591329286979,0
7.424164959248459,211.49229711658978,38287.41657163255,10.60837036390731,380.7983765099721,486.2118592445075,12.7046835501592,76.21461588740581,4.237585077781265,0
9.29683583749867,216.81513778601848,13503.53858827093,7.725830573840872,324.17290141205825,610.1857649833681,13.150303564573987,,4.141010893672965,1
6.568741681441796,184.5918857183896,10420.22315138105,9.422576826404175,335.39864236529723,352.9707501467547,18.398189436257542,,4.011037506502553,0
2.421920296387804,230.60793362238033,31554.27911832759,4.647702025244207,308.66687003733875,536.9725641971359,18.871766185850618,77.13399520635846,3.211529845896427,0
8.562744176619534,123.26764304148122,34480.51476266547,4.027182947810722,298.9018792161475,328.0475008955595,10.873718570381298,60.372228558868734,5.195162898867093,1
8.644864744334498,126.2975446240473,22733.416716264273,9.392166197935623,,357.03112436508184,12.767727836569748,63.6549734917423,3.832571673313137,0
6.210583006166792,224.37779232860888,29728.223273531818,9.781105974533459,335.6472082029844,439.80144252804774,15.822852214457237,64.18034251264692,3.9885435020848714,1
6.99454746278757,231.63675072110658,10724.00394219525,7.18621597419366,366.5506466992375,489.69797744309926,21.159342406779533,70.29035398566897,4.551370392524547,0
5.539288727954544,213.21299513675493,22091.65828992729,8.166203870114874,,426.4583417672196,13.514387916285933,25.08462608895102,3.2613944192404642,0
,154.59643013653695,16596.09391785896,7.867231857532476,348.9441234226528,373.3646432631993,10.569125219851621,81.0604246761034,2.8544094900297803,1
8.66769968051439,250.4360098710631,6853.8919239881125,9.313431006709443,364.1507219367562,240.66161798527435,19.985552921920405,65.1102058410401,4.658077741430999,1
6.889374719556202,230.7158893115303,25675.910309179693,7.247063755663877,300.31184996746236,467.6006278328209,14.32518555821023,63.507143293113664,3.6763515723665874,1
7.623005962028255,188.9794434487401,13472.181909738265,5.528954770862494,406.3105738569899,527.7129604508445,13.121776431348406,49.550129803426266,3.732847774941412,1
6.515578360303584,182.8591242941002,9893.66054812118,6.9579358687069774,,466.43996554567383,20.676805283783278,90.41002443524556,2.943375838870987,1
,163.80660129568412,19805.820174073942,6.093985632363141,299.90117067659475,334.80671227383806,18.316246065647263,62.716780205979816,3.874690572852464,0
7.7960189569519995,175.3226046931298,26441.405454717915,7.688074105924139,,482.10727619583645,14.090195809365245,74.28664729729485,3.2469964751408544,0
4.905294029496268,223.61280767434062,22115.619728233578,6.824342461185357,347.25352778741336,436.43782032187033,9.709411578749393,76.8007213000741,4.366724159943332,1
7.117639144697438,260.15408002189804,27259.72817499739,5.948945576461722,342.71516405944965,434.04902924490955,13.364869513133447,82.95721451836779,2.3622793233515136,1
5.558021953400628,167.32946012814247,26352.60203597092,6.160931986155609,351.49990049630287,418.26529723651674,9.85294033460051,79.91205082381165,3.2083062246165728,1
,161.95723964153376,3651.6592244870553,4.489068623132265,417.4372373012593,483.51076408746576,10.646902301278663,112.0155831260434,4.331031639346773,0
5.874541866733684,189.52404990663328,30324.371109536653,8.805664816681633,310.29425263791745,389.2281806382643,13.44110213225595,76.87914258476404,3.8735003246809105,0
7.326904549525777,208.25281948948438,16908.499769739683,5.256427532650646,,459.8373107190296,12.68010104670326,71.52273278909199,4.110104924506211,1
11.64818715406836,163.88764317502603,31098.385079532854,6.076044723394063,322.2900827285295,358.01369187940765,15.869048949877067,82.43512150903788,4.687560788438981,0
6.184420827041118,190.44146629584043,13261.962096151472,6.715292591616043,320.9623993248719,474.4196979110815,12.83117891895772,75.79588603529515,3.290055067805939,1
7.852175254404112,219.27775884369896,24123.87435099468,8.258366132973652,,474.425320969093,13.757842656916857,74.15588104488334,4.219175668192703,1
2.9304701290393695,186.26221996892636,22860.241293057035,5.732020522185823,,490.3259398876613,9.543630228723764,41.865636065621,3.9687812492599925,0
7.516824097600404,149.23012772139475,14467.095761432107,6.487642346662932,314.72011229561605,363.9609098770369,18.57274657172956,25.443949402825396,3.0407152520579377,1
,177.09083916296655,31250.15716321074,8.109806771652826,335.2002303799648,385.5188233204724,10.662876833848728,82.09254417436247,4.658662032861848,1
5.093809973700894,247.53318804840973,30176.423695822068,5.977896164268438,,387.49792898509145,15.67038745610682,68.6822691418731,5.191227601238482,0
,180.96783948424255,22928.631811246505,9.103266887969406,326.267280982157,482.804388032508,10.402799995105552,95.5382119337907,2.399566480040709,1
9.449541225060527,203.4655049552477,21314.686374837223,6.963498889139505,365.33048422084283,414.1293689901934,15.18943039964486,80.27818371846075,4.010445827935034,0
6.047944445664644,225.55612282951185,6541.901523474127,7.743849452075718,,323.687055943255,11.842379572735165,36.85640805134759,4.118738787095639,1
6.615892482287532,216.8950024279462,34082.787484081666,4.463520663655727,385.8617123293422,430.5651930515155,12.220022734553737,91.61957915795557,3.0591788304915175,0
7.312046849131981,185.95260576626686,27317.85699705606,5.826347680067359,,530.0342416936941,14.643807646380521,71.35020508315976,1.4571148501047406,1
5.81930575283201,200.87319930899125,38863.91316830659,7.496625886840597,430.521244408397,615.0334538498957,20.468518502770188,64.04556417693134,2.5872828262074377,0
7.151376641217632,216.66389370591688,10401.29984048316,9.217063597737187,,369.2848354413141,7.264749976041901,77.4058072846425,5.448279593833094,0
9.019672866304287,218.49466968039525,26879.487794034525,4.869898969030372,310.1047911299645,479.9778848203051,11.027449219960523,,3.7913748029332752,1
8.643785812226437,241.7238653778778,24450.461960460103,10.822784659755369,387.6978858794744,443.1598436292715,12.73626860877284,77.88701763218522,3.4383119947696605,0
8.640920620390109,247.60561168249387,28504.85741779918,7.896676138609276,308.1113763896021,337.59457737479613,7.985421023536814,65.56162329848422,5.059331640421197,0
,191.22761107512682,40815.433069787294,9.176271787018562,372.11408275991334,522.2250627998347,9.784845458113388,106.11467188920143,2.7093490397698807,1
6.0576978479733175,215.1381041011606,11059.487977602355,9.010833854505124,306.6687701361123,376.72971229239647,14.3315225740913,50.90883509823661,4.380220509208843,1
8.235280129902229,219.9797389834861,22919.268261540186,9.365698579168592,309.3637027850243,355.7103940890279,16.088061075607133,67.5937816753151,3.8311209530732735,0
7.509303048171301,176.17379991767783,18418.043578213263,6.725763119418069,320.12828457441776,425.1186053568513,17.839091122878493,46.48188742260051,2.6809703090362444,1
4.952554136316361,214.3564845990833,22652.57008819471,6.980758918652855,324.1381964464046,313.4892395850577,10.037554579748218,63.38151506316349,2.888242783070484,0
6.174081974560311,203.2139469202258,19918.913989502955,7.204860095198349,321.78222582517395,399.2264498833124,8.264280505720569,77.38049006704699,4.101539671864805,0
7.052148570811784,146.12286378264196,48405.76330867542,4.97016253466585,273.58046772757115,223.62356473824352,15.920005968392816,81.66533529679205,3.492501855056286,0
4.910630930547131,211.6747808272538,29951.298173657393,8.623609327161098,,353.71150474249646,15.245121094862963,78.12192923726472,4.249218404978919,1
6.167537987064598,188.20417582851485,38769.62715417569,7.9554430199311605,357.8438259670313,403.16110774865757,18.510139795061978,68.5728038464582,3.0829235860774533,1
6.703673359894027,182.08716903597852,21530.19789875388,7.632324401941845,379.41718937970904,428.3372523661175,13.685471337083042,43.62855792112824,3.4046093573805547,1
9.465225188808228,255.25419032945098,27279.109499953483,5.380794743674798,387.07491074551183,410.04775816118826,17.20341525324586,63.701935465967104,3.117109301832522,1
7.104220872101795,191.85500982185994,31989.531875019573,7.031864442173165,302.014295073128,450.8547444788718,16.34904949553383,55.639035095970385,2.8750476939020935,0
7.234507732024956,245.52976197063012,320.0,8.594939322407738,377.08951696477936,367.7177984555856,17.29346409079719,85.51265676891921,4.385103277484444,0
8.555768728717975,214.87335762850958,28715.537023546673,10.09098750364368,322.9054806711855,457.4986327196271,15.970202415701317,42.45275938547887,3.1228349204099914,0
8.734061832161817,159.7184128148909,23057.292204603364,7.405546958658255,270.26527738021434,548.5582524865829,16.04472853046293,89.9296274406667,5.13363313597822,0
5.8304204297130005,161.97792002203207,10737.476839559818,6.651986912065691,402.99264297380245,335.98876276649565,6.707685026237626,68.65622887019974,4.400796596933152,0
6.634650417818546,170.8969717748623,20122.761207060325,9.512995780486056,291.942309258179,269.06380902047977,16.47026559970557,43.88398608743971,3.786887702091296,1
5.027642320280149,211.3125429174833,43464.92972473604,5.6869205654574495,357.3111038157251,327.61222377136113,12.24369784993808,60.217427172382415,4.324427283464384,0
8.157868206504858,210.0404935226469,27922.52271081558,5.648507552347316,353.73495685807876,517.5603631747852,18.82022304424579,64.37992307250269,3.479391260103042,0
,167.9914193367996,32923.94166876315,7.7020914985036955,352.1241256526712,360.91005425952187,11.094306284592527,75.91483815300738,4.23603962292865,0
,198.10145988636285,16871.787746226175,5.514461384906527,,435.02017490671176,15.639810857846868,54.19768990304374,4.448614611464208,1
6.499680808384794,165.4067850270226,16105.369466080778,7.197009032865837,,465.75770023623136,15.543887186833924,67.61406253901544,3.617068280901354,1
9.540208602418158,191.13489769734434,5710.342704464361,4.417108545250629,409.4193824661197,479.89072049772847,15.523282333845032,62.35242967464763,2.412124183465756,0
7.810004135787015,273.0025560606708,28843.167782447417,6.792547997181862,377.0749626088281,363.635316904697,15.068845463472467,67.28377370185301,3.387789079603557,0
3.8014132822673177,183.5791612861472,11305.854340085085,5.754973282295678,361.5415843987921,335.9570568656035,13.217264524248913,36.64018582326325,3.63538221252352,1
4.756350289247292,260.9988489695096,10157.604238181804,5.047828729140769,276.3490456373123,361.0739922596152,15.384282699713193,72.32311549191618,4.36098804350732,0
7.8620889598931045,178.16732607057008,12351.125217407096,8.151958653135107,269.67180763222035,363.23045613425734,12.817512528797813,78.0634860586033,4.5197301651620965,1
,180.3175729651674,27588.368958735788,7.344371319085147,297.3655027336605,413.6619090587843,12.749916210384976,76.190632029985,3.064392410421566,1
4.858763665317076,158.2970203616063,21429.460684167887,4.730714562135605,,390.4169600720346,16.154785931446142,70.58013055922048,3.523943957209342,0
6.275811161819918,239.1195423508713,15561.185797237657,8.323023509052684,349.9029698373763,341.4958148308486,11.881645510024104,63.57092710455373,2.927875873012507,0
,169.63343470936158,30131.63662657017,6.507984174342059,321.54948805430814,426.8184919076643,19.99242401434286,78.69006841023023,3.671832761883707,1
6.501120550106929,170.1237191116578,22620.81651922762,10.047523871415521,296.80660178957703,344.3023251567206,18.166414452629606,31.654217317297523,2.981625369281237,0
4.306233057855147,181.3801889584155,5048.763183840045,7.685153287721332,,431.95022586508463,13.747669624628049,83.48254598654573,2.547729317916569,0
7.428508667910069,162.5394664487419,22149.04667190558,6.41882080221784,318.2889470789217,408.9855025901185,10.635320351113458,95.4347463074226,4.741684647413311,1
7.739062465542041,184.83992838348726,11729.655468603163,7.354317339134868,,413.769765096137,10.87550587813987,63.84820290626705,4.192956384887224,1
,238.9932717356574,12579.815560020972,6.4483060728061155,359.71924781307797,462.1251500890662,15.918898584983065,69.07164817659968,4.044104457464218,1
7.24132921404701,152.7235260592646,4305.211765472501,6.797096262805038,374.29455715476377,613.7832365925817,10.96782043383948,50.407567326681026,3.7749052165726926,1
5.441048466321073,197.86707939358564,32116.76828186861,5.138749042764005,342.3901914308148,457.8230770573371,20.203017648267377,35.79628144910734,4.776267232660065,0
8.442555966569016,148.4980211992817,19035.68136323174,8.07861831436343,365.0385144783081,492.7545378253787,12.632315494754922,38.13739987685886,3.1186545127781247,0
,229.48462092031104,16522.766553398702,5.382446716616952,,329.7347489165249,15.77792543299917,77.24588485267174,3.528028825334463,1
6.951796015345797,179.88251416826844,25508.982295178143,7.628193230084663,215.535679464124,382.0448457585324,11.037238875619158,58.078399715071946,2.1209962725380165,0
6.566824231041807,216.17692486857666,14832.483103944793,5.5422857715158225,374.8774964571124,436.2558824579796,16.368390061513804,85.39530824629544,3.325939661736667,0
7.736247000963238,212.42998619885077,18567.477935473937,7.71012329744124,292.86210049861666,413.6472999379315,14.700029502367006,48.10250652381235,4.605103618199151,1
4.668741577454949,190.8316183632987,16064.59927286699,3.6984467175083844,319.0582354510301,475.30929096242846,14.585109046868409,89.36501413085564,4.668850010114456,0
7.9941126097230155,207.69810596835043,17678.04248661212,9.199115756803668,248.13490397976153,435.24848134374855,15.094784674174093,77.84457046519499,3.455384470195586,0
8.882394296801191,208.94763263186576,26529.258357828046,4.743144701416358,345.6688571279139,405.16877990026416,15.914261876578893,78.56895921407518,3.405765941083195,0
,202.91269901328187,12325.057249643678,5.045219729854613,349.37307538200594,368.7009774552837,13.728532053314751,46.26746771469051,3.873379949188931,0
11.084458045782153,214.80828722170705,11168.096823786316,7.145996858269328,,391.0805519161255,13.898112543724636,91.31499188419484,3.9786778304079307,0
5.947895827095542,157.93178403884636,25083.674668175147,7.297071252411477,343.21478787125443,439.61563981445477,16.46328404564354,88.83178788682235,3.665057085067837,0
8.623148680668356,204.4080411903881,22552.521357097663,6.826327382631966,382.1609713506963,339.8078578134581,10.617355199576107,44.616999283347596,5.409556393109476,0
7.4690596851489515,181.456638290252,32453.08789550376,7.449620808933804,377.4352296358122,429.63191804207617,14.194155853207294,64.63518006449361,3.3626436261911627,1
8.057531748763942,165.81516322251127,16365.557531367655,8.311092247615735,331.6742300892902,451.15712835322984,13.798181433769978,62.70086869654984,4.456956547254711,1
6.886159807701535,200.03208260617137,23327.855095024228,4.083886358182275,349.69220197954263,292.21152952437603,7.6667634638968964,98.87353601736544,4.382863562563659,0
,212.09276759112538,20579.56670463845,9.173679171623974,351.6302436032083,490.2533288232613,18.72280880099847,70.30217535869,4.226122837191719,1
9.250929966968933,151.37700867618594,23696.41384020366,6.768129287677382,312.9387499770305,365.2196235103884,20.637838652932814,,2.824172348410163,0
6.015188509765927,120.0006134940407,4332.804122987214,4.800802230864541,,550.163233817197,19.767946053490626,70.92428129114201,4.8929527618565745,0
8.636696308374274,233.06141683729712,28264.722386097113,8.889395090485973,353.9126840392047,399.23782930635076,14.036814424901294,70.585117123675,4.981898655472758,1
5.9696756102871085,226.46801284073194,40537.13245822716,4.947035119798045,371.03414126523455,415.3692955363409,17.897209170566708,103.8923766963137,3.503853919321464,0
,183.61126509969498,14807.794797099154,8.132931573842741,335.6976970628457,350.95672719423874,13.07910043876849,44.31686874195226,2.809020228707936,1
9.405669752856765,208.2376486861508,31542.22319579729,8.709707681811675,269.4300482709508,355.5585350517528,16.1017099970217,40.28827573885284,2.8364718407760234,0
6.259495774650686,240.73915789448267,26701.296257016053,6.40078517323331,312.85665843010986,564.2094539807855,15.583493439218888,74.0536953364831,3.4397537173371946,1
,161.5651327875157,22266.26113157584,10.158080171020517,383.491649150381,475.63509543791525,16.62992378174867,67.60931977662567,5.0070223226046835,0
6.171873487407849,208.02790949766214,15511.50778765057,5.834860860435756,,474.6040517540508,14.518584406283063,43.77403077930031,3.3569845648326244,1
6.102125763327775,202.24313009771285,45486.531449444556,5.227943187106073,336.457637353521,495.28191409100737,16.683171304710203,71.376653263375,3.8333304671374546,0
7.4452668379235725,209.97331520396824,20435.843578180647,8.38937777696478,326.23451638964724,444.967514692334,11.143372429123527,49.43435774782308,4.783107167321263,1
6.693793030549465,210.41210210178863,17879.307269342982,5.986668470804764,302.2847168764551,413.7416466934727,21.412430012926855,50.37009396271131,2.4481398478172305,0
7.051369898850354,197.90780976898358,7605.834636442245,5.7443748367266725,349.76172069457317,498.0221493176334,22.671314074526226,61.047969183760046,3.904330417457419,0
7.58094391350021,180.02257156516035,17170.46248848647,8.573364109051791,341.5071789592527,367.55732836410533,11.623208484741465,61.46091250958451,2.9287450095674092,1
6.099347691293118,175.13271335087944,21297.83885589961,6.420102835846831,343.1455509052595,459.6346282134906,16.237287040508274,71.05764972030963,3.396672128383427,0
7.087935769320063,181.48895426229996,20809.03225352438,6.238732926609714,,392.4101732965933,11.58245007988185,67.72782560746636,3.4021408904596635,1
6.564801465061955,207.2054290541935,15067.42992885194,7.867475757941903,372.4244133333913,443.404796616365,14.519668380798795,,3.2555288257618806,1
5.233398172995931,150.92728209427807,18541.95918444059,7.883263389146299,370.5912587962861,435.4472508916276,17.943971500070326,76.79227590703056,3.3140268901389147,0
7.585911853607087,159.84506098582426,16316.439832640255,8.193522146490434,,367.6412516560416,18.421162583140493,41.187689221805854,3.6067379335856855,1
6.641412846185188,185.30368330233068,17241.92776188512,4.225029347575318,313.23460545238277,377.99783157869837,17.189722156690156,65.46932889257329,4.960814562398222,0
7.222081956940126,175.56383131060437,25063.461359696128,5.34296959931029,360.3085108160774,390.55441879420096,11.34379377260531,50.637912831374095,4.368930597713451,1
6.957167021846612,196.02062005478226,33513.07517111235,6.7097165506930025,336.11736471001,419.98698803627667,17.151495933157292,82.64012555688683,3.7814002068873185,0
7.036212373104095,190.98481233620228,21344.657705635767,4.939715962213025,,640.5084530055251,10.979209045731109,51.109797876774664,3.875161347958079,0
5.6768034041439615,200.46511883136304,25076.011062595247,8.295794453697486,336.89819670982087,494.85639168569253,11.6484126722672,97.87031443485552,3.5172178554696747,1
9.243017589755526,221.75632903710823,12676.26153688347,6.952763972827418,297.12651240126183,475.283721304857,11.688990178634405,80.87841912991139,3.2827047250985353,1
4.79493486743457,174.6816746091815,28668.97403250866,7.832018726977684,368.08186056193983,456.5055623864478,13.210765543216292,55.10569896740861,2.629383283258685,0
9.15822827890693,174.60282309759506,34807.98401675469,5.184049752533778,254.72884573796074,312.2233647044767,15.857286661025613,,3.9119001401997933,1
11.903934523602402,249.30640769086526,17415.327111889397,5.452386003004156,,561.1275928466933,12.869593253465498,79.45901624526245,3.119165503980088,0
5.031615561019386,215.30671658672566,19814.82855103289,10.37045104687214,353.1501581740221,354.61639391848246,13.816542233962092,52.16963252328249,3.866595745354768,0
4.463241585522434,140.5111083299689,15150.396209306287,8.359515511756717,355.71906389317684,500.4350382202206,12.23526709251399,40.882923998751195,3.9753316802108847,0
8.222058141002192,135.56714172766348,26746.863001750768,7.889623565904774,359.65162551973833,395.70147270772344,14.335862241144353,88.286317188656,2.6406766473881556,0
3.1611842632070273,195.24913424582638,33719.416313882255,8.658213136918592,362.6199463381629,432.5428669836372,9.659884912476821,66.82041620099025,4.352305265389182,0
6.47650696204961,155.05407847938181,35175.69882918594,7.365835592077811,307.55310395012873,426.8940843650788,16.24795802281756,88.92338831859117,3.681669116581541,0
,186.05542421400298,23929.17220772546,6.356711786957418,313.14920437195485,272.0162497694646,13.79731502882136,99.0155041382003,5.559086052954464,1
7.368431843817657,174.23804404005924,16946.36659031809,9.063274647661075,318.1925443858976,338.16697990213095,12.779493724720428,75.58119332065442,5.262949178154029,1
4.839516355695418,192.95392409001994,19488.150043899004,7.26765796809314,321.04280382520875,504.4222948388265,11.757708985852167,51.658647908839754,3.7026993022813306,1
4.2014738364761435,172.76398864251763,28515.55606667247,8.029888413945047,282.1627498729894,430.3628961925769,11.68871091514359,70.53179205243862,4.554002318083635,0
8.517047223024575,258.4484279350347,14721.157327731677,9.62980782869457,,226.25012699313578,18.542433995287702,86.85978088913659,2.951148830254354,0
7.571998779798666,239.9064082155257,26884.535186420573,7.429674638084114,,342.2808431376729,19.00152777328523,62.4433425982506,3.000690321202353,1
7.132093813320125,176.66744812569846,24896.69247292475,8.506927394023455,336.1780444566646,231.87295856387075,16.358799742994446,60.80153718522708,2.5540744542948017,1
8.129782327201925,209.85637369452502,31564.373961970457,7.8282401595805595,,435.82212804061015,15.099043683383497,76.08241395689015,3.816217751035427,0
4.858677763153651,143.96578577198275,10137.414343476463,6.497112821873634,270.1712748206726,426.20224073762154,10.863201524335006,50.368466917677125,3.632776675264028,1
7.372305523806192,206.2218626439313,18042.266521925656,7.282804978006367,,569.9304763169257,15.862486577104079,66.42736873229558,3.1696268601841577,1
5.018424929535414,202.9344505485412,35629.0020995346,8.472794747926256,350.03308096960257,408.04965521616396,16.897360524580844,38.27430533685236,4.897496951652846,1
,196.91107079297313,14187.265339987182,5.333743650165559,,445.04196531338766,17.9051758280183,58.849021289718586,2.7921355273641515,1
7.086649542669597,188.4951884933357,19334.218323097975,7.957496483388444,342.61748675771855,492.5212807714305,13.266871495781913,84.52846154474537,2.8884654293605747,1
6.1317524491165365,211.68340089422009,26618.667089231574,7.533091693921221,254.44599834511882,465.3553815000484,9.915056582871877,74.18572218855988,4.168004351997701,0
6.163340447292281,210.05700701102015,16567.64492729536,6.795794385552119,291.63128807516557,462.0796893617851,16.753062632908435,54.059788600654926,3.3853767165934876,1
8.735357917989301,194.13550195234131,22425.917951240444,10.052206043181648,347.8304909271584,423.1877629991868,9.911716326201354,41.61096175778304,3.563207709592639,1
,213.0700377209413,33876.81039678799,8.220005825154153,317.5987198845858,434.3890136264338,12.070762883194845,60.41697599413399,3.1680450467901258,0
9.193971168037647,196.16085511375454,18595.654845280573,8.507192457359828,,481.1536010788238,12.195738830399664,83.63619322297667,4.695619506366054,0
6.59098742293539,244.63355504904013,20480.466939296897,6.287988493419884,,414.07441672663305,14.219731553149217,69.99569185772779,5.345580537483988,0
7.895828742354158,215.30982292125162,43025.836086425654,5.597966520262091,344.90956604323134,426.995119799977,13.849995328090865,70.28509781957389,3.0922310801758366,1
6.351728918415182,200.78585529450572,21628.58576768901,4.666447944687935,,530.7877222579375,22.19083001870343,89.85904205339607,4.151576864153853,1
,119.46131757445066,20352.21436698957,7.164311720328846,333.2047304226588,326.3043728499137,17.54365336965814,63.85832006379024,4.2125416069151855,0
8.531779482797935,172.31846654817218,320.0,8.821826457718274,308.3503589558964,413.2861177833799,14.613877516277102,71.07358777621862,5.162200257807115,0
7.030053686828249,175.62124027572216,17413.201630559197,11.349311846192847,355.1233421294794,305.6445262310218,14.627882005529733,85.01026956037163,3.352972542020855,0
6.324477036231109,213.20827825159913,34303.30923989954,8.686627100781877,358.3238302676213,519.9975676474302,16.270863809428157,88.85905603749528,3.311322455089155,1
7.6337007807277235,139.7424276320537,14034.857672266666,5.822802572714171,333.1660814094755,475.7843545298902,13.921660624595587,62.04063271855704,5.320412008692001,1
5.648230147489623,234.1450428995799,32440.243111370954,6.168475534041848,342.6065001405281,470.5172383024055,18.041781466699025,52.246858684317395,5.4185905051635235,1
6.672265985482889,151.1308430504078,23175.343607659073,7.675381231917436,,511.3441466579509,16.281266822254366,,4.749285887761685,0
,231.28425345331567,12910.09598240027,7.274478453673666,296.9074959505345,504.4933027833145,20.610292326249855,59.28616356414221,4.264132772100214,0
,222.73462037008218,22778.440691024414,6.753844239174319,370.45525342259583,529.0630576506795,14.341071303842861,93.74204241126938,2.395834526552324,0
6.8560825789749185,126.86180609990812,49758.94662653109,9.004341201651448,354.66618748904284,404.408929504087,15.99517730036104,90.70974184419072,4.0406921723027205,0
6.8602333239074795,201.81086581166835,31206.17456606658,6.913640424231809,,549.1177874852165,9.50915511225168,82.13057412030909,3.801887597818653,1
,177.24371800970724,9728.768764596762,5.998756605035286,,459.3810902648671,11.142404941382903,69.53597182405782,2.4604467024755046,1
5.748627677497434,233.2281677620311,12622.525158014174,5.627882863747917,386.74182332048946,388.543745021115,8.903595794913329,79.31388276370186,3.9109890041637247,1
7.666774475222621,191.59235659136849,14572.724321660504,9.363992054204703,,451.58058759588437,11.393146813339229,68.65074463379852,4.1462801114598555,1
,242.13364545226904,15423.540206850335,8.195870460592772,321.90528714759546,208.86449204895501,20.266596362167586,71.28662985779245,4.842272166070378,0
6.966877041625777,167.25222552842177,21264.127015478876,8.069236241892863,316.69079425470983,487.6609557750799,15.771306403685289,84.3195787286815,4.193408507147534,1
6.293050199809965,203.06327367445925,19662.91132669731,7.057884752818049,275.78982033109344,340.31741082325834,14.809914112101008,38.262453886057486,3.265288417429662,1
8.458448551699876,200.61321300375275,22169.882232178887,7.655236928402791,311.07675819728945,510.5535395260115,13.6231297508958,69.90560962975928,3.501649884107877,1
8.356676456835574,163.4041400139722,37241.10826499536,11.23286574511415,,487.715365280517,17.960578774013005,75.00696094427295,4.951983955604296,0
,266.9180759797901,25860.111219985556,5.972919928547398,370.78081695251313,469.94126512605675,18.72455482094493,52.646894725327755,4.492858484845942,0
4.585936198639151,205.60349680761317,23735.982293727324,5.531281060864403,263.0799706756097,362.1751379577447,10.438818152230688,69.75762912293733,4.832283215744753,0
7.789449198494395,213.7677390751968,35560.27850213952,8.224459238771047,352.713258743626,339.9757974919404,8.116375084598644,49.382519214770824,3.6706562800307276,1
,144.05077216324855,29678.01425650286,7.158814943313772,,336.35382881458236,21.500392074014133,53.93405891389136,3.9846825769323666,0
7.494204822847699,271.6205501052998,12278.224025840664,4.610901450194023,350.679948459708,541.3658358857381,12.173874916588979,58.88583290503491,3.977231026691896,0
8.087583782069606,242.68323850685096,25908.289033481506,7.347803715774466,,472.54302889368665,10.942850900573582,55.600800588911866,3.0777883921907625,1
4.908772694991249,203.51733176209143,11845.961469883037,8.844094529561987,316.7318187675238,481.8432334868854,15.817435067684833,72.17777266887234,4.0342122091708,1
7.807687346469091,162.68298987239066,32273.775111643095,5.851377995557496,273.04975075542836,471.3666678690759,20.80257844766433,62.39424123531099,3.904593273016327,0
7.838608918307153,175.8353919003311,18508.13074837892,5.2250768319392,478.6287384782364,443.1231637914723,9.425886046822463,53.58969792320936,4.257760143985051,0
6.7062082265253835,153.4644594172501,20006.973001458366,6.233762873590875,,432.6235434713577,6.6951655228769935,84.41687006139372,4.32551857008888,1
6.751943340591384,233.4643449786305,16366.266366038619,5.140293185385091,362.3813178059464,430.319141716163,17.167941212909653,85.0651707993708,3.3516576533257694,0
7.154915226024623,171.73180915687192,9081.575477078606,7.86754627811383,373.2701478623612,311.69491587148667,18.978439532027604,86.00083607472659,3.494300075705431,1
6.112072819672216,235.66652591699477,16959.881564640975,3.6455317602821613,,498.0133207794752,11.137005288010702,90.80369073198733,4.368548294640038,0
8.993925872943883,224.75778929660865,30135.17229574408,7.5250347313953885,308.7675592029996,504.8852729275168,11.64621293932898,69.16876313372168,3.5748206347407936,1
7.691074886415321,164.67163069042877,29084.175749876038,7.833166809784115,329.99180439046535,427.8259997132566,22.626530885287053,70.41418327954428,5.179053000876782,0
6.723042274582124,253.45266577568884,26429.617167489258,6.796079892427761,297.1705320294145,400.26351846876133,13.629598003188464,55.9749026641243,3.3767175141436843,0
8.341859724688852,194.45597269475755,37071.27535276902,5.728306656899225,303.8156280422137,355.7160938947269,21.479361397457495,100.71371837406184,4.893039145468852,1
7.496647613395612,175.63295960278347,14019.482734708687,4.62004590185297,,404.8141092573827,10.707098135690336,66.25164508691972,4.425322752106693,0
7.556210659239823,214.2650918432196,11805.350815661483,5.758147847660606,,371.45293145652107,15.809324690645447,62.69997490634591,4.093857218000711,0
5.675687742573689,167.6251800354088,23292.331323684753,6.388941101373488,,343.1599914230845,17.504659569593237,61.19746484097558,5.088271647104152,0
8.216124930259792,270.9110900592507,17421.096406710276,8.459081874810465,,594.3861245904827,13.639252693239508,66.01774327331005,5.329530954555106,1
4.647327095578206,188.16322323702497,27816.120279267954,5.396967851181189,289.7328600797364,466.4146762977038,14.866307655535723,85.28742108690308,3.2279093131059766,1
7.081086839710477,188.07641543691832,33511.69069487763,8.153538540459634,,480.07682845880817,6.593973915176636,94.4281980147803,4.578733779409426,1
6.487654144340923,226.63401885066958,38539.13715478836,5.580163975144382,452.015371354384,346.97216420656883,8.061347143670142,62.34781320833959,3.648868857590766,0
4.853340810334522,189.50737225698262,26719.430108495402,4.578518872412893,371.2430425968839,444.27281806918705,16.05503974942928,64.46855325631958,3.2439929797086444,0
5.4207333088415774,205.6039374084832,40930.24120149172,9.991451270986204,,393.3149360500798,21.552902245626985,65.31249764666597,3.691578863351604,0
9.244662714215217,237.62651571207658,34474.47823397102,4.517540407314949,355.18440370854466,598.3916716817955,10.433952386032967,91.68238460173419,5.542009851094075,0
7.147791493562483,225.17401735090442,38470.092519359576,8.111206609378376,332.62317530938645,294.73308223431616,15.109891440264068,37.539308626998974,6.261201562638193,0
5.908943279398729,225.01060517849731,12914.942549524781,5.286260928562653,,605.8138509597018,18.953167508649706,75.32961404549505,3.272495910279041,0
7.817440616204381,157.2787139224127,28257.173117181876,3.432158803558934,,534.588522551198,14.153248193636582,86.08112739894936,4.233892772739288,0
8.210380434542552,212.61172603783606,13420.61683985233,7.004165411471867,,356.6868110945028,14.236481100375723,71.0766733052902,3.2034064042022745,1
9.60151745450468,166.75254231606732,7496.842255492298,8.479149936211172,365.69209153465687,539.462910647636,14.652857868032498,66.59915985166148,4.333519983748677,0
9.335040962814105,152.6504757077691,36563.229159910836,4.8729891495957744,288.96468322972083,453.58279589343135,19.56722393719855,84.29946120450798,2.926206389529969,0
6.750213532053833,170.731083212226,438.8196113571794,7.122011493243232,,492.21014443375896,16.054683970415347,44.70574877736935,3.325283955746312,1
5.768393555344452,165.84966846719436,13093.065001546503,8.246868054016968,347.53623345987245,462.73268953262186,15.289625707163632,72.31148864438477,4.789596148328125,0
5.242469021446865,224.7788430893829,20970.01172958519,6.68896988193711,343.96728180088803,459.09825143042417,18.062248886733684,60.665638379758676,3.895172724302869,1
5.715088034132913,154.65216638804483,33781.39997363986,6.204870964906498,358.73730479492014,462.63295963985473,12.599952612230393,63.54074439252853,5.663393480481663,1
,162.74690855649732,27858.577535249417,4.094741018494996,,435.2493719494111,14.278970633797972,63.086553655244394,3.673541594256349,1
7.143342613777295,168.50941111480884,20761.248810319627,8.056007453938363,406.96638812449214,344.3818110139425,14.92789953253621,96.2862684394161,2.66151984356169,0
7.5758213686379765,215.33909912689586,20334.55471916473,5.925561155614542,300.2562460285296,397.1008994711328,13.209043815665819,67.7826528594285,4.812636100226337,1
4.4783961226525655,181.30797531924884,16669.881607789444,7.656002318131663,,402.2581211090687,16.00617520079505,46.3133821571607,4.403622027542027,0
6.393904723563797,213.43114844540884,38065.29011081655,5.785052375600239,296.3334300586206,453.9725831733707,16.776291693987005,,3.9156662127856934,0
7.809606865765228,189.0199165637564,30609.2985230116,8.843282653254542,332.88787980618207,419.2187075240898,17.001036584077198,37.33875596352546,4.958027817905311,0
6.366479557004227,193.01502196360696,29844.745162315874,5.769319497671272,291.45121778930877,523.7145718052421,15.440784986065923,31.591177607172675,3.9896683949595406,1
3.480593494454014,243.00617843845987,29682.70429671725,7.155540055646293,318.42119653329144,346.39001539257134,12.38856921847782,84.00693265866057,5.037592897377116,0
,116.8299989591299,22925.63210730461,7.342200465978079,463.63636115061433,322.5545600482558,21.174604639604734,44.90357192897796,4.696238751470955,0
6.732091552128666,212.84563120191734,20481.525971510957,8.379483649997345,,351.1371370955217,14.844896974452952,83.20275101946325,4.592706761464358,1
8.523111654852494,178.449909739558,28016.218422057325,4.651538073984691,372.44876838088857,339.81251501329825,13.624543137152527,54.08804442883856,2.59620961737349,0
8.311463549436297,194.76618464605235,7485.072937765281,6.309771935299398,,535.6651235114786,9.477921078788532,97.93397834037253,3.651199866763845,0
5.283550992615975,179.0422831797962,25525.517773387677,6.801417093524997,376.2082189018609,305.7558880452739,11.329566038474256,74.4979330295552,3.306915512887302,0
5.52111863567928,251.50108369386913,30012.55291553206,8.756466745559582,311.05698119167636,613.9711918166538,12.31611808644299,82.08628061524743,4.68710328103434,0
6.069719309103047,154.41575261181592,20141.1887888688,8.518127176051127,346.26981212100355,445.06808558476456,15.994005958205554,72.71560651586121,5.339887036283818,0
,197.91077294026775,23961.55402896818,7.264215910210458,362.66272522080067,425.75413310674537,13.288827322486485,80.5845284884133,3.7449314048743143,0
8.13123349661217,186.01351766402422,18122.458674393412,9.65315644222846,412.33402636337365,310.6991618429018,15.389378377230319,74.71341325692588,4.6019008199684555,1
6.408879816587765,141.11490312401912,10125.843964215244,5.3460734960155145,456.339940665926,474.52444568526965,9.626950352827569,68.44348128700224,5.233767573939602,0
8.646315148622147,165.30356403438464,8536.532787432592,8.78147270837323,,403.045174110155,19.27505805299401,58.87607124184005,4.317513020045913,0
5.439857771261188,181.12401101059862,11101.170479686654,5.505927370240928,350.2280277408093,439.37388263305684,15.18524557336854,,5.052789049878557,1
5.785578693150123,166.46672378604688,28955.211630728896,9.057480701109213,304.3216812585695,489.87132286430244,15.29941660610407,97.34669391851403,2.4237343109321077,0
8.370374950173575,156.67690188463973,27800.034143756744,6.794130203590005,282.00374616238804,418.95495364308573,14.985954320707588,68.7389612618917,3.1253702547149,1
5.0922769857103445,185.2548067923247,16668.38467193597,3.5529126498858465,281.4960875330073,522.9084796786592,13.418350814938394,,3.805011568752688,0
4.772432407077206,220.23534660761607,15755.989775742524,8.191267178853451,,464.64080911384485,11.800244682525664,63.690320824380485,6.239196536335896,0
8.692752621923603,185.50487780926494,20204.132268915328,8.326227791151325,353.97516598564755,341.04478187835304,15.50743104169629,74.79020456121484,3.352313014484806,0
5.643128672247494,235.24491680655314,5720.829740586934,6.173813907369411,331.1286130338986,247.37748509866736,11.166836465081877,95.89390340424319,4.439147802957669,0
7.123516232540305,162.57847760692258,26515.77047161369,6.318858716730172,381.0230255916954,437.51579953114884,15.568466027678092,49.275049071667624,4.72694960857044,0
6.214625873048752,153.68272088342917,11086.91517372893,6.678773024196174,303.25334976421743,438.7134418198235,14.09599331652724,74.96269242791412,1.9987424966051357,0
4.6149625211769365,264.9220892002397,33218.13097452527,3.677241918535339,284.13777819706075,579.8521746541769,16.642067386399642,61.08453455772336,5.507469026942179,0
,174.4714655317071,17079.755674182743,2.929962105738256,,410.38522879473135,16.977516959740733,47.6915541065703,4.659341700128622,0
7.97838599735447,151.61807975247442,21920.360184610334,9.162763584821661,340.611920576662,451.0828611584824,13.420226943092352,90.40322156735468,2.8245546079352897,0
4.726033093421966,136.52811203798592,22834.719480307896,5.549084965402019,,484.50564167855083,15.744506767622982,51.60193911833268,4.353192158228409,0
8.356403023316481,235.12862088331286,25047.017686317264,10.103948986279818,270.04377167698203,462.61287404196327,12.975840558979124,84.10916925907252,4.34844485516932,0
5.370502341340147,185.55434198689792,23140.53227296451,9.279683061936154,,490.04733472083547,18.97466437418332,41.01097938189092,3.9398246385273072,0
8.054786591496194,200.63825329298268,32629.07320699958,7.411610270361837,,420.510528615092,11.70455155260062,50.183574362056305,3.9229279201487564,1
7.855229621418086,191.9279400944676,25956.046482385198,5.844491780805837,282.97663648013196,338.96159429730176,13.813957953577397,77.4101694205352,3.9942221553205544,0
6.4588299876795645,214.52897036338325,15125.439981493011,8.178331629876482,326.4289319015516,275.04229962922943,15.852177188248426,58.16664367476208,4.145578708395982,1
5.357951702961168,191.46056716177867,8198.485705902725,8.607674889204887,316.7849009000403,428.93031555861864,17.82745660662158,64.4113562179215,3.6074607225086406,1
6.333556508181434,279.5418822591419,26722.583934556726,6.19102696384005,284.7518004462271,416.7148940077588,21.4145728352727,84.35503550056028,4.056959525694908,0
8.055254434633598,174.5377560592865,19630.63043806772,7.964829739126146,,517.7926334657293,10.824581619277748,79.07866488828206,3.7774550725349902,1
4.9402197503297,229.57045916885778,22365.643862036053,7.59415125734542,302.67591458525,470.3440276273759,20.484124467324243,,4.059372163506513,1
3.606572732625451,225.68339502665424,31377.85222315412,6.607147353231112,382.43684610905285,397.9992905127312,12.88084882267393,73.7911676630728,3.2521599508007943,0
8.00874061088431,196.22434379096867,24381.671809948497,4.7494843483026195,402.2801741267475,335.7190765513252,18.284579984916615,80.14475234086098,4.003025186934556,0
7.422210644195897,162.73048549275336,17107.3500291621,7.544799053267519,336.64544502144815,480.57014263155594,16.791273094762442,102.4594813995935,4.184879349844646,1
7.710533837021007,205.09749136377104,20195.25515697434,7.323469280038632,280.27075452245117,459.5522683777674,12.655975910326319,62.138853334739345,3.5821006949137564,1
6.460748966091958,215.35345559225456,25742.969304260587,7.555687132127512,,491.617283838298,21.990035275806587,50.98075173772414,2.0663863384434737,0
,177.45948831557155,31473.426271401255,5.435601464399585,339.75504632068663,435.2317002425896,11.245340023218166,51.98022512331758,3.714754887710053,0
8.147791682985668,203.32186030827296,48430.38960874531,7.446829436279658,426.2965900655717,458.5115958901853,16.334553145127177,58.708130682579075,4.694087424582923,0
3.250180910992473,240.76717423908588,31832.761888835154,7.182638213579354,391.76847219724203,307.0373548539301,15.481053608276873,76.44052023548427,5.052956721649665,0
6.2728086656750115,191.2000791795701,22451.67205554031,8.831332801235082,,474.72161532611574,18.81630309848604,51.77915960586586,4.076920220988861,1
6.301357116270226,227.40292621222974,15741.092334288162,5.841575989443819,348.34862358280486,492.9305769812325,13.53132776855175,62.82592541946423,2.9876811488753,0
8.16565235502489,262.6965890233099,43762.35930679519,4.68325468673985,304.7052800961095,418.4362550441848,12.486330448346356,66.57962857961834,3.9231352583925743,0
7.74147038318221,169.2767271135835,21782.611934818142,6.273476801109432,333.7837244170315,382.6017877426791,15.083830447277641,62.63854759665349,4.67513815261108,1
6.489589691742508,222.0658788220753,23237.134639803855,8.021520057977625,341.49436372571137,503.2162863987792,12.949500413201816,77.92679557200881,5.615718036247248,0
4.367440568212821,244.34818280034452,13964.164332235094,8.659743810203254,341.62791097401146,389.1239830588317,6.572430876937826,43.25006465394515,3.7324470528358953,0
9.200668933861365,199.45643710777918,24196.374728125647,6.192323249048317,349.1647502290458,384.8711634247776,17.168342548602038,82.3536622225594,4.720669327463771,1
9.02788634605471,185.94800838124092,19801.514250033673,7.1706738406214665,289.57529780299035,325.7712930611587,10.624884008028266,35.93168244092906,3.9766648096299986,1
7.094425417763102,258.32666666423376,15673.667599455133,7.784121457233159,,432.64832784884345,10.835312877062545,,4.017942069598931,0
5.268032618722273,163.3715400474571,13656.807342513106,3.831029804231183,291.0375681592313,417.30749725791054,15.013355176072865,67.81082737390668,4.928745661103913,0
8.624389094664036,150.56044885705012,25626.276302260423,5.055106102099654,292.6977258680007,529.3579910582878,11.924172998670553,86.7141374983326,3.129035392510976,0
8.094382113297183,250.97935507738288,23206.696808900164,5.593782707351766,,340.32810171969794,14.352307748779198,54.133110075302724,4.122996848287875,0
5.0530544804478765,239.38671287431535,30455.41399843437,6.177237081679004,,350.8368776712572,21.870767133907695,71.22524055576241,4.465967247268926,0
,212.62420853943192,27832.10995277024,5.454517344900738,,332.18214036076023,18.671808750335703,72.68267839852871,1.9033263929063953,0
8.695078021785971,195.90012358739602,20366.780791328674,7.515772112926269,334.72389681155664,455.5855108897712,16.511072597710573,64.08089608626092,3.4902235843274423,0
9.027402076606009,182.15164230382564,17797.025321755427,7.088460298586821,,293.33919849487177,20.651378264443345,57.076180421037435,3.5466607005850626,0
6.780391844442979,207.3682105833168,21328.532235650728,9.317869972577341,364.3403455259482,481.73178103676486,14.25320786658444,55.110340928236546,4.09529256584488,0
,252.79324350905424,17733.736210757786,11.155390567091356,319.56798511838554,342.5705847313145,14.287813418388527,60.73326211671342,3.7956860978329665,0
9.109092879746273,205.84981441497266,21602.20109819619,4.803154591747664,304.2767617950097,355.8325041403751,10.910972694368997,80.19209861456439,4.2927660909630685,0
4.721711094634407,273.3435743536438,22951.25654329831,7.200418863746357,370.45147253017404,566.9286965792724,18.845727579141503,61.77992710562103,3.857728062213064,0
7.68944272365781,166.07203050259193,14539.035780903476,7.197393992951857,348.4664361063,522.3041174817414,21.15377483683991,66.13446609964977,4.99087711798516,0
8.699542686356,206.05492760517117,21578.883119267077,7.081722318977589,280.70071755317497,444.1151924447662,16.550557434061634,52.56783475415637,4.397861732789483,1
8.817677290067286,184.44294663176296,19392.065026879034,5.105798229358648,309.0826413281298,311.1838335049565,19.339512715005345,59.830940857503165,2.819541204574053,0
7.153176576746947,227.1442779076368,23752.000850440287,7.146320848698297,371.0701678358399,353.4694847097105,13.335326908688021,60.15480972835235,2.635403403973429,1
6.698508545080932,161.70749616335178,26584.667719341345,7.120956287925375,,444.6876638381757,11.44396605226233,58.60103828201679,3.455116013268883,1
7.784542961439949,212.10652555811538,25028.775040906636,5.342904875377698,369.5127010763355,440.54922104686256,14.145233132661508,85.35420129825577,3.4736020878462175,0
4.6982035858885265,215.84805629832104,23563.95143828239,7.220762352683913,389.61144022306354,495.69050283625097,22.51029167919133,57.839930353672145,4.279471646240917,0
9.464329917739038,273.46582626305945,26683.48665712105,6.531885366272472,274.84100757492047,257.0796978571857,20.387611475745793,97.41819101343305,3.7385445704621394,0
9.692241479569914,213.75636144032458,31064.784350694867,7.19081843530618,281.06393880873105,366.8769014579765,17.126246397696576,74.85574142304976,3.227189478842878,0
7.427375785465297,245.29364885743988,13740.952377893434,10.672973820932961,331.4792713242938,341.16588339730174,17.59118176352916,62.533173661711515,3.2444747390780795,1
5.529141842934805,199.81329862046417,25426.47269673009,7.217697711968713,342.29603347721405,430.8497360720502,15.03801303138878,72.46246792532374,2.023828469463104,0
6.349174882156665,256.23194601584083,12961.49803743343,5.452380608089797,,311.80063210821777,8.005916489901065,62.45719656904913,4.186117621799086,0
7.1617689913303675,281.44572499558245,20324.180616721234,7.223182534716761,,447.08602588908474,17.66471799668704,72.67172714084339,4.240092190237183,0
5.63332128120342,216.08797958415823,13560.270863676325,9.226973408146566,350.0341443951086,422.8004535268996,5.812982778028367,94.9611610310811,3.2694934998464205,0
7.214999186288701,200.4091515401251,14549.350248963117,8.39098243671477,358.75612463272483,467.19446729021973,11.63349096841554,65.71753810347805,3.684271760673313,1
7.159787649106867,178.2918242027991,41084.08811924991,7.497179650051198,324.64672620031615,503.0241354874737,19.74700717296745,64.00780682593326,2.867359033179353,0
,207.36770061218067,28782.863016966352,8.339251079745832,,397.65176965614694,16.95046458673554,44.33248422435868,4.486676412204447,0
8.470474235860655,232.3512302466977,23816.198630314244,8.583520662034257,316.5038896735974,450.44890719703926,14.481148664395905,76.79927981094629,2.9480746755481038,1
6.273316685728837,221.944879703453,25108.677377777265,9.87216667532912,396.4252122071972,504.20323193679974,9.942961309094866,76.36351984395642,4.681883876856853,0
6.7651321989867945,213.60691884305143,26167.714422239278,5.155497012558971,376.5430425612908,443.540815957987,12.468718816785964,87.2527555839444,3.7858608671876075,0
6.236485141585741,197.74447206895786,8103.421191372074,8.445423695527193,405.591287086926,306.1959269130429,14.766477664252402,65.39989776722206,3.2400861234481253,0
8.352683549892038,175.2330545579255,22119.822239636425,8.219746978335749,383.8655339703844,593.7846393290931,17.48027280333791,72.75783232313745,3.610546118831814,0
8.915438001396087,211.53983914424802,14693.39182641441,5.416317185441907,330.6418798214702,337.84089848803,16.55406956548019,63.66276978902615,5.286642963064726,0
7.409495692065577,262.42455751182297,25388.480145353005,8.665106432503496,283.4704311823782,625.7544721021513,10.900235687008262,69.25904782421593,5.768779719383627,0
6.289239863151314,233.19750118997143,22251.589422425484,7.7962817029026255,308.5096723839823,455.5202585326104,16.603691987279706,42.35602522059601,2.814238246919848,0
6.825593031343494,216.21463823726694,40710.76205358425,10.162963695483839,257.50938296328275,367.25837295717383,16.96614584922214,,4.792689415090509,0
6.935279309839731,233.5348423337963,31232.97473625014,7.278743877280198,294.4804426279168,223.5362872181416,16.160968577916247,74.22423619041486,3.1412206340330058,0
8.46974199010458,155.65368101888996,15467.50877844981,8.411747674488364,395.46083555616855,426.7639880439969,13.68715719830033,61.75590181211797,2.99758891206905,1
7.942071567428223,179.7107198870838,20344.154878315443,6.074903702539053,332.8988733316918,291.3242213936063,16.96948446149501,77.99182447253204,4.221363848057327,0
,171.32752134719064,38219.397420591355,3.9862960387030055,325.1620338341823,449.65544834456216,17.790598084200134,82.45903852029875,4.4512579334997,0
9.672794231598012,193.11496820306968,22524.417255635926,6.409013139923029,300.1034716983101,580.4915143093581,20.877918414730797,91.32276675061377,3.4528744811775742,0
6.345335083621139,188.85202577275177,16399.534430501037,3.8543239420262387,318.5662021945155,405.2396670438518,11.906703043732717,52.80925399710067,4.240815638927551,1
5.665785148337766,239.78961592282488,23188.69636072688,7.395498910347639,343.011656982439,481.2585992020595,12.626410692003075,79.04566479555429,5.021062917556144,0
8.376537074116136,180.8636803811234,19081.78406749263,4.530724711499809,351.6830484686203,352.6372319667953,18.725189762287865,90.27671453840462,4.647350596296858,0
6.914267476425535,206.55637956778062,22133.69432254007,7.808415373783601,355.31437473676255,466.09007117824876,9.887573210076196,85.99661895818284,3.5694296279780193,1
7.255203296703929,228.62057119267786,28477.74196662794,7.163590305046007,288.5894830485013,389.33942733552476,7.498858043512551,53.00562141768425,4.980021459793362,1
6.114462750007481,191.00163854312532,29133.145658527057,7.0079027837980306,338.2670146411527,375.2441987868288,7.250836786760951,68.36023127074938,2.7972483461496704,1
5.058144197923948,202.87349600376228,26016.600983360575,3.788314200566544,386.0179099572399,520.2049298524433,18.686586417283145,68.97110686735599,5.322139968884762,0
7.404081616855328,213.2962988660194,37227.43715285287,8.150891234710482,,471.8992726154689,16.60883562727277,38.78584749023294,3.007824145955321,0
9.5294609237565,195.05410519069244,21172.844380733477,6.287466635333046,374.0979314010237,471.6033676689356,18.82608158354298,42.323037281175196,3.331113063798089,1
6.146012307384313,162.3197208686368,27634.18949253174,6.666768336086976,,480.31792506409766,13.549467501269973,53.77470685542925,2.592448317476457,1
6.580514609206291,219.79916641439297,9525.745462580515,2.9303238712450757,325.47747611846916,292.5264018263796,15.142080795712218,91.63472413673806,2.9048665539916194,0
7.048395179942717,252.04344041582738,30017.650796375874,9.489070976348396,323.16649971008485,442.8828589387528,15.581239075069545,54.770104607858045,4.885482793683118,0
,173.7272321973665,17581.80461066107,7.250558104519202,383.0804555766954,351.7022306561883,16.50966682012156,54.8127440292151,5.784181689514778,0
6.941198834942841,170.80471112923254,15086.907526154373,8.313679202776184,343.8250868747655,454.57146980764355,10.23532469594785,74.2857899933662,4.351966384968914,1
5.42779468415069,198.87745142479685,26386.7594542046,7.587842677357993,376.1533471967464,325.8629761866231,10.112979398947118,55.308290420206745,4.513865705710584,0
7.604176789027309,206.73609730225076,27200.363608743144,7.5356133494399415,323.4726710363383,415.91311985322767,12.850608784155618,,3.433985276352638,0
7.947207187131053,146.58848379979935,23109.135707652713,9.028325059986082,,449.02732142433115,16.350019391358604,99.10923347507743,3.6479158159552645,0
,201.3792732542278,26329.5283417207,6.4235290922055075,,507.89134198955173,12.297353241627356,30.476063201838087,3.519266554152332,0
,147.57376310016892,21701.019508441717,6.9703933171955965,332.8055572673826,542.511030279675,21.7406965993492,76.54039575199764,3.3247753511637423,0
,210.04169249189226,16955.179883812525,5.857226739595557,317.2499766621985,443.04803320963504,16.00029493675718,33.18389898533471,3.851442538172365,0
7.361155796697352,175.40587830210177,23857.300685610164,6.404762469567231,358.66923715066565,424.5656382385983,11.375098526998432,83.11021248318397,4.538027600922688,1
,132.69446079982947,857.9190586669974,5.618066419152416,424.9993513274734,506.238436481381,12.438453126194025,75.82448609576026,3.346771455873793,0
,226.14920507539995,21133.792025878513,5.43191612096361,428.06021487689617,368.98475680789284,17.61350584083098,51.94587915555711,3.7651309456938065,0
6.70534981729545,178.3606540681826,36778.27928315797,6.834744185774135,318.5214940099022,287.563994090398,10.379396430658707,72.18346031274385,4.311531284144358,0
8.90178111459841,162.92496742287156,29516.736851345897,4.866031588783491,322.94222902213676,497.93795553274174,15.573622888629187,68.32181593563351,2.314253309618379,0
8.133522152479742,241.9795967376442,24894.923889978818,9.673623071516698,289.71685734199184,529.8846837005199,13.019199088247644,40.1125323127753,4.828403991859036,0
9.42361678665442,208.96691760649452,16047.15405253981,10.226353437161189,340.19430227425113,351.7896332098801,14.911160785348942,78.84453626921112,4.224694574326044,0
6.354806561161813,228.02315684368244,31975.520876983508,6.178896854782914,287.73876701586926,582.748322570417,16.153328854190818,72.82316065822826,4.23589819690646,0
9.322979630125664,191.68152746877092,21702.35433141217,4.592788488852819,311.82812856487027,468.3933424633774,10.604748101859279,68.45228835451842,4.998211498558756,0
6.552052392393654,291.2870042865001,37289.39568685934,7.522206466133505,,456.01884417108613,8.818831156980224,56.912768032347365,4.819278730386265,0
6.945999621682588,158.32906155038282,24211.734867852363,7.551744771711715,266.0400206433364,403.93368404812315,14.890140012168885,50.268613675685785,2.4177866087478277,1
,258.5573442275961,15900.28034265156,8.946957925297655,255.3282625726508,504.4349677642157,17.48942192299466,46.06256699368949,4.279304923334397,0
6.854353351293509,235.03518400013513,21089.34407605062,8.916054254489861,,336.6096801297871,14.866848886584272,88.20470630094003,4.9220763695557785,1
,139.5921361780539,9164.510992007079,7.875672478128353,287.17217216532356,391.7973930171335,13.130135489722802,73.19158601529017,3.5736642652826576,0
4.214629612157905,157.4593145328214,18427.298524594342,7.248847535590538,,469.45394377937384,11.496759854483718,72.29932994396525,4.72237972605832,1
8.732358463305825,182.0701139934056,8650.955825010522,5.0470394872536755,340.21565352406355,360.2386263324435,18.665136514283056,77.00337067971861,4.42747072388234,1
9.219954165371345,160.70373650162696,16247.750571374227,7.358084708436301,305.9035331031836,491.6279587911995,18.047770748812194,75.47778319326653,4.373163996567996,0
6.660594304925886,165.22232530028498,320.0,8.443505349407245,295.5405193387036,448.3144935570446,12.037701671397471,71.24329746041008,4.165737970528854,0
4.52239389148891,196.63558249202526,32683.314336265117,7.097642482394175,296.6129285876883,486.7893949311151,18.0099819085687,74.76031691803402,2.9479185444997205,0
10.757412698252839,209.74117353367936,7306.337690003869,7.11538393071464,226.57202972381643,396.90109925934786,15.65840772392609,56.17803937532217,1.8727273367147639,0
6.065391744068723,215.56969177541134,25776.448797908324,4.1983063312500475,,518.3407922709787,16.011113961843364,87.5542472630803,4.316570810690662,1
,175.82419398749525,28150.094379102644,6.64901608797755,333.07723188343584,445.89509294633353,11.998052305316165,51.233787921385336,2.9423488263085944,1
8.564777450837676,190.3117098988487,33961.26947965366,8.521635457696577,381.86068194867516,388.04081193224573,8.89147222719988,106.91697785852797,3.6165102311981694,1
5.804710973283838,150.88883804606382,31972.008830008104,6.252049379232956,356.3990038972847,366.9722324581571,12.074152347170529,49.24446503845138,5.647886376464379,0
6.074489308156322,175.74535788166975,21510.56980026911,6.244909268671986,326.38082038436903,547.7291143044379,19.201828401653906,66.57894099304816,3.646821053481738,1
7.4599499704855425,177.91945729256588,10533.973956605028,6.667383284041869,340.2177217555967,339.99086334751723,15.64060703730101,58.306359864819754,3.36392322523172,1
3.672462483757699,240.0658021873789,36625.094663353426,5.0229296042193265,330.76383576883245,507.2251290215849,14.258852208982516,72.99069174434798,3.1924152938814414,0
6.381769061637744,212.82832920429144,9221.985906667012,7.977290265309929,,662.971618552109,11.298563949614984,77.01491151278336,3.577121316596901,0
8.473645157847761,183.4562392918779,26672.238202546432,7.077959541232322,324.160652088171,536.1597979218232,12.159380755961498,74.05735009045951,3.6500401475907314,1
6.4140865857147045,192.15445192569453,21593.691738103018,9.97273239047779,337.68470515933717,364.6561310111644,14.50511127577559,80.7676717350274,4.929791308954575,0
7.63399327349642,256.6227732430792,20238.795903545764,6.873863937027342,,365.6842760098617,13.579183304676532,57.67746505281737,4.317519258932869,1
9.769520321167223,183.02640594167343,26052.328656925514,9.092643480838072,318.0991544102768,499.67720653532297,14.953344810361983,80.84448141423464,3.8107914416762054,0
,209.17919288970035,6925.7038396753815,8.164812318940893,317.18523791760356,493.54871171067225,17.47746501463122,37.56699601363023,4.051883111417995,1
,218.84681929291253,27008.086833684047,4.827501240048745,373.4334186452231,548.7977333017702,12.811071546935612,70.61217336357313,5.26035907415595,0
6.4319347496752,192.44292554944496,24078.57600174221,6.5517589227581094,,343.91871238798177,10.565537387754308,85.81337548580906,4.307101405987498,0
5.3159784329566255,198.67486768241523,26642.66892615868,7.396561878509622,259.80435150465183,479.45834185060954,16.41422687562907,99.58537273468971,4.206807659656995,0
,194.10700534990795,19385.80498960673,7.947997567405917,303.21163038692157,311.12729810101087,20.072555748649357,54.10646655109157,3.2093025677961062,1
6.766244679967217,204.64753621118268,9342.618412632348,7.537737797503044,290.21949848111365,491.96893933622727,13.464317836440015,68.95039813668006,3.8341974219928954,1
4.780029375615555,198.02618739396266,22836.811594176677,6.5930789347222705,354.4181857040339,464.50585508385944,14.076713417392465,58.05918501150078,2.8283500887863493,0
9.545611665817493,176.51226709921738,16227.643650723017,3.4115568249967705,418.9195944049888,290.87739542637973,18.419353029700098,65.03090597032025,3.893148632117506,0
,185.65598415302395,29948.331274687596,8.805926524584958,,542.6633544639908,16.006351356985224,40.26741221319778,4.556964011417723,1
,209.7439769438031,19707.419974996683,5.449686999449833,382.6639327576054,258.3065212027577,13.020946198162484,61.26086979334104,3.6432419598183206,0
9.98404886642071,158.16514301829022,28267.561325166178,8.065238039734275,327.54273785526385,440.56501347639704,9.777878915614966,78.48888675199794,3.76443889639567,1
5.992263571537278,177.23049070475935,23124.072818399858,9.590323046016906,,328.4678087040255,18.129308188020005,73.53431011181813,3.4282960666985125,0
,181.4764060643435,31230.68521174264,9.963779931005853,423.76430078540955,366.8018597110651,16.351943389790716,93.3464621754662,2.5296135013604895,0
,225.22480897009143,18214.13044062424,5.9716611603422205,,398.19707992761454,17.04671831278272,53.2882860126011,4.230394333184494,0
10.033694675874584,206.32745511770023,24611.037723568348,7.932237272074127,363.01347741109885,433.66039689131446,16.548363934932482,74.8587392808748,4.624126329309039,0
8.524652811979509,251.8836982876304,11260.00539027307,6.701264864549948,,518.8721858332207,11.36613028152129,57.83019241421969,3.338707791647903,1
7.00520906527017,243.22939237070753,17200.6197553122,6.4623159358723745,311.7761483688899,418.0196341597853,20.087584268343118,80.6694100777341,4.3492019147580105,0
8.542716580572794,138.05423010599122,23478.41523310021,5.920181794672461,371.3051198295574,447.58799052799174,12.218908691708576,82.00439052439077,4.431365175985896,0
6.492874017852833,246.38134233828816,32815.3761777176,8.4720305298863,322.60957676563214,412.91506096838714,9.98184143258175,54.82808050756649,4.579160032441939,1
6.792622238414055,153.21757874006312,24515.85719532728,7.111593880347306,,426.07383330389985,8.378160411409457,60.64844043697953,4.744138865845889,0
,263.5025980769934,24884.572147051233,7.439881157808483,401.5713537021582,539.0600992010227,14.102570891646852,70.24539766193568,5.026381465487685,0
8.296525945662703,159.0238702471307,8812.463534915041,8.097718088330176,259.58820400317643,392.20182717373604,18.613965543733514,73.2578636517346,4.588737489857415,1
,208.43088799185037,22442.56999341839,7.028217271464495,250.19166572999603,518.6892631935768,20.533857215315308,70.50944588809307,4.339055326418821,1
5.483086674023407,194.64279739960645,16835.12139303299,6.208663630938127,343.812603424319,453.33485107054764,15.010694888043556,26.004975535144567,4.433080466862992,0
7.888885465072802,162.16516917495312,9415.001797785053,6.251914225659986,426.4312150878681,357.21282909537325,17.8203311542812,46.72337097099036,5.460109373377012,1
8.879513574174952,190.79173243348714,19368.932248161163,7.860471504686316,321.3229695851727,385.8619108557343,15.142139174507466,70.3679855336885,3.9193620824932127,1
8.632505194440183,219.61651187052345,21743.683235234483,4.327440617046701,272.93307173078114,490.1653139820445,16.705070692154536,64.27542964881098,4.104167578121844,0
4.69287715593717,165.84598241841957,20012.01524728691,8.49135435389477,481.0,462.1051844717278,10.828722237383605,81.43237934265812,4.276592187694868,0
7.021236828279244,161.4224927333807,31683.62449361394,8.012217867136616,301.66473648288587,447.9457071827498,17.51658969511428,76.48557552408845,4.175746789174013,1
,232.55842363539472,23829.435007128384,9.464455820608475,235.32212442371042,378.81010138872455,12.555266668533857,79.14829964543179,3.4515933112101482,1
6.896914523395686,137.742996622264,26062.23056316308,9.139821893909565,396.0499266081233,336.4364841301632,14.867241003834017,77.89382993347601,5.400831123155109,0
8.047294696578158,184.1047332380155,17698.245766441883,7.747937821974073,308.69907912073046,363.5293538087642,12.829681904274215,68.2602489723839,2.5348590321174056,1
6.90878246782556,188.50743865084885,7218.2201474771555,8.412917967813572,371.9044789012121,374.89245644398653,12.15700045256723,68.76243856046051,3.789198095920539,1
4.310303818097635,163.61954623937515,25284.456443695806,4.823586098976513,,548.786163838637,15.065046241506055,54.85312828652451,3.890349184042198,0
6.494527243515564,237.67309771159134,35667.34641714661,4.512076472330099,,405.75279735403257,19.878481000629264,64.68975798605715,2.3077210072772876,0
2.6188230122280087,176.99172309501657,20492.137116705206,8.82494819289223,,445.69343723496905,12.692777413426887,68.26167497127521,4.662781792657632,0
9.154162265726786,186.89188896976174,29700.85588159163,7.730697487740824,372.6733361407311,411.44343102682046,15.064729614982756,,4.174097656600112,1
7.557709635465254,220.4024491708676,30786.102818895546,5.931322949297558,312.5875352736782,436.0805777554528,8.499106068220785,85.7759061664551,3.753120540308424,0
6.829508192203034,237.01348573140316,27369.654832630007,6.725460342383884,315.15758628651713,427.13036552858034,17.045251189402034,56.96474680620241,3.9990551816989868,0
8.014717548071134,223.0396412200987,22230.83383098799,8.428896404529063,355.54883484680624,405.12170385581516,19.31922615113612,48.35052026962876,4.132900047968032,1
7.03560541266905,206.0977683901317,15470.300497671062,3.723636663114542,349.63844230697777,410.1287667705687,12.145028980660166,39.37051369033096,5.102244836325423,1
,176.87322023951867,19389.1531732936,7.695460464705053,,282.9686137976157,15.343038316995607,,3.2928132889028032,0
6.790910547184705,193.7552668626786,24325.30698030885,6.697560746565241,283.660870536454,543.376443170199,8.12707333092128,56.40663955157648,3.295985222129246,1
,206.08469262761628,21588.357664488827,7.256293004344813,345.8779206830492,502.5411771018203,10.914231425843262,73.4792436082761,3.893976972587043,0
,157.25206111898137,9263.72838849025,6.978878407588693,361.1273040319066,469.5110963414397,9.998834666836261,60.25744833288846,3.9830368056291343,1
4.077340235843909,187.4944710757308,33740.38960456602,7.3257428929567805,333.9496729751333,382.7786424495096,14.316782746349277,93.5478639531546,2.746061401496541,0
7.7229835146465255,203.15297247334425,9807.220627756236,6.949895882433159,354.22895133029067,375.67175845418205,15.41052760361725,52.42052604684702,4.154543667060131,0
7.29429243566298,226.85449937969196,19078.32903197984,8.278340905794282,347.3410017912706,465.60618895949034,11.333236588704096,66.39845072727303,4.198213894470082,1
5.5276476889147546,282.93233879097875,30871.732324699573,7.564179580540671,,433.3537832227363,15.403560088868254,81.96234190612856,3.712811255801399,0
5.531345445810965,168.14817142401643,6442.625080738371,5.452784447118171,310.4246922011501,320.3466428361435,11.61061751887467,61.7928463131985,3.5794726774069874,0
6.024334530339832,224.0379584629497,28646.88485219984,5.294122967594237,314.7167620367645,336.11091994363585,12.814206680567247,76.72557026622704,2.899164609010483,1
5.816001116153107,173.46440356937893,14521.915667200541,7.27800450775845,308.84950774998464,361.84914478567515,13.092798376604867,,4.2883550787096585,1
5.175186783467147,218.87591437023679,14556.786639475355,7.209882074550631,366.78091836874466,498.23424270466035,12.5345297209071,66.22001453292748,3.7396409875137473,1
5.0473290025585325,214.6316440218229,21162.175136978305,8.889305900568504,427.4082518808116,585.3766257739604,13.99272905774618,77.64009092302993,4.471439895996794,1
6.825350799601535,170.61106378628804,23094.6331589876,8.329958533404168,,383.73553010306415,16.966850664963868,87.73974056174383,4.53251657884229,0
,179.37114452742216,21685.70153727165,6.845605463527534,,425.8481460247055,13.153386297772593,82.27953382003686,4.31467688127801,0
10.13399736301503,134.9990551318808,16013.911064324362,8.180595467220925,273.1657899897031,474.33437441178864,13.025905222030914,100.97283120472986,4.518167373185322,0
5.363708135889586,162.37871009702482,14733.879470464666,6.173998422884131,,360.28673332475216,22.071075689583154,60.09494783798386,3.9424130858240924,0
7.413300127521638,197.8638612407489,24221.745514158574,7.600762479652709,,395.76687586376335,16.512489182506002,,3.1129286574330592,1
,244.6056251112201,7191.440631608139,7.973489289457212,,473.80184347184854,14.336099983647495,71.71997365570594,5.362304723543257,0
10.137264156848612,219.14618373358763,27196.486212083673,6.385985230633935,278.5302465143062,556.3884955276229,16.821618449703884,62.30728533968371,5.304973466858292,0
7.895229411479067,225.00909346029113,30137.09482327874,10.699830581071875,326.383222001365,377.58211192260023,11.311871575145414,74.57407780964954,3.378487657009499,0
5.765647483680906,226.4086360328463,19679.338701032113,7.829973659707948,362.9049233286422,376.1132525301321,14.356211875956708,,3.154457207081155,1
8.891216805947945,203.3438668166957,23281.83012546996,6.992369926462142,356.20645949161343,466.75610940400225,10.260507184550015,75.84517967977322,4.589707029683266,0
,248.6238116245198,33504.15399721591,8.343831320490043,316.08466273703107,437.3132160168836,15.471248697439227,62.31491615917966,2.8802709695599025,0
,176.1233070493892,16315.366101338677,6.132843303039921,312.1404865599594,408.6260319619291,15.511041571911472,64.28339039421019,4.40860464487858,0
5.971165690936345,187.96262911142438,28709.90301738486,6.763377327877251,315.4955732136184,316.968368518406,11.256679805361744,72.48556252338112,5.720376603113762,1
5.551051223477448,223.6470589738443,18241.550133886365,8.471899868328006,380.1922182660979,280.357706647139,13.779084623299912,55.18618751119088,3.954398154524667,0
6.042554646107771,211.4321693621268,23483.834216047468,7.784810087633868,368.9510442656587,327.3602248679405,14.972560528366742,49.73412659322016,4.498971844674575,1
7.807158664147038,173.83386158164618,22173.979777641805,5.533891562905582,335.6009208827559,357.94155470457434,16.68551101563957,50.76889888272228,3.7908861351829275,1
10.17016013323519,198.4998016972155,9957.809842934705,4.871353467965834,302.6384360095276,519.7394367629979,22.861386097739885,102.05602699567797,4.6290214973360095,0
9.798067281367922,214.70696118958944,14967.10016167152,9.215067535939669,335.3579491199388,541.6072254690159,17.426525577772846,81.78987318142664,4.766637446822235,1
,173.32957786154913,12064.643904702727,7.020159733464898,,525.0259239559815,8.995986912551466,62.84865039483806,3.667818431422635,1
,196.7972932223851,17191.91999983319,5.993789546006092,300.7706705721447,491.1914034794613,12.367756354510293,96.47421569099416,3.8751432922730893,1
7.438354321237991,198.83273067887606,26342.993895562693,10.681520449517173,,417.70292575286555,11.459633678535209,33.41185383098805,3.9066783712861466,0
8.399683979932982,202.05453033343147,22392.806893437093,7.535925917894771,319.3785739208782,236.63477160610282,15.495499659268093,65.19593702829174,4.776885635974157,0
,144.85480141682075,33335.99351645926,6.965964033631619,,435.6270016194943,22.14168776082266,61.27229710867609,5.036085644272408,0
8.455647092457546,178.02369777525084,29229.914881816243,6.3551566881938415,268.8530665257373,322.26367684293547,16.223646120689292,99.28886420799846,3.874282856225636,0
7.293771675563577,137.66522024218537,27881.481686254752,5.798882316937974,347.06825701262136,424.404657022919,17.808663917677354,67.32672531939525,3.6312983646184263,1
8.233963349397532,177.97658156314947,12965.27790160328,8.665273391479841,346.2814299712775,538.9603832412698,9.62000424067719,46.31738748940955,3.9811550972339274,1
,249.0458522349656,17728.830600084035,8.114759857935818,,486.53330382075416,18.185365225863936,31.768049850034416,4.0885834562075045,1
4.643689177730829,193.28246296218364,11998.239700539225,8.884560241429917,341.6064530988765,527.4493293215577,11.588939724464904,62.913508839924866,5.581375902211423,0
6.513081291457889,148.94497202991968,17455.56196981411,8.859614302893556,359.7325249614516,500.88848672409785,15.90385749109871,76.73016093761613,4.3198744869584225,0
,189.2105589671793,25617.645220223607,7.412725804209595,,380.159104243145,12.195906966428655,67.70888950530001,3.858240726079349,1
7.109201274809004,141.53654754045513,26763.8888660343,5.766576122817082,378.08548274473566,396.7783222943782,19.31954229682148,,3.3869905655277157,1
,228.93856004996803,31319.82185774218,5.697868021680647,295.80852610610884,295.49134832179175,12.597508008044606,91.8535124520397,3.0407007367690806,0
5.536814469121203,176.57885515351768,29201.07683646065,5.676564119014913,315.76507437698626,488.1910596427589,9.980668079424209,62.17554577431011,3.237647392462758,1
7.80670709020305,189.0577910955192,13763.270290295408,8.0167886704284,,310.34523604701917,15.557236917360786,62.32217010808629,4.238167324820485,1
7.123714250731531,317.51186673028747,25905.678347638925,4.4788223721788984,360.0972328288473,395.28074549088984,7.883507115873101,66.53461897558742,4.6398845213259055,0
8.58490110228483,201.53033100541666,19091.550934263112,6.689983760077445,249.38428211729058,292.7176538874702,13.482906994361842,87.97151573854597,4.2476711091224555,0
8.29848606527673,151.58921577142064,23606.15142756367,5.545914997194835,313.0394464046222,456.0580838203812,14.770561870140673,70.13885359857228,2.992977035224661,0
6.954857545057132,176.98002326567467,27143.289557706885,8.67352997381584,416.05337274708927,321.98399919700125,8.53031609437954,57.563187822846146,3.3243378434135518,0
5.284944588909738,219.39166001064177,24080.855265865266,6.015495716333592,356.086012273478,548.3270423192693,11.075323082068804,,3.6965743913958873,0
7.434578077863949,202.62383061214305,24904.10789100808,6.672980822731457,409.123081960003,442.8723212198076,15.93221672910814,72.41909219558143,3.5579379456516023,1
,203.42910762192244,15724.739010202302,5.75996550200952,307.1020221213023,501.27879812519956,13.831638244028582,63.878416666191285,2.986521947177332,0
6.33252059895074,210.8117827610559,18816.61835977161,9.666088854133557,314.85214634024464,499.56323064866336,13.988766046470964,71.64993653718605,5.205456662775255,0
,251.2292608934428,43577.83932462273,4.058713207891205,377.53626609515834,592.468326253201,15.479243846978202,54.241891070031635,4.306584596407188,0
8.187313902230505,243.3568199619005,34101.89171189659,7.7589286406347435,362.43489563664633,435.0961234348414,8.816278094319191,37.78829274392559,4.284293247779817,0
7.351413484394361,207.77732901304233,11059.038840440679,5.772807434294693,307.38124639422966,544.6637335653699,14.611483668444684,60.96793382084311,4.685980943984926,1
6.929024618220851,121.80623463199147,1023.8855909414706,6.084134494175753,,389.22482911007194,13.416326760569028,30.977097057385464,2.8664753855562544,0
7.157951349000007,229.73685948167739,23500.970277328244,7.3005173962636585,385.90148633798407,544.1765192312035,12.472929172901846,52.233760492087754,4.124465276875772,0
6.390079177451337,215.654879236847,21090.659026941874,7.547306875331309,,336.3584436748085,17.84376972560215,55.63862429636274,4.737827221152371,1
5.234293936242679,206.45805319774212,18016.53509571569,7.339753629862202,265.8378877149429,347.1156600099659,13.590237628230234,74.84254781035965,3.924322186701188,0
3.7402117848407226,136.94222558490802,32199.26029942103,7.207973539658351,396.7592425889753,439.67031614071146,16.240902872366235,65.14676805377209,4.926709671423088,0
,170.3129131784529,23348.821998065174,5.858864754815148,314.3947497230757,407.31781131613286,14.981345260470732,52.75569091138579,3.998893520462914,0
7.7516618158820165,156.66120306630768,21299.83622651183,6.671109350749021,320.3273793543214,500.3144899895156,15.08076370450947,60.55893529521879,4.620741416211821,0
5.634759411528779,126.97470461725183,29756.25962081167,7.003777827504155,,308.888461289208,13.347251542127221,77.48497448919642,3.959203680728507,0
6.471947332633309,197.39796970048218,17906.742705299126,7.282112674490101,,414.4434813664445,14.294135025633167,65.57624417529568,4.3610647194250625,0
7.739576317342171,169.57622574950273,20162.30183940639,6.83834319622812,333.36590842244703,404.4780253709513,10.734631484404009,47.04933474250793,4.761863105193985,0
5.648849583417285,167.6223540546712,23816.092728726915,3.8077613074198293,393.26626462207787,418.09891097016515,13.238202957142233,68.42024084334793,2.7039909590396567,1
4.95684086610113,191.59298211967317,22511.157378992575,7.108757849256603,355.947629550241,492.92879001253175,12.830254836498424,60.49834578586249,4.580799913095975,0
,242.7813604553086,40360.74171507517,7.292254144956743,,412.3819039608689,10.675682715328236,73.96528841876562,4.914534445345723,0
,213.11344408658877,9456.891407538451,7.115522879361894,272.0403083250005,415.1590895931761,16.361645812408735,73.51554324903421,4.078881588934493,1
4.866270257006592,178.94686448982955,28585.087220661408,5.160848724755482,327.5752931151647,351.54961304671986,9.144999676347238,46.85957680974894,4.108344485721617,0
7.701846907065566,178.74680291965194,13963.149526688081,7.253952479346336,377.16751120149877,425.2540828689556,16.01370212705102,,4.34122850282676,1
9.043963229663145,165.71461179873154,30847.743025728378,9.002658274736994,378.4046181356041,335.204910119593,16.496303684623793,55.3192644029362,2.589713907147119,0
8.476729185073028,167.97236644337542,16790.6770315185,9.353957919349412,335.19251482862575,371.84449165622607,14.653377495445767,93.30732585694273,4.268654561605018,1
2.904399694586669,189.87171828147615,25397.87531103554,5.560260299934854,375.49522445548484,505.7237277306904,18.003390478295398,51.884293469245996,5.10158612155068,0
4.380573291481165,189.3132205094287,14370.103967558045,8.335058043891626,312.7256452510956,559.4451065585869,12.635643618910962,109.49645160538603,5.851337558511513,0
6.451134674689534,262.4291500562371,32362.860808521444,6.380300984750274,354.07703621207105,456.02643028448045,12.42206952685682,90.06028664815119,3.7167083606071523,0
,179.88832989511639,37633.253587734434,6.619065986045526,359.3322843799028,374.3093873565672,17.840133320518152,74.50663487893804,3.907524433272793,1
6.155837212854406,214.28286970294562,41039.12018602046,6.323047029676527,364.3683531675173,381.076052483058,14.471292274955632,69.28613799645247,1.933380764890972,0
6.958313184630442,216.38791710207747,44809.145129761775,7.550620947706529,281.4171208130084,460.7237876304465,11.240563672377146,50.50898055096228,4.584121519591918,0
9.532058287262512,218.94192320679895,29822.538953184958,6.068554527738611,,436.67167502855585,11.808402774201747,61.819431125956996,4.160219958746909,0
7.082501704268515,183.21821284722546,28492.052848456064,5.8608224016208075,305.7193250996519,531.0580933943015,15.978732307042211,72.43747030957556,2.5107206411987777,1
,186.27387699824038,14096.206488444768,4.2873488759372425,267.41204736472406,398.247478119308,14.4200749013276,81.99679499959807,3.2598735429842396,0
8.266844546735872,141.7205325911432,9455.077686577511,8.571040073912439,324.71059473330365,544.2413348839951,15.973930334556801,80.5761745911072,4.5275472321122585,1
,237.98813821197155,24734.6179878361,7.5792883791945735,329.53058830329616,384.15667046318555,17.665511696835225,55.22423307510143,2.9469073464628677,0
,236.91833659527344,27749.92052022105,7.674952617643602,398.9370813966385,531.7741019273915,16.373373620650977,83.62165818385809,3.344177427425236,0
3.3660795338898466,189.08605335090562,38714.04396459744,7.418061953924079,,435.117304102017,14.00173130206085,90.04173728511293,3.008087810937776,0
7.729484757726958,224.3745293133839,15215.30574429721,5.654174943350385,255.23734012873427,389.4658922236426,13.126345755789437,54.811464973742744,3.2161113071292506,0
8.787119798064374,190.68953679361164,14296.401649971704,8.592028749639086,333.7263445251263,354.8226526393454,14.409585420646458,83.87516739441645,3.1027808041124594,0
6.75407921021625,198.68546923023354,20624.881366989743,8.63772481015686,360.8313469852786,407.17444741558177,12.60863998734063,47.04204622117632,4.523194237965276,0
7.369179239534472,230.82643449041976,16030.921609630073,7.7208739863317435,,374.0916244952175,17.789817078094003,42.63770318727995,4.270194392027582,1
8.447700410641424,191.14242013828184,27904.77860997329,7.854610785294929,,388.7079244532984,14.232103298732842,48.57394523111941,4.007111129149073,0
7.922892078875012,244.4465524342388,14559.665692398894,8.437485015125562,263.5161449147239,490.57785089737655,11.513495779987188,60.98363666745395,3.154596570937505,0
8.855485280170509,200.73474015687327,29760.286686462838,6.150832935315674,321.25774514833114,384.56241657644546,11.722453529706469,,3.1867542269381675,0
7.500065732269581,202.23488779933112,11748.842066181982,6.446739328284601,357.723535580926,409.642879661536,17.74657190248006,66.87766414600117,3.154467105960337,0
2.4129411010883643,146.84737772597146,15092.77659599051,7.857992793960037,355.4946184126781,313.20436459320575,9.809091087344765,63.063551353560435,4.851643148375932,0
6.001549887353342,186.67646323285447,21737.792681859457,4.382439391995688,,466.43657745476196,10.96475614343753,58.311790019552,3.900313870267365,0
9.054902449046137,189.0539783689345,17708.432537027977,5.0995207233922,318.56797113763366,397.8244174337261,18.829131010167995,62.76305627939945,3.4373199646716923,0
6.626825300875194,177.07856816864572,23681.00906458931,7.82497343928854,264.42543215230745,449.21378779476265,13.828031832249678,70.63569898840687,4.718473210466007,1
5.693837553631926,198.3125414083836,23916.814429638653,5.587891426359955,,357.3803189205816,11.028875090140922,86.21299172681718,2.5593942976862536,1
5.0192946349744725,182.4786198420321,39043.1628341708,8.794397616118717,343.5885938208732,427.01348121939463,10.530958589194851,67.25242110170501,3.4609448197815005,0
10.111060671363184,200.29985493352538,20525.894638739388,3.570175915874166,347.4162680620401,521.6896097452334,14.750859380559632,60.115550730140995,2.872015968186526,0
,225.02461493305242,27877.560410382124,8.282649470267748,325.5063220522098,367.5338206789958,17.691201024447583,62.96901248146141,5.75942539112717,1
5.309035988746688,164.04859747620745,33935.52000336822,8.329861771083873,390.6003179762211,503.685590030946,11.419696781561406,70.87164747196333,3.4695876429294725,0
,183.54543761308838,21963.52861126108,6.450886877497446,,348.423165528446,20.192731573422364,55.54733608198334,3.411036072493863,0
5.675110714024715,200.20809989662916,36544.84827890942,5.8137750379568836,,458.2786752340128,13.172810737897738,63.76572763467544,5.06534566810396,0
7.2225828596887185,222.6580913402285,14488.225632875907,7.321740916314229,369.35920984961496,480.3167591996221,11.915007728295869,76.87230246724289,4.097867520978452,1
5.794014783218926,220.54229810287964,16120.778344406383,7.039176324827912,288.8938790738589,394.324983945655,11.139711053889378,46.74190364991183,4.233962741709031,1
8.361070028903878,174.33226870289002,33633.64781017507,8.655958266107907,324.7375072245855,545.0499135194447,19.571487089226796,82.2495405358522,5.1012239783981475,0
7.497453205874198,211.46516657353482,31197.08668070224,2.481514061323473,,323.69242261050863,15.531423014972352,37.01145083374972,2.9358329236302505,0
12.183731171499243,257.2642111262616,31552.259976217014,5.388197290548183,303.8117103732686,312.1861237382745,21.630751662132738,38.0928443585355,3.6506296466737056,0
8.428236773022414,196.24625521691684,27290.385847202226,7.6451048569589,328.97350084866883,418.43590039457285,8.142902102920868,61.40637639646754,2.154848673548746,1
3.8209139620142745,216.6634285652467,16700.492356306364,7.035760652716583,341.9600740372771,459.33004300562425,17.345911838554294,49.17779388618932,4.107624546007623,0
6.19243763873737,222.89565614188126,17383.91553127772,8.228458070634675,,283.6255695660816,11.252602054720429,32.91508260101423,4.547857963416881,0
6.705811957243611,173.5557822302559,23930.619868328617,7.083569731604255,413.9460183691111,287.83749492284073,11.737930831625787,67.58704520678653,4.318521605269159,1
4.213567913989213,235.1469377906181,38825.68729342423,6.720946992489768,,489.5430761602768,13.423297121361658,57.081276454144465,4.755192911323387,0
6.654542737507867,241.34524387254777,32200.79849462251,8.326588150882884,,420.10628035577196,13.048288301459406,,2.9853085104660146,1
5.24005997022307,234.90247768565297,22463.63932781163,10.902593526988497,,368.23312736918234,15.002250645206209,52.423447096017846,4.079917671198928,0
5.181687416489892,159.64221163075786,27878.476454905165,9.559408665853569,329.07509376964737,287.9736006015694,11.437628602344567,40.18951100921501,3.0316860259579363,0
7.832794110801741,144.92071616809017,28037.575344582314,7.792358666761878,348.7411720249587,411.0681305108453,13.967687634843617,62.39638137207184,4.682993696226084,0
7.26271018859698,217.96312483125047,9618.932246284769,6.683113833015101,,494.81164736159997,13.042018582052316,77.40106770151085,5.588027390004955,1
5.92727392032408,239.33160885906224,40631.50938340312,7.976782905729201,337.99440107405934,294.17102199246847,12.118184944481321,87.00089428577942,3.584536955423782,1
6.339580621046477,202.36496045382938,32643.986336631548,10.327395327271276,336.09555093399064,401.32193798282265,10.036339113567475,72.87173801011787,2.4510206902918754,1
5.520619455393433,226.40484344396984,26482.81605702434,7.662005365697666,391.5417553887133,365.7629384135846,15.256449725139579,83.41908068044094,4.068652150518743,0
8.373378659623441,143.86134125468652,21499.575813305033,4.4743231405206885,316.9719013438044,501.9237618033279,12.27272229282371,69.96236015363114,4.202772424124372,1
,178.78297103797686,22941.565593411673,9.983668305131667,344.50817411951897,445.725931244087,16.15654303696934,90.98966253389179,3.903905273353895,0
3.405177958883602,180.5265559292835,3677.618310207188,7.368553987181833,308.96091154810193,437.5479619688235,8.673673337813007,52.214992256226274,4.893366703984206,0
8.863619276715411,223.36900282702888,28063.398444694016,7.347869316242353,319.39083800535053,448.9776501004342,11.85923951121213,,3.4224679379535816,1
7.523011191835901,249.81558525442563,33059.198316861904,7.268150727691467,,358.048965189576,20.120918470893105,65.47557755030047,4.287840311117636,0
7.785625705020418,149.9279555967837,35766.93524453994,6.532389301386592,384.0673873371462,199.76953468485658,17.16930294256108,100.94011851686759,5.717212451702916,0
10.61559624273434,176.90809799423099,29413.54345977444,9.303038210878988,332.2695865211201,336.45109924141053,8.986426600383261,88.09098258005113,5.250731656252891,0
7.184570776560259,229.2792915231797,10513.719300277307,7.462017828732204,269.80702321672595,466.23668270249135,16.098037510596853,68.34022612914038,3.1917214475346896,0
8.37553149106457,220.1115870200056,34386.49658752754,7.176818478665792,339.7991056542183,443.56897866730435,11.671489267645498,71.1338829093739,5.4803385048877145,0
6.548149241545247,158.7138856230339,29460.820746000147,4.90938085040759,301.73813889960275,500.1169120486429,7.371935739948763,93.59770211317114,5.179056575670808,0
7.435008998853156,221.3871223241223,21721.860886606246,8.072370268730907,219.74177633718648,448.6500984496943,20.13451060639874,55.17333717542983,5.275397341821053,0
7.99791259476209,254.5702923304452,31333.724860169918,9.017676193288668,352.11619564917896,362.93560842806966,16.469209190854116,57.68173235746568,4.540067703755884,1
6.09052306274628,198.70587605523278,28611.079868006163,7.879335123424296,,516.5889915632035,16.334677841531178,59.75368918000831,3.535227339907004,1
,211.63791456239065,17352.06976415291,6.1160669628112085,386.8190410378043,421.6994391372654,10.226978200481788,60.83643605469233,3.728870063662441,0
10.744056114139259,192.55653626260138,25984.725553703985,7.696357518982015,412.3016085583342,422.28239655982526,10.579332512473961,90.66078495442437,4.149245444786353,0
7.407661594576817,167.5224315008202,23429.223517857296,4.339860334921328,363.6411698050064,181.0,9.088433535640032,85.20100340398986,5.486457458437987,0
,171.45148215655502,36953.23385683216,6.591562917366128,376.0769659786461,365.50352108094256,19.317718677758226,67.06314678350249,4.164847735607258,0
5.767418130847004,168.59808165861446,21646.62372882292,8.616474284885943,278.4791201965651,369.0875737361076,8.912682609253364,75.63854883376439,2.6396623425465067,0
7.813799490434234,208.524370089954,20209.01899472414,5.132319716221464,329.57804261846724,519.8496782617527,15.858292523518339,68.4854750564581,2.5145115786116756,1
6.960344464299458,198.12894702557648,37323.261592403396,7.243894233588795,390.76384798914825,342.7818767246221,11.14500323356651,102.88730262794527,3.5132842364041945,0
2.9083360571542127,217.28364933911556,16744.355357498265,5.8766209855395815,,497.8178131419329,10.325210538304592,88.17980283755293,5.517650414745156,0
4.797279909869641,250.49866599933105,30291.77023295155,6.263721696908423,364.9930455126651,346.8346729320149,14.3117340542914,68.69964939428073,3.3832463074207446,0
4.925624857108826,114.95375502273872,20972.73534951813,9.763758842662842,360.56700007173885,511.5019092542292,12.173688136278944,66.5634305929759,3.7161084822881505,0
6.771992238984154,214.1061047518621,19293.627394943374,5.622056196274603,,431.7374659473572,16.358123527081965,44.13239941272927,3.874771520041966,1
8.616769094942574,174.8695546301264,37288.3426627209,7.873295230479687,322.4896934498211,441.59510894694154,14.649538209926536,65.75646349492696,4.800781657090521,1
,212.72669300741555,29163.687045193485,6.137521943078739,,363.5755746946468,13.434158650977729,37.20080988364313,4.837510763390865,0
7.2542672507999795,161.86644516435013,12671.958253729705,8.184550532711784,296.76361010097054,542.9064963956478,15.60189469940799,90.85965573548388,3.478379739587844,1
,171.07064605430185,36367.18466518028,5.060344017769945,374.4590232680101,517.8269495214523,17.428167459785463,87.43313128048828,4.240973763833044,0
6.597858968626162,188.3227521832544,19851.802644616346,7.606348021451727,317.4442262474947,318.67945650438406,13.764314942423914,64.49331865181287,3.7024274885827304,1
5.553041342539079,144.54093648043767,9678.12855306822,6.3396736792790005,277.6182952818194,321.3990475410684,10.467106064138276,47.90965198979043,4.243662216332966,1
7.004155285368162,232.61596594852153,19867.60212388719,6.409961996549091,374.34695630659104,358.4308798626829,18.082061237863986,67.96492799188715,5.735344079147208,0
6.42193326012766,241.79330224964892,11929.91706936257,7.136722779646927,347.09144042283316,398.43714165120014,15.394810382692498,23.382792385791774,3.0110052029968006,0
8.13201085974557,190.7799555408503,20800.046965368154,6.66051188623894,335.8123867973398,437.9652262879556,15.107918034560477,49.19584526462644,1.7823323205668036,0
6.141842130096757,176.49285213950301,19656.679390698224,3.5488306044190088,277.5559483685079,402.14164752481287,14.092157334372217,97.48725179583477,4.413277219705895,0
8.664985558575658,221.56731245085135,34840.934153670714,7.977626628393002,334.2486193945807,464.191742457554,16.514903666551742,67.12935783213824,4.730764859282401,1
4.862131546711188,180.4104196356159,2505.3963447877213,8.472249514612152,,504.33052266917446,12.072255991517153,35.06185330545427,4.202153655391179,0
4.921950741489251,125.65261483903161,16050.806896002916,4.3887520110090765,350.914584372266,442.7129045609042,15.00021085887496,53.894286383294556,2.4263308282858125,0
,193.42578431810853,37698.17729434902,7.409971322088648,328.9531631588164,283.66087117473154,14.488857490816132,67.55007101725307,4.12619918480935,1
7.721724077468269,186.70994114867347,22029.82944591719,9.018709718931287,282.6346166728322,513.2711080368819,12.299069049317644,54.222613893989354,2.925355785784033,1
,191.36246389618057,12552.631727910644,5.716440188316859,,375.316934939646,16.419701750019875,65.0252528322698,2.9974259310394182,0
,202.11125384115522,24885.247708770745,6.902594680359266,312.1488167809783,463.24515447593217,10.739069160595651,94.70696142293343,3.2482253726965737,0
5.806929454645048,210.18578040189638,21621.21858733801,5.091769522146141,365.94084640611226,428.5440040128664,16.277628332726668,80.98984898719492,2.730902860556747,0
6.539637742259335,196.9776119644964,32395.991246894715,6.290647309524066,318.4157392746791,513.81579725797,13.142694639227448,62.72394760346884,4.216737042954858,0
,161.5064743444786,18285.313244671514,6.468950836134881,314.08473989998834,519.9297320371295,16.29298819966042,45.99865508591644,3.627663770929544,1
9.67045622245917,128.78244748570677,23915.44233274749,8.053198707553552,306.68650803945224,404.0291265307758,16.37685055741767,54.35104246506874,2.958994693068528,0
9.73031677848659,177.36419870593724,17697.06475378977,9.066141956369314,298.5266074046747,331.67852520607687,10.568895520497211,86.11737141092419,6.001500455301076,0
,163.46422768095482,5758.448971389138,6.505369838449153,,416.5303565399854,15.035172632665288,88.12031244617506,3.614265876049541,0
9.115265228972046,213.81233618975114,25073.188032324128,10.159702410117903,,292.46377561499617,15.30329193446699,45.31707365017705,4.092410512250941,0
6.5018615599295355,175.2949359391671,32504.229774986095,6.645006641003714,291.53304938850954,428.4745079827123,15.444746742077019,61.33925610515729,3.7875290062510176,1
5.791344042709233,162.65054800112316,21550.997116110153,7.420228155403618,,461.6695539623795,16.708014450758526,76.86346434288372,3.805502939551446,1
2.6691794652761507,223.9933457644737,11450.013688177347,10.233563149035525,326.1343564038116,432.88033325797824,14.291871285354695,64.50867621216685,5.614933740549801,0
9.911162763417355,192.82659925916292,25121.435755019418,7.18682429570109,,485.41517542661563,15.0778785589228,72.1455785748553,3.479187054398868,0
5.344836271663059,179.23155520834362,25920.103513112404,4.61500474331819,272.47233140761904,438.6586066115368,12.742927835837541,39.66504571011359,4.908891203318119,0
,155.7707225671968,16118.234459697169,5.527731036624936,380.7431304104683,513.6415180576444,11.751455404784148,65.61937916349345,2.4847381988430373,1
8.996918019815553,203.20980357637507,26506.280867905858,8.994015108644195,314.27991382741834,437.7805738691143,15.694208038817745,82.12745629506703,5.357636412152608,1
8.151297446994253,232.21487951777502,5904.302685152077,6.483465554146831,,413.34492957128975,14.065741687827058,54.716141570614596,4.742386011663177,0
6.223859410708788,191.3851136724509,35470.827915081754,10.324460700241865,376.94864690727377,392.7677439893671,20.440096543187675,,3.416989546246209,0
5.713136756968029,200.2702113747534,14596.871165626482,11.44822774770345,357.062463972474,466.33903107013293,15.300120206000198,87.5912694004908,2.846164543188016,1
7.694992615534909,168.5728018501418,27788.786399486668,7.4607935979199596,,554.5805581766189,16.157635977086688,58.75084136810641,2.196256920723285,0
9.113330870099036,153.54692434296888,25397.358507904395,5.921008690611971,335.5330179694582,400.67096421987503,16.815256850425648,73.03460166314682,4.8285282043059725,1
5.392669694432116,199.00585697552944,34664.26130054778,6.426981499958446,382.8708061682004,451.72754817351034,13.454410120535357,61.799485399784,4.608527008035433,0
3.1075995936730547,234.861374787474,15511.262346472242,8.216231969847623,242.49944376792845,253.26947586763347,14.417727813089819,52.173118287306,4.28833112315058,0
4.336875398044308,185.3203657641546,23363.52493513156,7.490878703904139,368.6233831032212,481.918386135328,17.115775075054376,55.83435273315935,4.159807943882049,0
7.221352505496861,118.66132698257228,7174.47243501638,6.5674451427652984,407.42393655282206,656.7128360033474,14.318210718488102,80.71296345849586,4.636760053728381,0
3.363835131414736,190.8786882694378,4965.553100154266,5.845339447050133,402.88094666037324,531.6892933116651,13.952822600282234,57.02071821723923,3.358924074668205,0
8.941201725757603,165.57705469012387,28148.337647112876,6.412876349526213,340.58412478845077,286.1030001684495,14.313379436684052,61.420951142575426,4.663967825293878,1
6.895735950960946,189.62779191725673,6377.762280558742,9.85306741916073,379.7197005905323,609.3277661620549,11.122167522975664,48.58361981665456,3.9440621633011164,0
,175.53885917335043,20700.398683202315,5.41770169753984,,422.28219842742976,18.036306534442954,78.45000903796131,5.198786607737862,0
10.485665944726756,205.1103678254045,32103.918121350864,10.199828605278213,,445.4433409512761,12.980417359054352,75.49708835736732,3.8002105135606814,0
10.201013782843876,199.81493903021507,29669.50067607105,8.989145666232757,271.0811461972523,397.80279408961127,19.495992400923104,,4.433600943465191,0
5.337739567047924,196.63093900556734,16685.813510872937,9.277900724882205,371.4607140798971,395.65453393896195,15.332000391124373,77.81785844964091,4.572721062603286,0
,211.9424476505038,8185.771145044813,7.474335047580323,381.369750620677,233.4080990000012,19.280010323209105,74.73686565201776,4.7922473134649035,0
5.866103700583739,237.1694279252389,22544.406423664917,7.27368771883345,357.36482895110754,348.6609823216983,13.017058410343932,69.4185112384346,4.684507759840482,1
5.824538055556074,180.46950156047714,35148.76240231366,5.234986819833935,282.6081679419917,395.3491487797782,12.007196241852736,63.500277085324214,3.8150549856995517,0
4.208025234303234,245.804315135489,16707.409676276264,5.81432535665753,378.20237169759116,404.39096290648183,18.04697414223703,69.64994379452892,3.4144921431160253,0
,217.07743934004026,15409.521702654529,8.251883483664667,301.17240991264265,442.68702446349295,12.592551665301528,83.44402013159662,4.448655494835702,0
7.616051973125904,169.25351904685118,16132.503668870864,6.747009351064799,,518.4492154479664,7.0583662279943145,49.30167841841531,4.133248865981203,1
10.213867861901308,178.61207972467605,24252.33710613356,4.8388800150015285,,416.2523052001824,14.034425783041085,61.589863166451934,3.1139740729540035,1
4.991906706593097,211.88731980855255,8911.251612379812,7.413627757885993,358.2337037339606,310.2214578157431,20.420543298981208,78.33433434886646,3.7939624187900547,1
,229.993603769766,11395.617335299195,6.2096941183351095,374.94161591064716,453.5995083566864,11.179995885266264,101.75553635178903,5.586693484422628,0
4.826404414357542,142.2229193275409,9015.807354213192,4.954108573492949,325.9103906659288,407.25973764188524,17.75213699637657,48.05235067786586,3.5082613855368927,0
7.096349346629697,204.64538551986095,44327.96616177852,7.789008329229555,,409.74990637773817,11.974659628629311,48.05026940868636,4.203928930235292,0
7.594746166623977,191.10485383649853,21168.630351411644,6.625013501435699,357.62992311944436,436.6492670634536,6.352155169056299,74.04980521368998,4.1804314976170165,0
4.782039100979905,256.21894318149333,25126.613720350848,5.881889074916942,301.05910261777706,350.93152529420075,17.54611677399086,69.8758327503844,3.143037715665561,0
8.570563099783946,229.9675936131155,16434.23626631772,11.442947820461317,283.29915797513974,437.2523552059012,14.478233415913248,,4.04548403856102,0
3.71313395200306,175.4344183222387,27307.653246964986,8.7148966103802,256.4954300306502,476.8193840753366,17.772207784178654,46.47470885022456,2.9499241305209964,0
5.859395774311842,210.5477955485222,31632.560047254006,8.7449826403053,389.19755921444545,427.26383597719314,14.812844170593397,63.30179100740621,4.839631001383118,0
,198.70257400502882,20742.51239244574,5.068478212004981,364.69379777352765,346.30168488256237,12.029713558250123,85.97769747263936,3.988230802448436,1
5.754797317226527,213.401600160328,38815.8943085328,8.313726030561286,,396.17040785411626,19.59219179348228,45.81726909778999,4.403886959156791,0
5.882891147607854,161.8405135718872,19793.949772541953,5.639378183896128,,474.1300137457191,14.90219808485276,60.905630780570185,3.5276921301779876,0
7.474889625846843,172.4064800813826,7507.438055348515,7.108822113437595,294.53504130148843,616.3499924408104,10.42336085565737,87.38921797721537,4.179305440108167,1
5.368408639729982,189.5147027749118,24928.938431752224,8.5903346898822,363.70175483732214,352.2340570607579,14.199524606646202,81.0333111335733,3.160462760742492,0
7.469207588133699,270.09515372717135,22958.19872889359,6.138936900485271,276.10172466957084,500.04669264704046,12.975195817663677,,3.7210421024242404,1
,172.14651922072406,24897.114810976003,6.817774627283739,324.5764372245533,422.8218920452037,4.828179390529655,54.34233367641369,3.0912623392978897,0
7.065699247161586,177.022789001119,10983.381752013163,3.2590885581540383,348.28342679142463,491.5366770865215,16.16975755466824,69.7356433690106,3.8997688445769154,0
8.774380486288736,146.7707606843041,18413.170644490277,8.35529826351006,315.4305239880464,449.4470685506687,13.227474298401328,59.4260511116557,4.0812291618090075,1
7.584942871119221,186.6116184028597,14091.212858145456,5.77425238820604,265.22583917086297,488.28067490318574,14.268241857789521,69.88201239033363,3.934535370605108,1
,191.1840184805267,17055.20431218965,4.367847039312592,,376.89595425073685,15.917859395158612,61.53799836610612,4.829964546902632,1
,195.69465599745476,23098.834903729843,8.544785910250017,368.4094011388245,440.75257013746693,15.81840956347593,57.891667635700074,3.6219002116338617,0
,170.48383686849158,13953.991276571229,10.290205800821855,318.6326265998785,386.60807568172504,20.42806112919495,68.18275377057087,3.738828419783815,0
6.95785766453621,166.52399787080205,12354.39982036627,6.705984656654585,337.61125896607,556.754448034685,16.095262531263703,55.47356296431766,3.36587423057987,0
3.7936119753373685,201.17765899229033,320.0,11.723006331574098,404.0288037179296,528.1860429087818,15.228870402009688,58.58616723476161,4.273522821553446,0
6.221549246020655,204.7303713358477,12762.757954460645,9.846203260723298,298.3856375313359,404.47160614437314,14.58932728592645,60.28368927722218,4.036865101438976,1
9.94838484014461,162.22132177802268,27912.72813574762,8.56358060657361,,368.5934730644656,10.863712223952437,,3.5912677373159414,0
9.749725683620355,169.33551912223257,41779.49765900179,5.9113647156490625,,490.78420557374125,16.562767437877458,84.46360072517858,4.8844640935877575,1
6.373166173844502,213.5816270639153,16661.54622064284,9.702833765372159,296.7106595045662,301.01121514612146,14.641360986108483,112.57024416771932,4.047034777244302,0
5.7873111923694704,171.3702826705531,320.0,8.720907337522469,,266.2597010438684,7.9308692942867305,,4.314178566866609,0
,212.1375277393169,16097.534338762343,9.451467214365596,352.9034133210372,299.96269669795134,12.02893560323441,83.11632715947927,4.263908277189861,0
7.285504499893071,159.19872694370054,23886.884876525448,5.7376464137906895,370.50050931060343,523.8669933911867,10.562285793918058,74.4277120525889,4.261605249670593,1
5.6477908497550855,140.00488644903817,25166.92554049258,9.230643473155508,338.0033835553677,293.04673616778166,19.304506679754454,41.46694670202233,4.467007019631173,1
6.3651661473635235,225.5387115728808,17458.263443742595,6.257352243859817,,563.7689878448923,13.63664704735345,34.26933231043602,4.35309388500316,1
6.0982476199001105,156.11853921528214,22908.464565116377,7.720572064123801,311.16782738957255,531.9388406459614,16.930970402012207,83.31825480933767,3.9988718797438825,1
8.687500807729874,189.6395733717605,21490.74931392691,5.469964820801056,,373.79130811962824,9.72304673341985,49.648878618049594,4.04050636628493,1
6.7245243862778885,217.58673244481355,18502.949059669703,7.079297420985203,322.41346908220606,335.8615506682236,13.222612349265857,96.33989327954365,4.355616448760783,1
8.870637304009186,203.23549906077596,32783.73802843613,10.991281297268305,345.87083030587405,502.5189540866537,18.111664014013094,56.28941880264549,4.10311214692407,0
5.4492148840930525,209.0371736482727,19261.84151777404,7.491532640301299,,434.55781915636965,11.976950271250304,49.98990589669513,3.809836601053427,0
5.952200760353937,165.58761993159754,14693.499958324586,7.187213697441167,,255.2940515391994,7.802134068166346,84.88060958127863,3.92397650649235,0
5.4246669322323315,228.53801468181456,20875.6227708514,5.840156789206464,291.0504793480819,320.4198801625097,14.727870229783274,,3.240782523765216,1
8.711079887744159,159.92054204740595,29545.288279007873,6.012787382538422,316.2219195609823,423.4608091395107,11.561301962590518,107.4658689857977,3.983282064339844,1
8.099930190222404,187.8064317020492,28863.425864982863,7.095903928022113,313.69164788710737,409.8978227417356,12.90502396627252,70.77137403304006,4.1120736496501005,0
6.0319453943675585,143.02516215098018,33671.49152770787,9.12884946336602,380.0098665185864,452.2435130794035,17.538320677355852,51.9223222563126,4.058999297151998,1
,183.2039698895343,6950.158124163385,7.2180608283329075,248.5068962416945,502.4098109003803,11.540762684370806,47.0044875075714,3.322919340116723,1
4.474942948353572,162.60288854228583,29366.36402088451,4.9325324554717795,,408.01354132518685,11.115423822812335,93.29590291668931,4.008793492177076,0
5.2821603415610925,160.4961988292964,25817.32759234454,6.131329839294853,321.3925502310513,391.35647419059393,13.406297180350581,105.37019941998281,4.5823112335128675,0
6.2112774156336,181.29024498524305,13914.780817973879,8.412707264086889,253.07500614901355,327.33785435733665,15.53536447380224,47.510553204503495,2.5979805327313796,1
5.579732279979098,196.5638794589476,27515.915503709744,6.172157891651521,268.2126040294436,487.5473033579534,14.832434126187982,68.16029448277892,3.891899574554433,0
9.659774514943111,197.31235834144482,29408.973982063988,6.1621856777131345,273.4546490147308,364.81433144678965,15.347253163485837,80.32884409500306,3.427699161467869,1
3.9708388896948326,233.92248549798836,23500.142231511003,7.441762828407319,,332.7032935564642,20.12227731533298,86.15832645194786,3.314716220876493,0
,162.0856839068861,24540.499432182456,9.95008732125155,322.0321125171777,405.1370583357984,14.63725398310686,38.68475594082925,2.9742584578953406,1
6.250920741998937,176.31984700342852,27970.82940584814,7.961470114840665,320.7464854094534,398.4736895149068,11.956426941465212,62.28117358367129,5.008026828326108,1
6.264176464534033,210.07638739362545,12431.843499748096,7.898642008539023,322.69176384754536,587.3894459945534,14.035095458915402,58.47410621317255,3.7599555257445036,1
,238.3551751084323,16537.36119611712,7.96122973609484,339.96731562834674,289.29762925507384,17.48178521432336,63.100509287451786,4.014395745347011,0
5.580508546138161,150.20430563373208,23407.74701313929,5.400889234932702,298.58292071787946,533.459105760256,15.132517671401033,56.66722826273537,3.624449447810486,1
6.7017434785136745,189.93645787752152,14630.947955656362,9.963466659087853,400.05252851094497,563.0145994647861,17.944730680152215,59.87660960584529,3.423332599122268,1
4.242727420796797,230.20091081847698,34142.374480757775,8.711615403502378,370.75416670093716,343.76210207729287,12.623271668155171,60.617629156191704,5.308891339242163,0
7.333647122208063,191.93830828113457,19919.643185097808,8.262424157716934,380.8843575963364,421.2545679394065,14.91418700765992,55.93697236454618,4.367214864029067,1
5.76010913152151,242.05185760365984,30977.317139767925,6.747206480317244,,360.868276431957,13.556514877115994,89.18352928585705,4.332205738447467,0
6.7258318142636,195.29158564659787,31102.92323113219,4.279211251780968,379.6985412888177,455.70940520896886,12.171267666713726,63.38766472070292,3.705678336090121,0
,199.6851096164605,31563.832673158813,5.68373752547014,,537.2332028150479,13.273803868504736,59.80906855287233,4.834106282539944,0
13.252299337626873,209.38350755914757,26368.01154648242,10.381561711050976,405.760426276761,518.40640325615,18.517015582796727,66.02909591709431,4.471427516010447,0
4.659924390200042,309.0301219133869,35471.77252478659,4.385818494802815,301.66406562802626,384.0667707065142,9.973235388445152,48.36527775786783,3.6916260127012896,0
6.859013882485444,179.6061826090715,8118.641616052524,5.479148108165287,262.1320638515249,300.8425554828402,19.32660075892163,55.70719257589907,2.9321544141038918,1
5.626405886470609,222.03959202495213,38564.47350993057,6.922229203998847,295.23294167628876,517.2612288602855,10.618007746445793,60.521173079221875,4.352770935089284,0
8.273576625088648,222.29887622581677,29983.754972685885,7.334766948509894,,345.4077149640607,11.327152362811033,87.6184737481352,4.55718698889121,1
5.603618362187778,202.52564389178224,26004.23347853473,4.404809409095096,335.110178700118,419.21494633239786,18.34620654801703,97.5480666425283,3.236374444594222,0
4.873821057958947,169.04065671537649,25406.57705132813,7.246099635887821,,547.9622690256821,15.724255903983742,60.135695324702475,2.959900526674441,0
6.8256755487876095,226.27387965489845,14184.017418589481,4.083620713798145,,507.84403606044754,15.548184648969857,75.45587931288965,4.895584416873884,0
7.256321882472443,188.98286458032695,17881.90291106855,7.068694800921728,,295.0401526960889,10.421122050629545,65.5118605602753,3.759462837391264,1
8.604253619721367,158.14174121351368,9091.239384695113,5.84092353768371,270.5183715891067,634.5868813001584,15.177242555159692,97.74155461344992,4.5642809723351405,0
6.062528739277217,211.48722948193333,12452.50011323337,6.911258503833057,303.4398049385456,458.7430024910439,11.434121842599996,61.90259950187097,3.307367879567329,1
6.198812345410102,240.2675668280071,18215.141238389624,8.920752210957021,,379.5195088799428,12.528524519354583,53.393219966252076,3.9054090249036317,1
,228.55014410379385,19275.44430912185,7.129684738504438,,466.7462807171829,14.438288903572621,71.26174965200568,2.3265518337924087,1
,167.43229392721602,20669.74465570328,7.755308368342872,321.0969450358076,584.9891356517614,12.47983259786776,72.15864030422584,3.440185443988122,0
7.417615029301191,198.46206716762845,42735.33312031007,7.81160574934229,382.88007703308705,369.2543037671835,14.596228020803922,88.01153252830142,3.79879507568602,0
7.9157293650981035,217.10290035503692,24284.054331891053,4.676422371843655,,450.11619987347916,12.761774330212152,64.72823267812883,3.248841279183726,1
6.2556172180559955,195.64318028262127,26922.503562829424,4.895961839244258,354.3562692949616,335.45863849459164,20.536553521540146,69.61232939812457,3.1115247468446627,0
6.916836015346834,176.12298709837742,18529.905670452936,7.665801811970621,314.3842318454973,454.2308036097006,14.68281089045002,90.44552130797003,3.960503782775286,1
5.296976140936175,204.6146677370112,13173.579671675736,6.97798475814468,312.93848709202797,493.80846411739805,22.24516533735548,81.8361807404078,4.486412036573067,0
7.705855300243874,156.68746313006642,33614.79860471374,9.797491200256196,246.57102708959383,620.830273605076,18.40739887330071,64.8663298752167,2.8817312409703217,1
7.520182075554483,162.5043466000185,14296.166282565453,8.52081572759218,333.40625385015795,334.5530218633854,16.57196904195291,74.07122567091896,3.918523117033736,1
6.793053264875954,202.00785243784728,23012.7424580939,7.866671716342104,316.71486294829447,395.1346068550046,14.692142858928861,55.256495145958226,2.609959182252238,1
8.994076899294392,243.613928665609,8844.902568123469,5.382218313732395,375.05877990153306,375.61236743202204,15.315284577989452,63.05771189771827,4.646334696565001,0
7.051520783880292,169.91415447887488,21290.23434110668,7.014790470970605,331.2369209025975,317.55448623725215,16.18759030499661,56.32970689814988,3.84722087540493,1
4.585200528270311,199.52139513335297,39552.89847244932,10.227312314044125,,368.1133336663395,15.516943256187165,52.25010412427946,2.6368671626669746,0
4.940859775788878,219.89081273446132,43162.156845704,8.615960968610858,328.23965504378117,303.5096263904819,15.967366896338758,80.29069276523683,3.7334537907416827,0
6.98091723074455,194.464135353368,20947.070046772096,7.761406458442468,393.2970697721179,237.37729870933953,15.018119435606566,,3.645397438132095,1
6.012050648937583,184.96188436409113,30525.829191838762,5.564879323723308,359.7629056062721,477.220028580536,10.295986859426723,65.60923094992214,4.4220737252429005,1
7.157990867992517,211.9689870566016,35092.01514793602,9.107270295299918,366.0585852181846,373.37883505447724,14.610008999392608,64.02051463679346,3.1446239067347834,1
,203.1755397068878,19959.88821395895,8.657575421675404,328.0744942217024,414.8176890122582,16.497267739874687,57.39799400250376,2.2993815715466575,1
5.76447647469506,232.6690202319133,35451.64732998665,6.553079065623156,355.5769528223759,274.8912360551244,16.53644166579765,69.57734407270459,3.6499077484595146,0
7.678234885560612,144.81522883434957,40036.902823853656,9.910162495572504,329.9773464288355,529.1893571412803,19.332241587577716,63.297518466804675,4.30307061540102,0
7.455287731029193,204.21009180016085,30079.394252793587,6.818359883106214,,393.91406212628624,15.816301931133049,65.29059200976772,3.3898519635773656,1
,185.1782620388698,22037.886918493667,8.839305513094258,305.9739833770984,505.78909126893126,11.14385116659937,68.66350613833224,4.449829542712649,0
4.521199584280108,162.6333764041401,18661.230033466454,8.676599446099516,363.6443366416033,509.130415154404,18.26467906976621,85.32256617269091,4.467872586070946,0
6.937966946131057,209.73774150016158,18933.80051124221,8.777060125375424,372.7073553046955,399.4432172846564,10.845546525225867,43.78947489993599,4.777955187061731,0
4.8640789760953425,204.53617263007996,33710.355949954734,4.796096640593836,365.76201016094706,380.4342856483282,10.511006752965052,79.07164283969453,3.939889767810043,0
6.778900563155638,271.3619928233732,10729.95378263168,7.842841642226656,368.04526859454035,437.6329096871737,15.209300891968864,66.9381016412951,5.09168452049053,0
4.965610129020847,175.63160784124386,27091.521156614017,6.683782437941333,,496.3521447157036,14.341248753942827,42.05804512075768,4.295697434085265,0
5.491762939496412,247.9038542024211,29499.790587213964,8.80044465779949,,494.26288947393084,15.028208140814122,58.89766101801063,3.522615479705555,0
8.435697551543745,209.83480200345102,21492.209202863265,4.136499320464363,,383.66404024877085,16.328270783564893,40.854651858471605,3.5284739383967967,0
,195.30063455221708,15961.401566028722,5.95199982025024,333.435662792305,470.04962670180925,10.099603249037783,61.35252672609189,6.176368417272652,1
6.882604041635975,225.47362601310357,24158.396932944543,7.3348378448281135,421.9201311949465,296.3172639501523,14.23523227496844,60.46452028406209,5.0866931047538975,0
8.482135151527173,217.3008476558883,33997.59527463623,3.5668015466768104,307.63659910181025,473.69435380450585,14.663721174180294,87.73046669683004,3.129908777081517,0
,207.07548629205965,17712.519387409106,5.200837905765477,,523.4052169616481,12.983314066409415,54.34890788285528,4.309149509844692,1
9.503813924252462,206.8203374754218,19591.267598736802,3.8387412377013534,,395.0132818395802,14.619932817702077,89.6295546876966,2.831188084551293,0
6.326307482573615,191.63620669165965,22544.177061743543,6.773127728280552,320.51904536541326,365.6647445584116,13.942188288790618,68.34197914922277,4.164467324935813,1
7.648018271653678,137.5997899583159,12753.39898624441,7.9422530836933225,346.2811723780608,447.34122982890887,23.81054755405932,54.607148200073325,5.4739224292259365,1
,224.08047608379042,12809.23485107748,7.282121478602633,342.47773486670303,446.8005909520387,18.06671348856137,92.1027922593096,3.355039588514539,0
,189.66212014903542,15314.886859899165,7.237980137009033,299.8461467532653,488.90637510948176,16.667259353675572,51.84003564791083,5.251918278003484,0
5.690558212909335,112.78720733895206,27762.242436854787,6.9937517210088345,373.66629917357284,434.8489530883622,14.304427441612424,72.49970333944462,2.911915662548212,1
,230.62281455046,13912.299456000885,8.318931735066752,,316.0968696846653,13.126644629338855,78.12764750142685,4.568028275354951,1
,206.78509206743328,15273.67331678501,6.918006546785722,,373.05283973327914,9.688123055002766,65.36705745516082,4.587481814903803,0
7.029424155671345,234.48528244590068,5263.243496750767,5.629577066687662,383.0543168371215,491.0336966541741,16.940558230160725,62.42081594005815,5.5289764137956485,1
,242.51882302592006,7915.222058731499,8.548679267208422,,338.7976196188062,14.597132694194418,57.020900442202944,4.053033713815356,0
8.435348977918029,133.15783727931284,31892.30562278489,5.254906514797945,312.86703530739754,431.8993412893162,11.892083668548372,65.46505108442244,3.3798215472066913,1
8.516611183420226,190.40713580122477,19473.350839362014,7.338531208782269,311.7007881760392,291.25580318598793,15.229271506461231,48.98395675130324,4.6316247710467335,0
,233.23959372115024,25009.992694457622,9.999598930383808,,489.7233644317037,10.274500017387485,46.435783241158276,3.5286874565632513,1
8.184189824106582,222.74165416540262,25291.901816970632,8.806594716315274,347.2524928496544,519.7222044237511,14.686841961723369,,2.363574067685165,1
4.501592973789782,224.34719413213958,28075.590883529432,8.05903474729162,306.2508032708536,436.67938102455236,14.17554387662911,92.54341473591958,3.1006038626926395,0
9.008101738871064,216.32942852528294,30858.959308795726,7.761109390070264,,424.258615431547,8.022682184414293,19.534420874293758,4.199726464904867,0
4.2630454570112,222.62461801486933,30057.55078583955,6.7779995891283775,288.36758163720003,466.2658102932944,16.84057874844619,67.19848141800593,4.709680245114137,0
5.696781160464281,244.78478670046306,33000.74527482654,6.725343486770735,,215.7461652607341,16.463658529805407,57.23348974743532,5.743075602646815,0
5.103429670015737,228.42685921398402,34218.43574413618,7.840031018381219,,457.3718888478113,10.098208488755397,84.37022116638394,3.675971238354031,0
3.742287264919502,191.8829822885003,3216.9700787922375,8.290400768022424,,397.16738722511707,10.535441072829917,47.9927452225774,4.744264777255332,0
,168.18550708255162,16057.629812151776,5.995481422967932,305.5284656482608,383.0008320418482,11.5277099911014,47.5483849585126,4.428319168440529,1
10.150960412106532,255.87292765515804,17927.60456396006,8.85432208269164,343.0766672762121,322.1053837577175,18.304850314554233,58.19903119660579,3.659277119914023,0
11.700429400176017,189.17968193285105,15923.696936887987,8.069494136131992,364.1120940756645,454.33494783820396,5.4436218540551895,56.179333145812066,4.641192144699759,0
8.675057741156461,199.3924287552781,30740.384175605723,5.717191110686406,409.9971862606918,498.4279997214146,9.304880687157912,70.86755184733387,2.6338567378512217,1
7.9237136219386,229.8450914544593,17759.59237643558,7.80100081561643,254.1213373173542,375.3174816241383,12.277393806182516,69.13037742358048,3.6999676588668655,1
,189.45369731264202,14612.217625602942,7.116776907920139,,267.0053113883581,14.513564300167124,66.20335492795854,4.253355669037404,1
10.18222790001467,149.827565983075,23558.22432901456,8.56208877881436,322.12487295193483,398.7704762288713,13.03735130682939,43.23177423006317,4.4186337421429736,1
6.28413242797097,144.4709772312682,27287.631361100262,7.229098898755706,328.09204221280675,467.8280279743049,11.908714728412079,82.34474705132656,4.478998008886644,0
7.251138465760684,213.36459147466115,24057.940434017895,8.886793880020546,,467.28047791202573,16.71907891290804,48.361574619776576,3.6164478494699956,0
7.017942679707325,175.61273027560216,36118.51123115075,7.842974754449659,391.45087740974077,368.9582457837984,10.321761468315898,82.98411594175337,4.800034752021523,1
7.840031093646539,180.64337199846844,28304.56644743088,6.113165175624642,304.33744914026795,465.2837890521454,12.12604141205159,67.49165324662796,4.398041263302377,1
6.760510260192622,177.5723582768196,29058.78660695638,5.473160304254061,383.9230757376759,436.84567795414057,17.794699123107414,82.77947492571171,3.156641933237777,0
,243.65621243355153,9732.612926351932,6.384163853468819,329.96334823978964,481.5975517222282,12.754459980517964,93.93742272823448,3.522517359692645,1
8.387525971194945,166.88283215109712,11968.646420318102,7.9470707722436,319.1221027553253,388.38687374088653,11.617754168828826,54.641296970239125,3.5751799227561225,0
4.981142091070176,242.22567823646904,18887.715219288537,5.967600877095145,377.2851093455308,482.8705835427472,14.886428822693782,87.42786002417908,3.1257732130140345,0
6.807224024506228,184.45284719373365,30508.069833224872,5.382563656880027,405.2258055190131,445.7396978147118,19.612432461678974,64.40903171944792,3.39086446275397,0
10.341609844294856,172.12800461820763,35010.159249776436,11.414691733831887,299.0403992610296,527.1149579395483,12.484789317884278,39.218874952316156,3.8382293730334642,0
8.995308274654688,222.243425347219,19795.863248937778,6.792055601257919,395.6462088862334,512.6998265552747,13.129132019826562,55.922603447959595,4.095119769173983,0
,149.1876472605385,20503.008696163986,5.7877230226642045,,443.0308841845557,15.591645283495366,74.24422053242711,3.03018611561551,0
6.932735159068072,224.83136192976139,15666.838456336176,11.641360467651182,,316.16983772119255,12.295182310216763,72.71095744846198,3.7628691776724175,1
7.477795614634842,259.84899008103,25329.01568198094,6.863650140112584,322.60272138296494,340.5534570269219,16.29168892549862,87.30568248932703,4.5529451682609565,0
8.704025100065266,217.3312741492281,17454.18083944778,5.104197250454424,,413.5600733292164,14.609798303505153,86.02969315294945,3.980135871017077,0
6.1004148971118966,196.47284193917014,38319.140712811655,5.412505107724976,,425.1215511862669,14.682972707858308,76.0414985495593,3.832168588657585,1
6.195695155444464,154.4487740392606,31538.81043721609,5.58928883388454,,304.99972855105693,15.936464781583595,45.27948255420746,5.204930963124243,1
,215.5767136931376,28874.371561576365,7.75426625811131,337.3482147657393,397.36994455729064,12.485686453960458,45.228298025156406,4.422483447802178,1
7.569135201827036,187.13299291851433,9876.567953681524,4.87269339291261,351.61114558814995,344.3031210306275,7.789985787214344,58.20191436852829,3.66875073291957,1
6.570519583479539,181.9286750284579,22643.306163662008,8.111614951807708,362.675706261544,496.33788585543016,10.143133889409171,92.8050150965943,3.8150282559289246,1
,229.13619902226006,21538.675194009957,7.1358899306375925,,376.05269875528086,15.11981234273082,65.6348608504074,4.6784954982908085,0
4.642510223407913,166.49227760872114,21074.96426969529,8.48558980586693,378.4923432835477,417.4679467020254,21.637891358021808,40.475603207459216,3.7843207715500866,0
5.900969937220603,224.67027567615628,31958.770909899227,7.266134131053358,361.73341012500856,309.7736297663888,11.979542959347068,,4.77616726105004,0
4.375735289837116,162.30554100856884,23302.68286313435,10.557586077297032,279.825072976145,491.10140839294775,22.42920018547463,84.42646332165882,4.039200791953795,0
10.66396969091846,184.65421534789306,15507.869960585114,8.880974777872392,356.1283047831698,434.7257138670611,17.014847709243696,40.73412209734806,4.666377253460683,0
7.537211100338168,217.91004449156986,16172.497324091139,4.5920630256883985,321.7241580484412,495.58018226779495,12.092319723897345,,3.8678260274267524,1
6.795689024827109,211.55003807786116,30763.834500340996,5.357124015035577,,444.90667780815306,16.68925556245991,75.81497198691686,4.432660483522923,0
7.958538015302098,174.96447961120765,28315.503418711094,6.700290223366616,,467.37682976594857,11.638951025997748,45.96400335118143,5.019750638427544,0
8.632221304679826,236.39008253215619,32557.150878444736,7.764087449089169,351.1685415467408,349.1292657765316,8.893547268753032,108.69682774873871,4.132269307366858,0
11.09171156351368,190.5533133347064,10661.57300057239,8.176701390627612,,519.0745635494187,15.95721314055754,77.48690349668895,4.571264757539218,1
,236.8433563145569,39713.61947566063,9.148825687437014,,471.3899581606249,18.19721601145999,92.63196227266843,2.955123595087127,0
6.98226111690298,183.98932155835075,4922.1330650502605,7.653885781972745,,417.29368981166107,20.367620315918582,64.88241759547877,3.6422588427198903,1
6.36383975107765,233.84351130058715,29328.329396893612,5.866716313321967,337.96345710235437,473.27350730084214,8.876065551328445,25.162162149766154,4.658397164010498,0
8.284256979796096,271.20497205271647,5231.838541788504,5.9940913856787015,275.92379231285537,561.6415311935544,14.2303234180334,80.30684573957711,3.7219545736960304,0
5.950699689048684,224.2455404976163,15528.951288374097,8.214501583076327,317.27015267284685,498.4988009582296,16.453987924789516,67.52891371209857,4.218352538536047,0
5.23436513107678,172.18198006724583,11413.107624007225,7.97643294598747,333.42729776195284,452.65263921061654,11.79577572817689,56.56787206921719,3.36584791747611,1
7.617774775964666,203.43591867382273,30448.5511411791,3.890039830287607,,442.3682601141819,16.561715902960827,67.3732873235172,4.184810346246653,0
6.453558233334743,198.55050196965533,30850.434108549485,6.184013444971609,325.8507351471194,458.4820239697728,9.934385472097823,82.55351512170516,3.1395719222085434,1
3.700174267733638,224.1417330445528,18026.69920604047,6.194543315320545,,410.4914254619086,16.44234718040516,95.44220555495063,3.07673132057681,0
8.186542169800102,144.7870981359276,23725.723419686066,5.133537025341708,,373.0694200805686,13.976220453589768,47.77235808006161,5.498050453324602,0
8.483725745980621,230.68927936455708,27572.512996996913,5.147442873520234,345.66171749826304,530.8146469625655,9.717367901350375,87.97119285846863,3.7959475455192053,1
5.76036296596163,205.36861033954338,26461.220058340703,8.798130224777914,344.65863816380374,484.1501233992052,13.537937075310541,70.4473553574623,5.441305843986104,1
4.420627364437348,193.13733905357137,14572.97034266968,6.856398783579653,341.62933927821814,332.2807619667807,14.60342778368983,63.18222117854836,3.2145998319043807,1
8.229617034362574,226.26571730949053,26019.18788497073,6.103951733828954,,468.7613375085689,16.329886677093906,,2.3955594281606585,1
6.206164472441719,201.99855123263615,22734.330220835946,5.711786152505946,364.7082121590037,458.42431660496476,14.062960820546166,57.44251345026262,4.834592074730143,1
4.777814562733635,198.64435737987174,25158.632021368212,8.194114899907742,322.23236500901555,513.8008548495025,16.537753779018225,39.05811523476696,2.8417729265657554,1
7.374076495151258,204.42067807458344,15523.315046869355,7.229502104675355,384.8789889109414,425.5599220085245,13.880625416711318,52.81248396129812,3.265066678520561,1
8.151810825862412,192.191729299009,22024.791074871893,9.474271312521747,261.79129283333265,394.19145727090256,15.996494083733637,81.54014100820103,4.374687600890289,1
7.053531441454467,195.27680978986407,14465.107998280335,5.48169408926371,356.9588189110787,316.2831444723585,9.859618083501866,72.31040497000367,4.345850320846206,1
6.6505819365810135,177.39916233714382,3822.943200271744,6.440570927713392,,368.82163625467956,14.019426203623077,65.52167239423,2.1407425501891892,1
,172.46498341128364,28986.43654862707,7.120890378621621,,517.2197544406789,17.665380154192118,80.41694279050763,3.6029740915198913,1
,218.48525197348135,27277.736878994587,5.744851767515999,365.84656733427397,422.6259604390713,7.907945835359246,102.27621099736342,5.476340819529186,0
5.5823434656718,153.24050139608772,21857.491718259327,7.258566129798524,,415.2165505526958,14.636422868331577,61.164930440177734,5.31053109524028,1
,168.6084791584633,23664.01703559232,7.697301072981727,366.8055393916525,524.0586550422194,13.792681100510293,77.026807140826,2.958037258620108,1
5.3629207647719,124.45257640016693,20565.189073997044,8.74856095451583,338.27689883096787,466.94613168343204,12.695429148461718,80.75573968699739,2.964755742431183,0
7.5860142496518,198.0935274733691,18735.367411214,9.358633983238246,,365.61184681701525,13.78712203521525,71.85369253157174,3.373365226655655,1
,159.42568583002333,30020.393390646143,5.056724424349938,254.73704072244576,411.79074499806075,12.694292705157697,61.40882483643101,3.223363219110456,0
10.58767486385793,200.27210250413754,32710.171039263667,9.916493655137488,334.5385531411308,360.7995637296961,11.83754367743936,63.71408076127781,3.3110819386047177,0
6.9821962054372,242.23759073287027,26879.71852601588,6.344280052576567,262.10754187498526,458.844505468233,14.223995577083947,51.51408836256796,3.6843747058290393,1
5.897798208881941,201.15897859422256,55946.05564946004,6.217852281558439,362.5810967277041,495.58774241466193,14.334890020197662,92.54580177423169,4.196618667797155,0
7.414171996662468,208.37279553651385,22873.553211985643,7.8538650608942655,298.3266825454643,512.6829891857996,10.22722407268929,54.7807147364393,4.537055804299869,1
,252.22472017659805,21512.390760141614,5.868312863474737,,452.7189107471495,17.132201319179448,55.20187512825382,4.2606219542730965,1
7.6190448706839335,214.9026293158618,32116.244340497855,4.9683608544258,320.1192696680236,370.8214545295012,13.082826822941009,93.09835019162793,4.154625214527518,0
7.458850957525353,133.1126744603194,31963.499030429237,7.018514419147589,296.94167426655827,359.47813866933734,17.133191841908214,87.8411796406094,4.335119049898898,0
4.870925173402536,153.2288904564052,39123.004485969665,5.621707037329702,322.5492117437995,513.556361253512,8.270392259940547,63.67389415707773,3.4963361078863544,0
8.70341116131298,202.1621377587407,19461.574525746983,6.942529422975754,371.106766908342,429.4459549425645,17.270188890355133,26.66365151724832,4.049582104240725,1
,156.78488024597385,25356.900033472295,8.171181561684962,,469.5719039719092,15.145831497358177,70.49952288842583,3.5076584173170873,1
6.369299604880925,195.440822866331,18659.870451605268,8.274405866206985,358.6603762729064,265.34938272268937,6.665199984555728,66.58831766274619,4.237398904580259,1
5.942620049479209,244.734120984181,21119.162098318637,4.985403314201818,271.6976217482636,438.0351123071481,15.830991601813855,36.226391989758284,5.696822299500673,0
7.324125755169728,190.35929006596336,28300.818512237947,6.0571256073005,353.9276751375207,463.46390748122775,9.955596784054233,71.04417443558224,2.8755381460986236,1
5.1318163099018035,215.73419057221201,37177.28882248771,5.628338812541071,347.60105874459276,304.6635645887702,14.460525279739874,60.21766093937033,3.755687900209776,0
,197.97043348461773,21942.754609130407,7.2968357682820795,310.26898412732317,465.8531090260456,12.731392114072403,59.96681305648625,2.7653829776492618,1
9.103085419628203,212.46868698534755,19996.95354413768,4.853356448173865,384.1689110697012,502.00597069028595,14.965671175833767,10.320822363559088,3.3365095052481393,0
7.5864987729203825,177.9956004659298,16104.695578865434,7.3891998415206475,357.56051425778696,342.3595978234729,14.2455064088899,83.53817488865457,3.139876658253082,1
5.221731762272423,204.67000550761918,20699.47048056844,4.779979704666964,377.5611809119826,496.29309674295456,23.391906634793187,56.386579918854125,4.957125629738249,0
6.224382753287845,175.38773910579098,40590.49844592182,6.755156321599202,,542.1480309352602,14.197095450334318,58.793684020234565,3.5352880143767362,1
5.49133554741336,250.5700957694605,17462.825687169756,9.053346394777487,387.37529936039687,375.5614926380372,10.361592231308263,80.54152749205655,3.646558592003651,0
7.470913827734106,231.68135378495793,24646.70142710512,10.046982683078003,367.89855712989987,351.9859625354278,18.85540272236035,82.87088790220247,2.4857279906834053,1
7.221135902320389,144.93858412961612,16551.579540164774,9.363582546862704,385.4306326312464,483.4765084800324,18.827100010904307,68.20230079396478,3.795191983139804,1
7.729435038508742,198.86205398060656,12177.509178652914,7.909806232053719,,298.25344449509873,10.125392061005412,76.42395830242698,4.218407956443725,0
8.76420951832171,256.812680953341,15589.4730913811,7.4446184534825655,243.01169713297463,393.257968137394,12.617524606288782,32.49072790794105,5.494129194870767,1
7.997643294399732,202.56011283605784,4340.224186378626,7.710149539287316,,497.81554275743525,13.995537674965423,76.16292994174542,3.562259273769416,1
5.900803389728971,223.16718025123635,3704.525403123902,7.141554888623418,390.4886762735585,475.93268610592736,14.388810447608837,60.02053373552461,3.835637747526509,0
6.92190542810923,245.3361357843039,18706.27413251843,7.160894210325516,350.77654532820037,379.9711917861501,16.911976378281466,59.05579825799074,4.386839697448485,0
6.602914993937752,186.73553054462934,18889.374156794936,7.372121849387188,321.0706561487529,370.4473414073535,6.054856197036539,72.3183640452313,4.802195447679605,1
4.611212662393889,166.3256370158203,35395.363958550675,7.139309442686767,,358.00866904090793,17.15200282901768,95.00242836451898,4.6514343569736125,0
4.824448202868393,199.4470543318026,15722.15337997628,5.712099360445763,321.9532820236057,478.58145489387897,9.78186471143399,85.45765142315214,5.25246101088806,0
8.642030044206168,261.08776328318305,38006.07451431905,7.94578955227578,344.3654997551581,364.68766201510226,10.85845775968916,84.93398129457799,3.155806982029927,0
7.765850856501847,209.94335986933623,22608.535920251135,8.561658872025749,323.13304695151373,394.3107452471685,12.460088590361261,51.96133025654883,3.982955626852441,1
,229.30672173435255,16853.880861183767,9.193249962652363,345.7305571414943,335.7843997043673,17.144096602954814,84.53580159772258,3.1879954750738846,0
5.725867402481085,226.96274170792742,16283.862940027913,5.067820272448529,318.94554743367655,419.3181253813799,16.732692481365955,53.67525935106764,3.481401587189196,1
,171.75593465593414,14876.150236463314,6.566607186318204,317.0262031549084,558.1731068383876,12.093413110447855,64.84115249642288,3.6180309660308017,1
7.096716368650928,179.0217972997951,20651.634623368955,8.397189690087378,341.80384027808253,396.5129804879372,14.070535590646966,53.3131076175128,3.7724036669731342,1
,251.86522037974066,22383.13347830154,7.6005581761910275,,419.19561890600545,11.209659658719048,66.88104499409755,3.543338235055083,1
6.850708223273261,150.0719876978748,15655.801736322353,6.768639946361862,351.86774921821313,417.81921816602437,13.830877697060018,67.54178097756692,3.3658764788905344,0
5.948906766395309,201.00101361936984,5669.593872018344,9.892032486339748,323.6955463479158,596.7817742339671,17.07516428004663,52.362839924894104,3.2222698653159174,1
8.13652193777762,168.8846444627808,25241.018105999075,9.921670127908781,,434.27454704868336,16.63569034929967,69.95829407514435,3.4811434531730616,0
9.664910127077151,160.57427356179855,19668.364558214053,6.125469105855328,321.9793460955783,471.32692243831406,12.371396523870255,86.87195765477286,5.392183154714185,0
,172.2902498194224,16249.225970154188,7.527805026578198,358.57679070855505,261.840189323543,18.66261416851124,90.3579703767017,5.134727461542488,0
5.6196541914909375,284.48598735867904,21099.05815549209,7.381876981023123,,463.34965868177034,16.541009732523722,64.70566174404446,4.64350676673718,0
6.137701576650933,161.1814342887921,25722.897664919565,7.192290959284636,,551.1685290833275,13.013735663536883,69.08460982918598,4.290781850717138,1
7.417275291325299,181.47779168091745,23760.68948812066,10.227806354450193,,479.1610651467456,16.497562359396703,63.166619518962506,3.386524479345004,1
5.209519974412773,154.71730175485112,23586.03590402317,6.959497255474492,351.9880901059527,464.7018633467601,15.863649050861298,38.426009358985056,4.130965736335433,0
6.208102722132742,132.96864644225798,25207.70700798232,6.178614600060435,,531.0957429807961,13.879437802253294,86.60920165441371,4.182164429580053,0
6.705103418140224,165.9561420644302,27388.039236925353,7.837824471908474,323.302400062267,513.5820197777331,14.728302698320755,88.43302974041899,4.645892731553262,1
,247.8368454823062,21581.508578763933,8.761206571345495,401.5499237703904,307.5011897961928,13.6205837399667,56.25292485661181,4.263755298225616,0
3.1546670542962394,209.19964131267824,32042.300377545238,7.332405055912939,,364.34347764601057,17.8971032841237,79.17203621643164,2.991236162629555,0
9.070473157288879,218.45082820055373,24912.204052176457,8.239488319300042,375.5591741083276,385.2838244866934,9.91472441498065,71.50644040223278,3.7196799791370023,0
6.809266737421796,236.95451979207965,32847.93923293994,10.715090494837025,337.68741861513826,414.9287232083308,17.713694307417583,71.86811205376786,3.058733718136919,1
7.002797752937531,218.43526008862798,24021.11657429313,7.094034210436819,,434.14879607625465,16.77882723780213,52.34267602147366,3.7057060503105896,1
9.023895834069236,246.07879543906787,22258.797035653937,5.246934615771792,,461.104073685811,15.768115506240623,53.33035011652875,4.442546129273374,0
8.217416524621886,175.3517340272236,25373.86291109959,7.400020375792897,,502.9977449433635,12.940999306543382,69.82969990804791,4.912419051515491,0
5.980945407612026,149.2504517956782,20809.249854911068,7.3699356736958475,,499.808226163398,16.27615548188008,35.302167555870284,2.9496562490763076,1
5.533748935402547,190.9866188243628,16844.869423275657,7.5734827695161355,,303.7427653826935,17.671477605775298,62.9718904033667,2.719252511804453,1
10.607721003127324,134.88341960137873,28819.536019963332,6.693469881471762,425.8369579391098,397.614044184949,13.626273360664152,37.566211607833054,3.0279011802031555,0
5.739260769335425,215.82979143447898,23370.36292402934,7.344062745691599,,475.62925068261836,13.316589523668123,60.53917607680379,4.021833971732703,1
6.618340722978315,135.02715134947636,29659.849661785785,6.55985104757128,,465.9139892884091,14.92799634538945,88.56797128365847,4.304228642966574,0
7.517267479178417,238.2148746477973,24225.742570719547,5.388164720490742,301.5602407576696,476.77603641065207,19.745497342234145,60.6997141489485,4.635017983058734,0
7.816337357077316,135.26579553136,44838.83613389717,6.7247567852302215,316.68828573270764,450.9187176936297,12.606593257817067,36.763137587591544,2.9270803746328244,1
5.49712441453179,119.5080146017577,29363.54703935771,8.887368882846795,,427.31884063727836,12.568841857161297,55.96425218308454,5.7298993996993195,0
4.837794943874336,198.67472776123364,14239.691906269796,9.14951955968807,356.34448416037446,427.9010847036517,20.50630126290183,85.10335348128208,4.050366492640234,1
6.3438719737237665,178.6992508164088,14892.224443652554,8.316711841353335,317.53393017113984,528.4340258112719,13.251565787945609,,4.220069482345656,0
3.111750962222402,145.56679507383367,12708.043466177394,3.813491391314979,401.54450604981105,533.3068662279047,13.095057881031995,71.52251837666904,3.6120237819540733,0
,202.35875227910805,22964.147546618882,7.136356945556493,354.75880816989456,386.4746144570589,11.763258269589759,68.57875360979294,3.5193804967304794,1
3.5049683328881533,201.25500531338025,22640.06619220757,5.766204233116952,334.2602787397773,566.0490856410688,13.942896875444974,84.189054663972,5.295044198227786,0
6.172202115108961,166.652738319448,16682.18561478584,8.64855496944327,,379.3133578506611,14.619723459045545,61.006710018326345,4.814789074316863,1
,183.5201326654894,5534.4489516915455,3.669833527779158,372.24217909100935,497.37948477722125,12.143814508827928,101.2571329131838,2.696638317896105,0
,144.53521857947797,38639.57203164331,4.9122028061474845,432.5122094633658,545.7891889305547,19.131904826649937,75.66119614793777,3.5877952383736273,0
9.918808566336368,151.84078851455615,20278.776902251233,7.746795044323997,335.1483676572339,428.16130828009364,13.98781245323124,85.85374897198547,6.469525322547021,0
6.740619372464438,153.91608676031825,29913.874773940835,5.635987317834033,373.69484585524555,355.0262474887455,11.909578442415437,53.79542316613864,3.041490417511187,1
9.044269226937299,180.91409955749984,34249.85071502014,5.522063120367262,286.84283243252503,505.1592542174621,13.490595808497837,75.3939749261796,4.396598655727403,0
,171.77190232787837,28048.10677732162,6.509789714028458,371.6984923979894,376.58473597878066,13.037803918285588,44.17344727544554,4.202256946018346,1
3.81114015304076,125.9484333329624,18092.41637841225,10.708630659163887,286.4416457958202,352.4254076119651,19.468365667107328,62.592499374865014,4.749665791609805,0
6.720121125442636,204.91839783271217,23262.62528094962,7.474155246895436,335.74243368673956,391.18039645248524,13.46252175883577,70.58324506944406,3.2047861558436956,1
6.785258486092861,218.84343819561636,19705.94758185407,5.093803028050392,421.38927357905186,445.4615642769537,11.566499402555324,57.468593441900026,4.323850490707941,0
7.146128363852956,199.30217883213913,14821.975432934436,6.540357710185888,331.020036715503,415.5423592237236,8.43574254409285,53.473177308571415,3.1248534936961074,1
7.4190012367190565,212.26070173560376,17870.574690914233,9.170732870950818,359.1251679171436,473.3776001299141,13.354533375645824,75.52571602232352,4.250474575003888,1
,223.81839697510455,16810.515738584843,7.152932808590977,,436.166697174078,16.751122644050636,68.4373387536955,3.818673417261285,1
8.606061497659391,218.7449230791887,26853.378612967295,8.222363772741456,296.34966431938693,313.394553179016,11.29559520544948,,4.564515784321139,1
5.788591996134263,189.84568608591977,23774.260436753568,8.923569098492116,312.02321739852465,536.0191331898072,16.3725205493917,71.32976536961418,3.879943714812102,1
,190.60104677869194,26574.06290171441,8.811174041692956,,403.6698988337331,9.462078646325804,58.167037090207536,5.013308370355668,1
8.039805558207169,269.4183436523527,3666.787276656738,6.1616119188408165,373.4385647452155,557.3732237320949,17.082667089926442,67.93373946796801,6.419501820378049,0
6.202266301206157,237.71551436183398,8729.448946268994,5.343574339674426,359.9182545156325,401.823720675835,18.648408859199122,85.58094258495868,3.8123733279821987,0
6.956970927522204,167.34529031039358,17584.1570279459,9.688324929561201,329.3364072761063,406.9129605920125,15.553090739874644,49.454588739299965,4.824320195365826,1
6.566043544004425,197.99964491296655,12199.866863402698,7.969041727564574,,481.45940283309557,10.974327427206843,67.59874840889448,3.2770334927550335,1
8.443305181255507,184.9457058366542,17486.2578814255,6.228495037113788,355.566578817418,369.90047191239813,9.302337520821556,72.69039220747399,3.9490653797207416,1
7.536787135604501,217.78522464898464,19409.092457990744,4.621379968259504,290.6264512445526,443.31895365521365,14.627598085062468,,3.6425337424466657,0
5.137259585491257,252.051980597453,41307.83849407327,7.917738353881141,311.9519831985628,593.740026010534,16.94621408580678,75.64078824295575,4.415259221299659,0
7.194048638848441,120.72232258093943,15229.286963016435,7.780781747770714,340.34524364315206,317.12228039690996,15.94265832696868,51.85319910513383,3.979212827215242,0
8.685184509014398,249.3466731958174,19463.16255496259,7.89679723318433,,269.0301261698943,18.41421613799591,34.39556902426539,3.164656155503798,1
5.1922523485176,179.45977973615152,22817.599011393144,8.703759291881788,368.98560625378053,423.50520929234995,11.385142414768636,77.95482585416575,3.8249171479379602,0
,258.97322956697974,22239.35649156883,7.893067874012729,339.69430756989874,417.6315816224773,18.10169219996446,59.942641001224374,4.02725207830429,0
6.119898779964925,251.62395405164403,33625.06544727404,8.208041229726167,364.6240877568131,468.389893019434,5.406249343061361,65.01913945492277,3.8090538440465536,0
10.055750643718055,198.64925331854573,36255.279520761294,6.306246222324778,308.4629816059224,511.79808891808716,12.226682267282719,48.69922421984165,2.94329383277333,0
6.242725296243217,251.2470842583861,20596.14499665949,7.254225899186952,346.5467224841014,464.12546318629677,9.755978405101096,42.45023875746719,2.8269658871447634,0
,259.90900819973774,30152.665017027706,7.057744077071052,377.0051361316432,522.5219901826708,18.106699215782363,48.52835620501695,5.164709175403476,0
5.553908244883793,169.21802367548398,18245.232760530333,7.381366123539796,333.2063204276548,456.0468451269821,22.420579227639607,54.25414799413144,2.7832318470340263,1
6.115578486677456,284.017682035115,22868.421677051214,7.239855572881938,301.7116568219237,415.9701658486446,12.037269117234098,76.58671968863555,3.852752580608284,0
,196.40305965655972,24679.145472444638,9.08595305545385,331.57354168209355,336.9276943500712,23.900670686725178,100.18274365082328,5.02575877408327,0
,189.9917667382432,16470.318903427495,8.777416085796675,320.93862922176794,584.5811722775976,19.182536244056344,68.44304535573903,3.828909403240519,0
6.819708242070598,227.80554060045202,19983.88558135402,4.9408368483029435,275.2863935344805,404.5028650666457,15.170328040524193,68.66872689157414,4.769536493938066,0
9.315924236240738,185.11732441001902,17458.1554262751,8.625183088741798,,395.3311652475787,19.599964348419963,73.46402260504246,3.3218126545342774,0
3.4186420581727615,200.4868921528213,31092.665791146057,8.974943733671662,273.71623740146043,470.35300606102976,12.318123803264138,,5.325417251692123,0
6.9415451861107575,246.83020484178184,21924.149737022224,6.692997955300978,,511.8875952400127,13.559591505512364,82.97720190157814,4.236153782750858,0
8.024826470377278,198.17265982760446,10861.030973541647,7.814360076456221,284.79844253387535,362.55725781720776,16.074915392059033,74.2190214693015,4.027988560566395,0
8.755275674137675,182.35253065679123,36665.05292241421,6.873529253298987,344.13216579023515,502.9535606552359,16.877147094714246,56.37073511699516,4.898237774574575,1
5.871411819837058,226.35168435693618,24918.490038352105,8.030901413440628,366.37815931223645,481.48769343492637,13.436157974359189,73.51603174194831,3.4502424717122,1
6.761392875617681,198.62370697503331,5107.7828641798205,7.016310132975005,337.7357714597042,501.757751868422,13.808959812532654,58.43053111400877,4.540227283956195,1
6.567807404065299,227.78449050530912,23146.334598893776,8.226377406047732,404.52808131607753,375.10455269426484,13.83127565465923,45.43150975617146,1.45,0
7.966193184624018,221.8666400539186,21547.55019042384,6.107102197386533,285.42985638973596,481.04212795245667,16.09567217216607,85.56271413152736,3.682608552872287,0
7.0787648669124295,248.99901218582826,41017.420034088806,8.608349250745922,367.8627241347838,423.5449150529004,13.351172415783227,60.23592919409908,4.314022314136948,0
6.197264271095152,229.2636305277444,28089.13557641834,9.168453149444595,346.3765771137174,326.5106389733198,8.924535758138244,16.21852443072227,3.2560700222630663,0
6.965531578587571,200.33725174234962,17265.156716800644,7.5251166964017004,,337.38639242632075,11.076026012301643,54.368242241085014,4.149398990934235,1
,174.08161339518003,7681.924881953444,10.315667825388076,283.7073056763177,358.3349125683236,18.829472076948687,,3.7318326129551265,0
,225.63952735616758,19445.293102122378,6.795755120105109,,502.38222202884805,12.256187713486662,48.924430235403015,5.3578809724277585,0
7.1915460174233345,195.1074780549835,18209.1840224704,7.289306653562639,288.6974534858918,380.878589983667,12.516274004804052,63.83766521977315,4.3591209199175065,1
6.941268505718373,189.1600891492596,29260.49376288442,9.631855149039316,,471.0541520097032,12.746893721195958,54.33369320398266,4.611179274460287,1
,260.4908402104484,15441.09787727721,6.847323527515745,421.10378372137785,440.4919133686607,10.915862597817402,57.42832856115696,3.0940551245478556,0
7.612077902573296,178.27274680795344,6165.26882373706,7.871704255972796,289.6921617018125,280.36946258307296,12.297107916718577,90.39402579004599,3.4885539450773373,0
6.9616892655604,167.6810064232509,11062.150516931779,4.040953150679619,330.6511505874743,353.8577030462211,13.435868158362474,37.695040833679215,4.747214219257635,0
3.8744331733713837,207.86701551741933,30841.659305437533,7.2983391607772825,302.0405152655768,353.7008569780315,13.870059132040053,,4.591286882906502,0
7.457508202444805,222.55686456450832,21485.184833662723,4.608357695199077,334.24204795784084,424.3733921017765,6.209509299646276,85.8323185623367,2.885172493261445,0
7.756353585296758,229.41125433902928,18141.09775187613,5.3135404280671175,250.04544411469487,541.7058699672298,11.939258136715171,76.88146808605615,5.1975135713580745,0
7.961350616443321,163.83831527293793,22750.215721195087,8.195912678750853,400.91390675715564,509.2218399657195,12.61764328260491,34.128467299900834,3.3442731011581635,0
2.1267094865190925,212.70890340390017,33539.99424405059,6.611502394636666,336.05758744459746,390.0943987801404,20.927903678227615,61.711569173172265,4.343812626856818,0
9.35950094133799,173.5055899980773,22838.73679205723,8.13594460701687,375.35528921538776,351.1583483869464,15.271547129675263,84.72621324168902,6.291474685473315,0
5.572073931567287,145.38772103752981,27771.44200456555,6.57467977387808,,290.6549719208118,11.786747707113511,39.45842174541542,3.7069300932156057,0
8.135821944155717,164.99422895635254,15011.23545002803,8.830890737864966,343.3876353495855,388.57549586549663,13.00899555879093,59.02456407606543,4.187377507309755,0
8.630279201296288,179.94024119456387,22245.403101507094,6.371053755665354,306.7850375151671,493.6463216056985,15.707901296382929,64.42481521419813,4.082467469750496,1
8.340018994403575,228.19385312436214,21443.839350123042,7.763257142011629,315.8895520171456,310.81661602212887,15.920211415879963,59.24063863649983,3.517446774041578,1
8.088827914232791,237.8274782074034,40212.414116701446,7.3331673894191605,342.37907826108005,420.14474063542997,12.509822957041894,89.6484382459561,5.218603532057823,0
6.206112166357755,145.93776795436565,35953.92870753684,3.2629382623056635,,380.5263676054959,12.619091082880908,86.32380463559927,3.890474494679912,0
3.171521077191317,209.81863759728196,28162.01823899648,4.480374465694908,311.4853632861196,382.2645330193087,16.131083272874992,71.8688086946113,3.808668174817509,0
,204.4656882276076,14238.15915650517,4.758247554547193,321.77156544115616,369.49983815885804,15.106239677023778,78.84084219717201,3.1490041104913367,1
7.410643475494318,193.56423217041728,22206.9410280925,7.550093091587794,357.2393442703965,334.42456424980014,7.201857466231317,,3.2386006807805434,1
,175.70442966486883,30111.04057201514,6.023413632492315,390.05408086042337,539.1809741085493,11.346007440376779,77.70709436275094,4.118156781799133,0
,200.38242513146523,26089.443909472287,9.578243929496587,379.75651890677017,486.63544454057626,15.834342182226015,58.22370788329299,3.4739765133751246,1
,225.4882580371651,13103.836199731957,4.559880471904357,280.1199050763068,464.1020728619114,11.699644815293944,64.49407501893725,3.8548578733904817,0
,176.9577088094217,25910.89099329297,9.571120766229317,,503.99126136344626,17.549331541851334,59.52753096546484,3.322376008495381,0
4.564646614680065,243.49564963541246,32576.036940680482,6.352442601437767,,462.21176003959476,11.295260686354975,74.56316988985293,3.2227681957586225,1
7.00545122942417,175.220275956685,31175.34642737893,5.157461691728079,330.7628684195861,496.64223795085826,16.859014115646602,78.98206243355591,3.6198692312465637,1
7.371658523854743,185.45096957686997,10934.421679784593,5.334979512276397,250.2599980565683,371.21574181352764,14.407848462815135,66.26120660270281,2.1438364082257886,1
8.219534386219456,178.75137710072437,23661.642354993463,6.379002663599011,,530.4595772077655,17.343109374886584,78.60822469628584,5.304194547878916,1
10.31619712678567,197.691024549846,20155.64208431889,5.445555033602217,302.23015026497166,370.9659822759348,7.424283354168434,54.39329850327158,4.716856446617685,0
7.899085582570566,177.50631506027105,22110.911913604385,5.851159420015608,325.4299354646493,452.6775934663993,13.722214585720298,36.32409997815907,4.564674270511615,1
8.853400074590937,239.8279212417167,30392.829158610886,6.18813204806513,,493.2273527235717,15.512303946204797,94.1919698739758,4.174888867231788,0
4.9103974354520314,200.919402368708,38040.83413056767,7.969971829380802,349.61838192236223,327.56472094532023,17.30432578642415,44.353234999707915,3.8240312179214158,1
6.029414452612377,181.6326292464794,19261.402784944647,7.708630966927316,351.6075421828989,307.12998066153705,10.841355648987108,72.72147753729085,4.3453626091187525,0
8.401958190250273,163.4717650143312,23359.477880881088,9.959213175571444,351.70667590938615,554.423384014109,20.17007971375858,68.19463680482706,3.4482904082568466,1
6.596844518348014,172.87272445617697,32223.985058269587,7.862682676487736,,598.2531089588629,15.069961400282995,62.7135769441083,2.2768901088236757,0
8.052658922757342,188.22832105163596,22457.078968089412,7.331429458561169,355.6881809024959,502.40986158499726,12.285297164586966,60.59463848682119,3.893566666975123,1
9.3743002816378,217.1732291728916,12799.320982388268,5.054517845925076,378.2129557081689,363.0421864624869,18.561491486317614,50.76450562650654,3.9825315749462833,0
7.655567578063159,171.20336408378895,20642.329945923317,6.479018765245841,326.57044703405705,392.8843727844083,16.76652359930637,71.2842702618746,3.848587835757775,1
9.03673982173516,207.37001898940787,15744.140386075822,6.534691011051174,307.13268489793853,319.68830543359473,13.52102102981087,61.0856390783922,5.187744835796089,0
,210.673599666122,17961.234793892494,6.393632238303366,273.8451294288257,464.1070301988248,14.558482013993535,68.48758894976217,3.8375121454051215,0
,207.0179206829189,25177.833603735435,5.279313622170582,343.8556341541081,571.2240770600472,12.630479133509843,77.13284580443155,3.767137607600607,0
5.5962554384262,195.68285744283787,19796.35986122808,4.560507058768353,373.91088573254206,595.4479138825175,17.352654097256156,74.47337009095597,4.157034947647668,0
9.137734548851821,179.04205475123723,15832.734613901626,5.4317925110148755,,441.3969303239752,13.419691797684523,62.60496292751779,4.508139512213448,1
6.253874906677056,151.55688037202526,22111.57740146338,6.996088620336151,305.8343082360126,419.00093789544854,10.741071909708191,87.44711059862362,4.404621180735244,0
,182.1029968437634,17625.785084898955,6.8460769347262085,,336.9225382258854,16.281644710507273,66.05345192035612,2.585263936489046,1
5.2241969190616055,226.2819804540643,4936.414763064906,6.9606269950924755,436.47778585896543,418.5101255410513,19.003486871226904,56.50998832261324,3.905585213164452,0
,221.94396924652904,14882.027986384483,7.028792787684583,387.4448363966361,527.7565400535184,15.598757493782738,103.23413273703292,4.459376785980307,0
,165.31047101506908,18192.378062895295,7.0979294829546875,298.9696256112298,439.47215095011956,14.884206795591453,37.94522281101003,4.97221839524723,1
5.501679369690975,174.40186404455397,22886.920525996567,6.5184967213640554,267.4007673482748,397.94345941401417,16.30059386217327,76.92352931934191,4.3838016214295275,1
10.718936353194366,132.08590734605932,26622.949543300423,4.375367921341779,334.4393755567619,403.7736964535937,16.73002410604899,77.26528537655821,3.1019001366530725,0
6.390326607216224,194.969756909993,32327.19862355217,7.606583135366478,,533.5855896423399,15.823156908991647,67.77675645698123,2.1353172783643526,0
6.186070273687805,173.73665391835505,24908.16110779207,9.383524132828597,319.72835573169436,450.47101224221035,14.016457925064339,73.78141957956396,3.0390526891451217,1
7.184569017438215,171.88492765496775,20714.869463189956,8.545077527381503,310.0119302334187,386.2080855729524,14.53255517753484,79.87067701706357,5.103908905083205,0
7.0897862827980545,229.75415989419983,22230.11063635765,6.730627006748524,386.20689636330616,396.71490994217396,13.78838145539228,59.50516725218863,3.452738966178227,1
,231.71380867539494,27974.756558992725,6.236695695240567,385.2576199027537,465.54857233007755,10.096646670119881,81.52465822831125,3.3875010210165453,1
7.857983553065399,223.47889495125946,21394.37940173727,6.213185843713136,348.29500372886775,563.6825206045019,13.323367476403039,73.39739349580304,3.3771257999190474,1
8.245400948568701,114.28505595255142,24042.512484009956,8.25054623176268,333.88673010322987,214.78338729271212,19.776778009393013,32.16288133166951,4.7861849702000985,0
7.128701782473008,197.78229197338658,26726.917036569175,7.106872106163783,274.2919441378831,513.8115774980683,9.309302657744004,63.262130669277916,3.8543784870769335,1
7.710280141103966,275.21126503017086,25959.00721811837,10.773855546363974,356.78922040416904,556.6579970532298,14.2736084828481,78.51021796208575,3.405288723461268,0
,218.7183017723701,29750.645139483422,10.42472989626392,326.6837196254711,441.2155773874475,16.64453873462877,87.38430227598244,4.490737371925205,0
10.095883528632086,190.39766152130204,12086.169641386929,8.122853403143306,344.44673977183993,498.8646430804122,15.272784439082292,69.1098908731097,3.6489451828199293,0
4.23744716695602,195.58387615133245,18309.14622269246,7.9108352499238,302.2380230629227,526.1367585300618,11.987008242038712,55.20722147413083,3.4700636792826356,0
6.884808575620599,165.1823721247382,18423.508828173344,10.127269839627,404.6426309724718,506.5243123350437,14.797459888037885,62.65224933030876,4.1996184461806125,1
6.7963356655066365,229.5873976861443,24768.64323277509,6.025222211873494,389.6749405211414,366.08465196385436,10.866244665001565,36.33863321061369,2.732415024436872,1
8.352365755537765,252.0194712516626,21653.15767214603,7.801548513228447,341.26743474958585,416.0870230045883,13.010479068590154,62.84791764480968,5.4993943004328285,1
5.381063020635182,168.0633049360597,4093.6481784308344,8.094816392056252,325.10038041998865,415.6700434169175,15.311841629836849,67.03759330708407,5.357303350873713,0
3.7613893156862352,256.4010936131741,18215.967276740506,5.493990648483127,330.83390129424095,365.0920615151084,11.310094804625765,,3.874962248157905,0
7.182281428976748,145.44960175015802,32093.202572003902,7.957708125389534,361.117893399058,434.3608630955394,13.165055070229885,63.4081267828673,5.07467732627509,0
8.005837406074864,154.86977441736948,21250.94732879767,7.537577776106125,,441.6028144744206,13.257567487497735,,3.1003309326090043,1
9.581278937005768,193.95808304388638,11972.336992389426,5.494476822193398,375.4621219284186,345.092922631195,10.790161283526238,70.78274745760113,3.7090175141583472,0
8.265004760896872,212.07867969810192,22940.76749722768,6.641769720492175,,333.7872570891271,8.308979514592872,57.75684629274798,4.136495266980507,1
,209.43026097368775,21733.064474594532,9.168638706635308,364.1229630297775,446.6392714282761,9.552140331514028,62.203328858096135,4.370185578563447,0
11.161345855248818,184.9033061985863,28269.09163028969,7.090029766111524,332.0525944908325,542.4107048266321,17.647226594894697,80.01431851830677,3.3165118681753,0
7.665974406508139,223.86631735743293,25996.853159154223,5.451575636015248,288.89839728006973,494.6706704877553,12.680798102473645,,2.125526149679147,1
4.576304004912197,198.89673430819164,19810.196933648258,7.5092749741378135,329.1115555392142,343.2849672050542,11.749854574826617,65.62365424834543,5.425512161495968,0
5.6006671230244205,171.78658263328026,22369.952381479965,8.799595074261596,,512.2029834200556,17.516748954757368,57.500227643675245,4.840145187881484,1
6.780672807339653,164.75680479718716,18748.319360893634,7.387917109511568,361.16552828362705,536.4293330862022,20.44791205449559,66.80798481197458,3.84826821615032,1
7.914818175012447,135.02696107828498,36387.593126054475,7.545443781543981,298.96364287579985,379.8114508227819,19.91127969270252,48.466361014823875,3.804220899713746,0
5.8354894862915145,165.1958085569067,12979.763729824062,5.166580388695754,,386.92877560244403,9.735607625015978,73.02884068956948,4.338619066049864,0
9.699357361465216,200.78672685811574,30614.31051187402,5.59157920338239,298.37811933994345,448.80635509114,16.411746815143047,45.25432085627618,3.2482120025693826,0
6.483630855934711,173.82733313318406,24789.853286149257,7.540256167871098,331.5436870078001,368.32081465918725,13.227282725771266,56.725735633851826,3.970091414453593,1
3.7694307260889603,128.22346067512592,12266.844029721415,7.748596572377984,414.4743196872465,361.00430597275346,15.507348219675292,90.98144166836451,3.7692761961284735,0
6.705335105970636,150.3787666078807,22311.611847158485,6.112351935334152,276.0483122477671,396.56740269961006,15.735778464051752,67.17623040557207,3.7259725353953397,1
8.296168478420888,197.616149761118,24283.681775216624,5.915844436934633,382.19137850626487,387.45202187193115,13.623057023892734,68.53686428309446,3.2986536695058337,1
7.845155883539856,232.41910951994032,16305.498275175347,8.430410521635087,339.6095035403397,426.7694861740396,14.150723941033235,54.85990717084256,3.940303526906011,1
12.511826032574486,175.31739739777697,33089.91858527876,7.594065540661971,286.4927601499876,399.9719792202954,18.202781540898926,71.06705042613278,4.7285061798850085,0
6.864008037750624,241.23963434403962,40408.68491082442,9.835244300913473,378.39261618461427,451.83918529153993,16.389805172886106,61.07272581598733,4.589564460337098,1
5.665163116536257,235.01994557630775,16777.824992436592,8.610872818093448,382.7252280634083,378.6092608495423,16.7670388985794,77.61296812899499,3.511692121361108,1
6.796684565183772,175.214430431218,11242.323866824827,5.55649503791452,,555.4172993694759,9.693063526273626,49.50082392688738,5.033166185107012,0
6.80855858048484,203.5838233835697,10795.897282688256,4.456423908832084,321.53528458685474,396.035601911373,16.227031288542836,62.35531832611494,3.95557787473325,0
9.820916080056548,195.6750116473632,27319.261974831144,6.822894245256842,308.7553211602784,412.121120347936,14.140736347494208,64.1487205331279,5.4872539465765495,1
8.092073367887316,171.4705029083186,32958.77359154165,5.484364069828758,220.71288128637497,484.14168544478173,16.750354664268812,57.63988008272035,3.56920255765024,0
6.503222036935259,183.24988171487902,20463.06889971911,6.569132571859772,344.6497907158221,441.0094139682965,17.17304119898065,75.93545596318356,3.573069940655481,1
9.937586499426228,195.6905721218669,17785.74632911363,6.733095842930932,288.9711335952699,502.4594441996712,17.67225691409439,45.1530780003459,1.7528179657308853,0
7.341205711870712,173.44259479745972,22697.856166269925,8.724791825262166,369.94009121785786,433.1568410880184,13.163531860334704,72.19159116030136,2.7167224076531014,0
6.9125976935739,161.06794110195085,25530.165664469507,6.207469136619121,266.36413934432153,412.96988652860534,12.564579156871643,79.64469163863781,4.842127575211735,1
5.769331080439843,114.51901193427467,40353.6998290079,6.856995598868243,,338.9222870220922,17.45297885788987,68.70636709603312,2.7085173488386225,0
9.21548784659196,178.91292903674636,25186.33586767378,9.101355931980509,,512.9310344098326,9.128951488642876,70.75242805697282,3.6490693854086413,0
6.437305664136484,226.14098077119866,320.0,3.529007534154537,301.48118794993803,441.99782607037497,16.71592636719615,81.9843834108951,5.200770702901854,0
7.399594524288357,187.20669920639781,25535.041271791753,10.141274934603072,318.47868639172174,471.1695863850282,18.780320593697105,,4.758407629957748,0
5.2204090610632035,168.7706364402398,31399.682791780397,8.127249514317795,374.79511142976634,487.6137509107451,14.325378501492812,78.25018351945226,6.013822900688894,0
5.105523072476172,212.92648640535674,24866.61730587589,7.12476558453388,,449.54587418124123,17.26766727093299,67.28658187326336,4.111818562871915,0
,161.14975289202653,14416.41099310114,6.5812147976358,317.8869375332147,395.6371935063964,17.289012428556195,81.58631301193313,5.198106919171405,1
6.101507705626705,204.87224058252704,26085.001445035534,6.205285477578211,376.37760290434284,504.0543050942948,14.629996697678074,82.95884758193877,4.058318568854544,0
7.573331989371835,148.19487524610167,28700.90859769306,4.934195557197384,334.5576015770554,400.25461626559877,16.247889912953692,78.1987452897215,4.429815848162747,1
,213.46711617031102,14646.606413056143,8.024534952003403,347.86944910173986,427.5172489715641,16.063363149967092,87.26316871717988,3.87519720473116,0
9.618330132552767,182.6621870854955,28257.87728046096,4.442562644457512,339.2251773062782,452.24232033839485,15.153360910283318,67.61974919960484,5.601766086762328,1
,223.58154086628397,32601.815959792835,5.7115555515770176,,415.1060372315379,8.800990070778784,76.3788728143279,5.011933096466518,0
6.723365620624815,138.2389928254299,19105.457255705132,7.610158465841071,,459.43062965652916,11.9644286010563,72.9563603881107,3.3735881042604823,1
6.927049950516775,106.30481355090136,26994.304225142354,7.281848915399261,290.65378256643874,506.36876287794445,21.104529214015464,66.2238240775679,3.098407394683721,0
3.4487720051814623,201.38736156184714,25593.97186407501,8.258751728211504,308.0149338840482,524.1590928829493,16.429619621378794,56.66795136786154,3.5046692736804905,0
4.251972470327668,136.74931220683305,37393.014838728,6.95541424415826,297.9583506963386,268.0173643971632,7.367066954880083,33.092969203787206,4.370270800554083,0
7.505300200645613,282.962600486542,22416.546041209385,9.468523219704785,339.9587343980665,333.40682993009233,18.60658375640641,41.468390225698116,4.272314331031098,0
5.573347149925145,181.11564131713334,6656.222551858422,7.00633368572319,,587.9820082512974,10.580407389979756,68.04490236860542,3.1894062063288278,0
8.802104840304754,223.62306346388803,28751.20827705036,6.948795305483924,382.3511028035267,439.2588783158247,17.537474353073506,46.35659767400868,4.10420812800316,0
,195.9242140499385,20161.823906547725,7.116154194808293,370.9992702402262,512.7803510241721,10.690233006692646,72.75251378154911,4.546149679168959,1
8.194503599439788,169.39203967483292,29353.926772771396,9.022691233906466,295.504501064285,384.61017721488565,14.845746080765123,97.1561274307741,4.542018112102456,0
,165.22814334879007,15553.513355344254,4.656266058332275,337.5916349060729,334.45167997889934,11.110564177201674,13.614856024903531,5.431417922795129,0
8.835075423254942,181.9561591988335,15764.434131589544,7.553382787553357,273.71313981182016,476.7849922917426,10.656569339532451,47.76067087189654,3.70553662372829,1
9.168737476185946,219.4678273378849,26035.811976915815,8.054612117505366,363.5317543020621,419.69509862758736,17.25644953336065,,2.6555435864701193,1
5.848078242127144,265.5254430582147,41230.46929951482,12.320201033800728,394.3221219547058,418.69872937137706,10.63935326113937,81.8149791802195,3.177081314984197,0
11.314265843163703,199.44086673051947,19788.58754720279,6.505503443680416,291.1714531988541,470.653579129123,12.52156329348263,65.92401623115256,5.080068142204974,0
10.470540574384835,207.57718674361,16703.680776782145,6.742968996882033,347.9256726536996,566.5536933260447,16.243839538423604,58.864253131508676,5.370970139687227,0
4.701481556173215,159.84198212330415,320.0,8.915147930058101,360.29666006642003,334.019981678049,8.090435631832513,88.01469046272912,3.8017569434626886,1
7.863778987655051,140.42846954092357,5126.975465939129,7.668811362140424,,455.890142810486,15.564723282543294,75.46622462447986,3.7817310811341103,1
9.34673567885665,161.0339573632921,37222.38331004503,7.238634697973085,433.05280734491345,503.3646655576613,10.970529908086446,46.47429069792617,4.126305946662777,0
9.508134953789945,153.18547056377383,25216.569589424922,7.190953450904703,285.4327272056814,386.1386011363467,12.477771820116924,62.48421553701982,4.397500038158296,1
6.270462035977702,200.5235819498451,15899.361136979715,8.284766113882482,,404.86980879447555,12.677999206766817,80.60867019373168,4.529818116783522,1
8.473181551812388,212.9668122757471,23923.24728734998,5.647649677937368,350.6836709711812,575.402935543988,15.55441960450439,83.56079577647216,4.4413640988092835,0
6.634483511156977,110.6811505014575,748.5596337759634,6.6145417064223935,341.70531019793265,368.83397671565876,12.546034298594524,86.15184435798571,3.8296973752940513,1
7.229390009361469,207.56887152865028,37360.09520235327,6.968603295131906,359.4112531616436,508.6727626543145,13.111478758179855,73.04615075392367,4.18957726717473,0
,256.1295478891579,23580.138232000474,4.80383397148527,,408.2856391915889,13.557417424288786,75.28323888602036,3.8023994907451897,0
3.808190132945887,196.1798717582043,19901.414791687675,4.701685516250747,333.51765444500364,569.3657224373102,14.394986278045868,76.49818020474285,3.6960246305330164,0
,223.98544509987,23408.84525315895,5.5714006309140025,354.1976589482611,283.42616522652025,20.422501628229742,61.800706580569866,4.457474900570824,0
8.52893167468956,269.30283124299535,21928.109817552788,6.953613421668458,341.34646901842933,425.3913638538536,15.78778043933178,78.69420288054216,4.99390667630266,0
6.8156426345560295,216.37513326276482,20768.78781201711,5.501070272598314,,402.6575196874602,14.018194243455504,62.89762420794768,3.7332330968265404,1
9.48557313520596,237.86093944591957,37082.81943882267,6.390598000094963,318.69528287382275,361.8272242486858,21.476001333887478,67.81105199293246,2.5168731101524506,0
,186.7659124567825,25061.222159906953,7.604498621707182,304.768911287566,361.33404082049884,14.538108010506763,94.07369909384768,5.478747184839014,0
5.001531981061344,205.5375069448729,12099.487497530303,6.206986972620855,,397.8426265078901,7.443922984358135,,4.733277259337207,0
7.1625558132731,151.13668634413756,10720.442704361374,7.449852222284998,314.7611458427663,252.9255926399571,16.473834114241125,72.56578479274236,3.425522361630578,1
6.751333364367677,214.9620040337545,1386.0870570407897,11.288128160773004,352.254943445632,414.0456167225605,16.398004921571722,64.86378302607301,3.6151414856203146,0
8.285943716403402,207.10610621648445,29888.42001752503,6.282558355456479,327.5380772385572,458.21871987193776,8.45742743623249,61.65411351759312,3.6836707042081094,0
5.505066916684828,198.31847938046633,17105.406370654724,7.765885778358208,330.54188988015494,292.85203999241,16.193373687683106,100.2023624088938,4.7573698229294825,0
9.362569626266817,233.4518175885001,18614.913853432772,7.627298401055191,,367.30060332755386,11.848108932409172,43.197773462058436,2.4301150178354654,0
3.9547300420766702,191.92054279648104,17007.933884561688,8.879419463762037,381.33806016897665,287.4656386544116,14.30734833608303,57.22057935554783,4.416117451411491,1
6.444138537163428,235.90821885599098,6914.908453299971,6.8900591350651785,296.6159427334928,448.22885273806,12.157807356406481,66.07027087563245,4.314719698706272,1
9.149478756331774,229.06176407790994,27828.02462769232,7.763996021265706,358.3451081809868,269.12748005291337,8.934123808735542,88.87380207239453,4.268602086963446,0
7.959992191285487,213.3480468464905,17219.992855320765,5.047191225413281,409.11329951289207,645.0648650028301,8.213962648341365,28.437038975703373,3.0340212046945965,1
7.227157023212243,196.12690054143334,21637.552539061697,7.757821393192358,,524.968457926672,15.151413530907693,64.88798379226797,4.822787061708862,1
5.513324335372456,190.43943283101908,16161.004807926533,6.185045564159737,375.55447713517844,321.7001526285835,3.578865009183419,62.43574307522694,3.6767703844657653,1
8.454187104341782,250.72979312223228,15258.47152076249,6.295839286288382,,371.24224745882697,11.770518484198387,,4.159005350504527,0
6.871986440033472,201.05627015415038,28343.325363399166,11.103444290540583,339.16901440313427,602.045141421702,16.208106220929388,45.49287242303684,5.637483870718034,0
,202.5410815692729,16525.399303250728,6.752437258835481,317.51223085326615,637.3544921320982,16.817830642552057,75.97754107222183,4.790742292449491,0
6.505051068437105,214.69219696469918,25411.18674222594,5.387203610671793,283.1532838566776,483.8409361203454,19.02358402121014,64.92910847280329,3.185545862343312,1
5.773351168167717,259.87084394455155,44386.89218073926,7.248248585786572,311.8748605360448,492.45541987191933,17.52908908091927,104.32147429775392,4.2401568030755,0
5.139141111491141,184.58909139720416,28838.744767740165,6.729179161382946,365.95061990095945,496.6227922196432,22.66266579142392,58.53884474489879,4.935874402534804,0
,196.4672340483325,36534.05340055945,7.712729998574827,,507.6374705766389,14.565997311370012,53.42787584590196,5.0280895363003975,0
,179.34700028102785,25009.296560547617,5.72968915143462,382.55202418937625,445.2412047084052,14.522435867042644,36.37519816658474,3.9392637040497376,1
5.415698382422961,202.64537917645023,17884.78939141587,7.964123757089197,277.28670031781286,580.9742850293046,12.568362075992852,57.915870011594755,4.946073065750431,0
,207.36250394614382,24152.895442966863,7.578039584056175,370.11058511926836,322.13986962953373,9.78283973188685,59.32395203595638,4.636963746221527,1
4.97778872211041,161.60807696438468,23473.105498678382,4.887162028625891,,440.0832587760083,13.395154324628892,62.34006110500481,4.019340961047876,1
8.91869858132987,190.314761743002,17983.30556782745,10.053731730186476,358.75744053560516,420.16961134894973,12.519485834203838,60.77675496028447,3.5548881445568923,0
6.385628326447076,189.40690752535338,19805.4926250266,9.373667494670233,372.05335593608623,399.0386154614948,16.621955013105744,46.35251985093091,4.943574480736001,1
5.97311032842011,173.8281099482759,12365.411307339522,3.618069951537337,348.03651928960153,443.10757017484235,12.232877683300682,78.34128119913734,3.436400484407345,0
6.262612346242664,206.65941738099932,17481.173895196753,5.166037505355268,332.49338549831083,529.7760730768571,18.41616432620517,44.31678426248786,5.237650529739723,1
7.510188324856956,206.48398308120176,13568.056784483828,9.908097357634448,343.41717265588426,256.39429940858713,14.747550668759214,48.302479900886965,4.375988858495527,0
9.11824573451561,162.34095470822885,21103.210364546445,6.3670307440513945,383.7032257843868,406.58641273861537,14.452470568485834,55.52478221463209,3.5694237524100423,1
8.162554150341743,279.04118968904936,18541.681290602253,10.246432291771185,,389.20999671686775,16.260833373952604,63.485627259094464,4.489646259713843,1
8.234668214264373,180.38498450912567,21135.2495647209,9.581950712719454,351.6302288436636,447.5628740762084,13.911224502029828,75.92444974819051,4.199462350587553,1
5.5005275330488255,128.47172759543957,23838.182949024067,8.27330960774221,367.0176448347184,246.2303402598594,14.255810856199254,54.16529794790465,2.060663616868973,1
5.009664232748995,242.31232072929976,12310.185780643711,6.2087644730927485,331.72687588219685,421.11884163482625,19.262401675127524,,5.124229109669452,0
3.793105608617488,156.9816993488181,19168.958694736466,8.930881525371612,326.70392828559176,413.83539522300435,23.193549278954254,,2.939165886172492,1
6.2287430147006955,219.78436848121547,24399.35681914947,5.663156505329358,315.59781550473434,484.3169859358146,12.632420083889777,81.75057083916023,2.8735177284342437,1
5.539192764978112,201.39439817086213,25997.234545045743,4.911571960016168,294.26780415000644,298.9734800354906,20.508473414329455,66.42779516173621,3.4035002786850628,0
7.3030683731038915,221.0986907948668,27582.922972265118,6.776280774480911,232.29162680913356,401.4375279426835,18.101425150289494,64.36273590719524,2.50541937243399,0
6.934184084457452,183.89932602488267,39722.40172685584,7.038115971491007,323.13832285775106,438.3900534595849,9.937258422078802,48.29944179173711,4.725388015230852,1
7.1732396595383365,186.61949258829236,15745.837133186269,8.84486083869108,,522.550586752041,15.994641142952494,68.58764649575659,3.308204126254277,1
6.373337348909514,183.87206689176995,34409.51606001612,6.6238904187506105,371.4495744487634,538.89922880891,14.171804374555784,58.85567660107754,3.565732235508061,1
5.229204058773568,220.82898861939208,13360.231155789988,6.270322159259377,357.09695625315254,467.7633488683933,12.82152770672148,50.85421026640951,3.7773019251211917,0
8.119053935376737,220.06000306094506,23828.529173923707,8.61915101819989,270.50169050463643,491.924336503429,11.281445546827943,65.86903264990939,3.7177347463752324,1
7.539608752062247,165.0299997700471,27207.50891057656,6.76640127240639,339.88008723002264,520.2853838649913,17.48503498908725,66.52056726332275,5.535251003380776,0
7.5595772254048175,210.003384888626,16913.78246476422,8.092492844618135,,618.3641153165108,13.945284680625637,85.73892516250055,4.466936305334105,1
,248.5706347966042,31705.8723862064,9.17036781170176,,463.2230157867966,14.022456130756717,77.23618550655146,5.970375833590159,0
6.701879653243957,221.53327312145214,28283.688819614727,6.238844298645184,402.6666047569373,413.89462857951816,12.676239378285668,64.45205662723235,3.921948909089564,1
8.0408407345447,203.64450124620765,15317.832813504738,7.049268693224034,296.3913291943454,342.48265660136235,20.388130900760046,94.64088282030009,4.5153172998411595,1
,189.01192426658923,21301.92683612984,5.423481511826774,265.7975553497821,474.0293207021823,14.20424986491732,76.81162617987152,3.4614119489295385,0
7.07478864841573,230.6641872357947,9923.22700218121,8.186224423197396,338.0462547140916,453.07399368831784,11.667475156156833,81.37707854972342,3.4310439338472407,1
8.173665279554315,198.22065620321376,20876.61136861292,10.1636509348747,313.2076382510649,443.9655184875836,22.02077724633542,53.801493279613254,3.8970722991212785,0
6.314331499606331,169.32772260145478,29010.609078396737,5.91297521504473,,465.2331853248379,15.355163833985566,56.222050964239116,1.6651909000794793,1
7.417501395122461,159.4223520243943,20282.19538937777,6.510687103855316,339.25401370941665,463.54079074102714,15.145839512666495,78.13162187469467,3.3655703329137507,1
4.423858640184549,157.0877067890345,12326.1441613804,6.814151133958451,,428.54324382374017,10.579925328414674,38.348431258093626,4.373510196769922,0
7.433810808324166,139.3880327634263,16943.77389767181,7.5822873672853435,336.42846024942486,404.0819526415433,9.053101756783008,95.09908536188902,3.9011331862781877,1
5.976365616349372,208.86462288179032,19913.63487794388,7.359808310076639,,347.2776988671906,13.94332519570436,86.15432561312129,4.285556072740195,1
8.20408390868711,266.5383670566417,22995.344205137553,9.865401208833717,264.7176850169997,316.7393155914061,9.405177746838216,98.23498592290909,3.7957322902966686,0
11.164717141460695,245.88516693169015,17545.23584877781,6.663229276690048,295.59789210666105,368.573494090726,10.53015049461176,70.57817648173874,3.8584908413180763,0
,174.8424806860503,36749.23280307667,7.150832529464643,,438.3683120636823,18.067317274804047,54.06613498627148,3.185593971974999,1
8.35438462688621,188.9004514374748,22595.039365232064,4.372020316461297,314.18390313498514,478.4414555439099,15.881191492635658,90.2632151954089,2.8050857764019526,1
6.915585635984847,228.66609999880106,14234.972096084766,7.453008844305913,268.6997024953522,470.49113146378954,14.517936931195292,50.934282154569274,3.884505967432799,1
8.099880287308453,236.49406940334455,16634.19167491045,8.895616902938212,324.58300985822683,544.4519877141272,12.981794993156774,70.60549313190533,5.38165504032656,1
,181.33085407100506,39037.741057963285,4.792957073069625,382.3851871398311,388.0539916478582,11.092111546111848,59.440883952674085,3.806602674144481,0
6.058907124375322,200.4534369776148,12759.023157625796,7.926799522906446,313.627194652301,404.8583379697626,10.521134193352042,77.40581447142891,3.7983180119574445,1
9.079214194575956,231.07386817571634,10203.979506088392,8.204020733268107,339.1538643058749,386.79538085002326,20.076288856157376,43.25065303387281,3.5238940476409892,0
,194.0689125052074,11071.365546686817,7.14697352498185,408.07286879898265,435.20381101638355,14.713799202723283,46.262381285277755,4.844020240173053,0
7.641515398311258,194.66252406471912,24196.73565324258,5.6307024423672125,,468.1527358623136,20.69488655877537,44.81592276512884,3.0376447693711275,0
,213.74923101325277,10147.049725057008,7.153209721518335,,430.15395975825476,16.63331032269585,61.79566275915285,3.457960924535129,0
5.262575209237545,217.37980888334846,4384.125572644563,5.91785059516366,,473.906866389494,14.117767363929289,66.93299692533269,1.45,0
6.0876548441814045,238.66789973654852,27697.822503929856,5.617607712070712,340.4030174550476,293.8258814875444,16.45104900061401,41.809051043623775,3.0830261571005257,0
,208.4379219831884,12231.903617031572,7.736374668773143,,445.85858856255237,15.487697618537814,89.0002351375205,3.356631071760157,1
5.420101907959068,198.20095689314104,26945.50464776802,8.280891840420912,279.16735093150163,326.35472372173786,7.515592537711896,70.17963172452919,3.631165171594269,0
4.58231048942449,160.11914684380878,25219.923672724715,6.9138361556271395,,501.6308832241158,15.3814762162293,108.57556511049529,2.9881971984978017,0
5.279192769519552,195.7170202327809,22199.141452613967,7.195373473324496,360.7557227310066,461.699685003266,14.548966948608953,60.994340379751094,3.123520589443941,0
9.455020225436112,189.58386493117337,16707.865361374723,6.935723370531616,,264.7742663419678,21.074299617682666,105.31391917053367,5.0844872413567135,0
5.252141347637474,195.86376911340543,27548.44168800908,7.777915740595017,362.00196523713186,481.16791440734914,9.811570926346574,80.33255027324823,3.4104601630057236,0
7.127626594309242,169.5089989161314,36874.928093327384,5.59084718062532,320.3841754096377,502.5930792061316,15.766338336961566,34.88303528694295,2.5664020415380353,0
5.99483624339228,145.44485723774,18188.693131520224,8.416258046726693,,524.4039122087102,16.86394712582307,47.796726270067424,3.1948676117865036,0
4.791051767105989,249.3156743526298,18466.53209629272,7.328105480063175,255.01110895789265,478.4818652066172,18.518689826811176,71.60395283845786,4.743359886240517,1
6.73398367403861,231.44832320564907,25168.031172839226,8.739538183064187,301.31139275052817,400.81868437529624,16.348809787395513,55.132502914250324,3.4818476965172667,1
8.455325967850104,182.41496129584712,14826.081853329797,6.120777346435479,,477.6392987930428,12.349934370515395,52.74288753917553,4.3448854094883655,0
7.45104219558496,173.84218173186605,24663.90642517988,8.379922601003575,,481.11512999520255,17.329587572322716,41.04872832194053,2.9400633541486982,0
6.362160390466741,149.1422611122214,14177.857099440556,6.740580882151362,330.73233902318174,526.353365412584,19.539629642777662,51.06610348069357,3.2156477034676314,1
4.7546255324557505,167.41966346216412,26840.3679047774,5.7618817370892765,381.1862288364046,384.5891917931003,18.463904476466304,86.25694967408018,5.197786099524656,0
10.398351986019955,247.0891928748581,28723.999694724636,6.29623139614365,262.72612208705067,501.9993315910592,12.762043860584182,62.10508795786048,4.88314095253917,0
5.532588568045404,254.334531049424,6257.679088525503,8.257647903111572,324.1431814738512,502.4870572456049,10.466908618323874,93.20835855508531,4.5249627083635575,0
8.094563424659114,129.21848366237168,13791.539986246085,4.212059557881732,272.8246504074838,407.19490059398197,12.362908817795182,88.93285726122774,4.384332430971165,0
,200.73335106496395,23533.06501457781,6.345804860513197,220.1644279759378,354.9649512645919,10.885601792138026,89.81370961232695,3.7901610070298606,0
5.900495105570407,183.5106228207403,21480.07848119954,8.769990538448798,351.12387941011116,359.58402284655403,12.579074855678511,58.40323956871583,5.213477718517078,0
8.768422549168733,95.58686193489571,27580.66470807103,6.664031487424461,327.17631122023096,533.2798703725736,13.363436751733968,62.610716991571266,4.401976530712574,0
8.275583766009941,146.9375561426055,21501.541242049432,7.41378844487233,273.5276469554585,498.9063059482294,11.401269026266318,49.377250067808035,3.3904094537525435,0
10.010334903687177,224.62276374879661,34435.87964632968,8.797507239713232,,418.33669803423754,14.52643016791525,65.88959898806863,3.9263712281426733,0
8.904605144725275,188.753842260301,21301.17897735488,9.327684774508976,281.8626776589459,372.53437674083574,13.517868336380875,,4.61380783328004,1
7.063823224941431,171.36832700203442,30289.691219292912,8.338912652409974,,291.79636056179083,19.38266129628765,62.00907282443312,3.1977866244211617,1
,201.78876801730308,33864.61708362838,8.781469732285451,331.4690000752678,426.2385922632815,16.15216899368823,65.19727717622268,1.8754577719777599,1
8.681702296853754,253.9065850063145,27363.461654459465,8.460029882392158,413.7585604204102,442.6108993003246,17.91599869428674,61.438074062187994,3.98698388871703,1
7.004782908753102,256.393202012684,23072.51450600363,8.547098128382627,309.3787062170818,433.19695654881593,15.837417109672883,,3.3984314876417265,0
6.191811786705809,272.6883720685174,28630.186286671793,6.8003147869646,308.8051599113046,518.3755214811996,13.07801436844703,83.68362198704571,4.903357524823358,0
3.463444573840963,176.96050621665347,28440.726992908494,6.858972391102875,307.5133158829876,338.6225211032874,11.85492725864,72.98814320891022,5.0967531104300585,0
7.041396773226754,188.41763037083788,12792.453282404575,5.910899594456373,350.8854573457036,244.99461081428998,8.594249510107204,81.58659490115363,3.7886650943787403,1
,202.04784375264347,21197.179025684345,6.438336172586368,329.1966311782717,391.2431144622417,15.130741904541244,52.14999982956096,3.9951297625478293,1
,243.76583472559307,13410.24962736485,8.764862405118526,,438.28451780759684,18.83947109579865,72.93042933468709,4.839254269296607,0
6.265395548615478,145.03846085277002,20007.382191175682,8.331672180355246,368.05835033035925,453.1779900826539,8.788746401095182,69.8606627170927,5.062681164857915,1
7.930401551079184,203.91346686605516,18932.73099549596,5.116262230691385,287.8452602573095,420.8620716375854,13.97458737036065,77.30719742817776,5.049492951910025,0
8.263429426301755,238.63615382663272,27582.873782266815,6.800815747930864,319.04377297099563,396.3069814863199,11.956868405138147,,4.183578961653226,1
8.576998740362571,171.13838805240368,33826.03764193187,6.5721126547271655,,441.7939623714877,13.881401923389085,49.725682554551895,3.654999531259261,0
7.611672626134199,187.1581715134726,20105.40436213243,9.361424555425904,334.9954779174504,419.72024164749155,9.564711302444161,58.440659952158725,3.1521467424361482,0
6.337181094624103,204.77434341774247,20488.21607581235,6.543930534994616,337.92481146895693,515.959879475565,12.839652681287946,,3.2491600648194185,0
,183.54927863801845,16310.009738672965,9.080852799231943,304.52718550173773,462.73818320588515,18.16306620735935,87.32053467967478,4.747893706022698,0
6.451847420494785,161.193583059453,23620.526814594607,5.979812260097157,,320.1590983971544,9.393541261873256,61.780004656295546,4.037989653413029,0
7.465433093611199,170.04015525891168,24663.192121152217,6.11549727197671,411.47996906335896,472.40725094450556,11.43316341422578,45.07065136226146,3.1389172441019433,0
8.575236172970477,223.48924495849602,40873.15264596269,6.635468921301651,373.1622744280675,348.4659220975183,19.654586861939617,43.08879485648136,4.187054331639067,1
7.465809629636575,206.0674616861225,30145.636279039485,9.615849399471987,312.05635275072905,317.3027398717385,8.825898320350309,,3.5049976340265143,0
7.690470240660752,218.9254882434443,1620.5139301647287,6.589978880244609,350.0249117020132,231.69462184307037,17.433198622666822,48.5736581302711,4.255698814654869,0
5.363446308307948,194.7697780894649,26417.199793066346,5.602171456768229,,365.62372688560805,10.359276854099797,,3.8368324966459926,1
9.15557055733536,220.55787212372528,19380.454606533312,6.9610413195832415,,358.6180531721303,14.596170382613161,87.40674757470923,3.8782015734903155,1
7.040413353261944,179.19134925904262,18769.342668794765,7.456534645479576,355.7326166534234,503.81243263897863,11.11591744225204,59.27203659443896,4.272984200195119,0
4.546002182734211,167.17003059510762,33281.024728942255,4.442846754470994,376.27893472515547,346.0509811628003,8.47468533456668,59.57077578529997,5.313749682389957,0
6.278812625725458,209.7154294019828,19980.643439897063,5.4785431951260986,,466.07498213232077,17.700483983926834,56.36718678826119,3.6048608293812205,0
6.9793126213318795,312.50032997886444,24409.295900466066,6.970981316085037,446.8494951074866,181.0,13.273151396252254,73.77189529402989,5.14296090580959,0
5.952232162767739,193.19536501784617,23191.485895450707,8.731764071333245,326.5448146701027,331.59363697285505,11.32530916474843,66.649850924417,4.391484377051336,1
9.399596136184467,293.25860557842213,12686.913270388064,6.304466158146727,,386.24054232750933,19.525289792466268,71.79161267813339,3.75463425648967,0
7.156280242518839,217.4069393368807,29474.522464819733,4.969825451637543,345.29459333330396,594.1836988760701,15.077192032319815,44.16681403697511,3.77964904564981,0
,150.68506751062856,9295.18999000241,7.020182393108657,256.5188616705773,334.55956451707914,14.261905187581148,71.0962843240426,2.486402487425268,1
9.35794763254728,209.67706273423093,23043.145937044534,5.586286453329298,,418.796376927249,12.38299900429568,44.85733373790298,3.906553968319267,0
5.765742905743776,259.82235098171975,11506.7769677268,5.132344827381967,288.1071622457942,262.44762781517386,12.034508192480354,45.503466097992245,4.343769568831728,0
7.9332754755912545,261.53469087124336,23203.001920786373,7.748116370586915,359.1666250508648,374.3742581475166,13.257731175124185,79.9357181742245,3.7020859553431453,0
6.143095092476724,179.10696882230877,29248.34191026129,7.239655582167547,321.0707231070303,531.1485391075614,13.917986129754444,67.46084207651215,3.7941750411764223,1
6.568643639371345,206.36142934947546,38834.3715244762,6.330474352261193,364.27125057799503,610.9654654275387,14.673060301885826,65.06659577286702,2.7284448457485566,0
6.317758758284104,170.02570134829833,12056.84529023834,6.103840939504322,263.2568207580581,358.44946008117137,14.36508756107905,59.365610058542174,3.111021627076399,1
9.89808578463575,226.36340186420006,7529.215777628331,6.2458514980315725,297.28467214628193,402.4845520552686,5.649009423514716,91.01419858248424,4.978261153827857,0
6.224099927863973,251.8674144669563,30531.345115903965,5.066081916504614,,416.4531008162598,8.10130768958539,79.47330557309724,4.231686695001744,0
7.202745523372205,218.37391876765057,16266.833477260436,8.746485781333247,381.53541810584846,595.7689002467897,10.370481019520899,65.351984586403,2.378318479459653,1
8.484438192275915,147.68314887241496,8828.53615268554,7.033617652157164,,505.7078688832952,14.541059160534829,64.12615682217682,4.10053747220129,1
9.023979353441616,210.1045832947147,25385.864470162098,4.689814370859105,376.0635237862928,473.13611407536644,9.747956426610855,72.82297094624374,5.2944176845595115,0
,145.85263022716398,16622.252477872218,5.774908740335058,353.90737820473106,385.92370532184236,15.727822150264663,68.47823119863833,4.6297356612402965,1
,187.2120983457219,35318.3261624672,7.34177521521039,,265.48303454471636,14.323146309233353,87.2371658291195,4.813402914377817,1
,203.75502935175837,34836.71297689981,1.949231598001603,274.65755523325254,514.2311628652562,15.236740739867964,54.05034113420601,5.04661828991092,0
7.62000001010442,191.41648023357203,21427.783301501357,5.952003204582288,379.3568823283311,504.6468261840836,10.794706804260741,77.11430959179712,4.638541802093048,0
,179.67948185413047,18046.048867073943,6.686522844046568,390.9303473721163,429.8648878084748,9.745703819418416,78.77686134029304,3.607772969607449,1
3.726173941973727,223.26796058077946,8184.47364891076,7.051124397995177,284.58135950930347,494.2867492701158,19.774211365379,96.66649086391453,5.4143754941083015,0
7.942663557627784,227.056486753659,23868.435679118567,8.022586612899515,335.9512371123454,420.9130057928626,7.326563453315577,74.80270416201925,4.339741791974724,1
9.16603167872513,192.3428679819363,17732.00385475035,8.060662857112971,349.23000732919957,555.4963618862125,18.597466655407025,79.67315626755695,2.7637673606579662,1
6.8641468866604844,188.59689540407032,30343.992050438785,6.880765666133186,,404.82711014130064,7.592057354435012,37.64573630089077,4.634682742037051,0
,223.28929934368128,12488.18673613308,6.316392482146426,298.65703997924106,380.03466686428925,13.053374355879132,81.68466010545113,3.1655150904071316,0
5.3773070098919185,236.33923001776242,13178.825302761556,6.97450543326417,363.50641880175885,421.40359545703365,9.53792725684879,86.7859811039946,3.0538752096528876,1
6.881162767705088,174.98973564570707,10498.199660261038,6.823088077648579,355.3918338228299,504.75348188186456,13.724914681817108,69.95255997622884,6.497071834867374,0
7.666050875076202,210.63647373566175,6533.263567806127,7.272377273411077,308.7173236012035,593.9629849789907,13.592601120663268,60.86955186355777,3.8839085929166632,1
8.75252478503034,185.9216318167205,38674.77072214113,10.033244242451847,,383.18303363264374,20.78835295854321,,4.304397990453164,0
6.58226079010231,178.25309212806647,25881.068360703473,7.966135940965042,434.40324862342936,329.14312234861717,18.581351904704654,80.05726935456825,4.238438536721471,1
7.871576123091016,209.15704522734666,7641.219480119751,6.729663093017735,376.9863524073473,355.35202165921135,9.940092967013019,74.29581006085753,4.749743245248918,0
,182.35551008500912,15261.73621587465,6.480951257603445,309.3639234078283,438.2515925514653,15.090927477018743,51.86803287570339,4.675775886637607,1
4.7923351911465835,205.60315702162615,19241.06318652415,9.488510651102578,379.5509079316536,425.65813950487626,18.526461779505716,,5.045948082912945,0
7.264290067077652,243.52668208334705,11076.5575479315,6.12329576214227,300.869347483546,463.42356258549916,16.24425595678763,58.10135261643849,4.062419787385321,0
,177.5629473208768,25477.28857067647,8.127507238815575,303.3785033090905,448.9109715878306,10.026821779193355,84.05813959859854,4.684897459044766,0
,195.96794432313757,26214.732575842845,4.7814486952112905,362.3280930972076,376.538231269542,13.768447403733479,84.45461925646075,4.24769055536947,1
6.939442710064557,168.1850033808273,24703.302235944906,5.9729294203114325,315.82882037131066,369.4491199541016,16.04200928852337,60.93692790159111,3.0572488656287597,1
7.730289751772096,212.44442893517348,20926.15656193433,8.60002710025123,360.24465428235663,617.5670690813622,13.508544321509701,97.42868401117069,3.6940922928879854,0
5.236156799465324,174.59022704414943,17510.83877590753,4.755536968868746,295.8792518341685,431.27898738805266,12.891490823063108,78.89762453727568,5.09784601838061,0
6.088210769347244,201.36174016057817,41919.04087741227,6.05725397256903,292.3361728469867,504.7544874335017,16.247160055798016,91.59467645541172,4.5624563121920225,0
,258.48036170492986,26943.963287513212,10.584722976781874,296.7932339707112,492.5576138333404,10.762901131690663,53.47130596832767,3.2342204956265235,1
5.509424198683976,164.70475565638623,26856.105304829176,7.9974740918751515,390.99725681343904,567.5569155315412,17.810605480810842,69.41550036992494,5.0789318254245766,0
,150.97082138362214,24138.80692833533,8.711108438535254,332.20250826251447,466.523065790856,16.725926241327667,61.84248407325273,3.625414781530562,0
4.175105097759264,152.29905524295626,26045.302072381623,8.392347398971914,,349.92175697916343,12.021802405286788,39.91703712880124,3.8279221786560083,0
8.03557608647308,156.5268114429934,26747.613313220572,6.3701240025416,355.1916031656301,445.3051994448159,15.82999362154745,85.75433181018028,3.7705408035375987,0
10.076844849991389,218.33631507624324,30908.525676776328,10.688623252270975,,440.84451570365644,19.018505110238063,77.35714763823326,4.895525735638111,0
11.925975962237931,148.29491099470872,25251.303895691508,7.182746984280771,322.87223161461276,487.6601565293854,11.233599770299794,76.16509012314074,4.124516592282192,0
6.843148704908272,239.82425691800475,11325.404257772692,5.645504881048341,355.9489755515645,335.8534314789719,14.72186987452646,53.97370128024715,4.5043703160523245,1
8.318767453434937,219.14012561587478,23337.989029906883,6.470011166958591,338.801540016961,525.1046491386484,13.708520146258326,,3.1851087180828017,0
8.383651807087125,189.20534325451263,23050.887869907725,8.435617628557953,320.1390443240331,432.896229782143,14.120558362519745,81.72936930267208,4.096426840024435,1
9.604921787350058,184.00543570131302,14411.459488721768,8.301923584524372,292.9232878427682,489.66847807633377,17.226447453155163,88.65496917836242,4.752860514031309,0
8.29721130850339,204.1823306114287,22240.010927734147,6.182984964163178,276.41345883906246,445.7028721201115,17.495680767333376,66.61826415126222,4.510028345616822,0
,197.13861781648384,14908.355545889193,7.971156736204491,412.12643456757263,396.0423095584747,18.158233314644377,63.1807994403282,2.584895502593543,1
6.618991258501516,214.16870442638236,26252.048665401817,9.781513612808807,335.98440223676204,538.534980289902,13.728103852763503,37.144685193334105,4.019405407926626,1
6.040504416296096,173.74535695412726,10493.821701982017,7.50002403836711,349.15719413103295,417.7224068920453,9.721475883205173,74.38639651387398,3.8102689412281476,1
,275.7399602164936,20656.81387627349,6.711365329460578,376.50169678492784,582.5683479079278,15.623795060641863,,5.214064606691859,0
7.755602865769484,225.82588163759553,22274.864890597742,5.631593144731819,311.88255609702946,252.5576770591968,10.130423209816836,58.129913917289514,4.6362019563544745,0
7.188853726118621,126.26121579347804,22964.225376449347,7.050515607582819,282.52389885533626,439.72592643762175,13.115092507034433,102.08772079542435,4.451240686557011,1
8.738924575919906,180.10629034778245,25681.660717260387,5.621465525700295,367.13807498365225,423.649327068062,19.090905745260144,44.89375091267435,3.940488507594176,0
,194.52616910891484,20765.62030319008,7.076539891865405,362.8826744883842,405.30015492201784,17.75222481223676,62.265797076281316,4.316445173756762,0
5.009901378318265,150.87559821531732,24461.160631416726,6.487080223316301,329.62126701010635,223.84790748041468,15.888347088282611,84.38095082370076,3.478758837829242,0
5.2625583808649985,169.16516192686498,32007.38799911948,6.6912204670443,353.4998374720925,468.15723754416643,15.891218857217854,87.17505774592979,4.935239437565368,0
6.588943964881039,178.8528860977563,23425.230627010187,7.849836554184458,338.83652400396545,357.03076613750034,17.85520493755913,49.71557619694589,4.682820319358895,1
5.789804349264527,179.2287998555385,28289.597504376456,6.337175114597752,392.9519337857702,350.74243718286107,10.220720787469382,63.03940736931261,4.709110028939043,0
4.473607588139096,264.67484550505606,23105.53365494543,3.661463751050777,,423.52583773555125,10.644502878013334,80.32941061108751,4.61608704102033,0
5.809776000115564,153.98232087620383,41394.981116142946,8.676904446048392,315.54658386285973,395.69841082161497,14.698392423177735,92.54740793879712,2.4202544906363923,0
6.842323732775124,160.62858380743532,20810.03697813571,8.663525033063413,264.78873565946253,275.3813671374929,13.542829082332291,91.13392206739913,4.134873750061086,0
4.774249529404106,185.55690726418027,29195.51416498981,3.5858017045453963,312.962549785813,427.3193316901244,17.25851639859252,79.5673023410761,3.6933217591790175,0
4.826974003738182,195.26875274122878,22941.25175615499,5.758470643946286,,468.14610296510114,11.217137865968454,69.30673139051554,5.21237444395844,0
10.700333401379252,229.80805523575452,10027.598523515857,7.690877946639089,282.3410845076867,374.41362658149967,17.99048552491297,64.78648899015879,3.3632559843270395,0
7.124252384266502,199.30286811111972,19212.812669263272,7.28306884338051,319.3246258662542,480.3003371553034,8.881056990782845,54.15707937481482,4.3817047225871635,1
6.318523736208588,182.92896599295904,30900.33416994122,6.941969602130375,,428.97329388849363,13.078923634286364,91.8915245770812,4.86862288540455,0
,192.8339467718663,18819.210962403886,6.980303144186584,426.8033504092274,506.77585447337435,17.54451217195953,64.2044473403622,3.7280734506158413,0
8.740914952737741,245.3453976637461,35062.615196015606,7.914887823311327,,363.49005033332327,15.8346471808633,57.79747798917089,3.858986011364962,1
4.28832951535775,192.81091704356166,16436.826083226057,9.463926356840007,333.09206077345846,363.50997517241,17.163747754601182,44.19581110657023,4.025750898887194,1
,166.42129721894324,12750.506058850704,10.434162440912012,401.19293285250296,393.9917212670348,18.11780611863195,,5.142682984105883,0
6.349282023243134,233.47593620016934,24012.723139889815,5.303265627898586,251.3983313199849,583.2877228041007,14.802553417688344,59.40175586530573,6.185575552202796,0
,133.5142275225501,37070.55314886177,7.25005967310962,,383.74214731288936,7.216497647733202,45.644872395042114,4.81279681535003,0
5.321222362073285,190.19883979261968,12931.75353397883,8.342299561080338,368.6785769369332,386.2945527989749,13.922722178527192,58.370536625610164,3.5400852028887377,1
3.590841192367492,204.76455336973854,19025.13685991318,7.696778280296654,,392.4768779534179,15.116018291764968,41.693442812587904,5.244501867769361,1
7.885415287463051,227.98753392983008,8516.532257559751,9.715963569910562,275.25242682249257,350.3229710192077,16.92338918070071,57.55174909043751,1.899641561810247,1
2.857945384382707,223.3915751744044,21482.869730553102,7.2108496202564,344.8418974026645,316.3615159868117,19.06522298750984,82.85717997748802,4.778353291905465,0
5.891749911840685,161.24711018930913,27855.2421640408,9.086789906548937,,270.0064661608566,16.896081808446276,73.43327217704109,2.2372952417033547,1
,236.6171354561385,16506.800305631125,5.533323576678169,,181.0,16.06462213589338,94.9089855554842,5.279274378553837,0
6.264124556211316,215.06482172759618,14272.659542967143,8.215876179218295,,360.44473145205023,15.20239805485441,62.141824549353075,4.140105577976304,0
6.4941118379976555,235.54022214026426,10778.148683249992,8.06293598262228,,308.6335950922045,16.89953429257718,54.38131328503105,4.605014076879682,0
6.448421668580392,191.34933942938193,20094.63481367949,8.511210216768593,,528.8569903168553,14.29665325379441,81.50153583261081,4.634173496359507,1
5.894167526007077,179.23593104791482,3553.9652857569163,4.267351409374093,348.9644655114209,238.30339941231028,16.797381871378118,53.27190465184256,3.2803587854564675,0
3.774448004514731,167.9012066766267,39076.81622193982,7.7509494875278575,365.55493319891514,329.5094650687218,14.238108734376972,60.62305857276529,4.533091664263888,1
6.291932830455475,240.36235559253112,34263.742109266124,2.0084841170471153,280.6687389998615,474.4554639266844,16.887656525384397,79.08338128422388,3.737264412029152,0
5.770642678032528,184.07826933766395,27398.09261440678,4.997253771025804,366.10199985856593,284.4927022454888,14.947208609388548,69.42710101568082,4.470806558397299,0
9.111941790361008,227.08922948737194,12546.533133534562,9.942273827764028,,435.8200243351322,15.592950754191127,47.591624582089786,3.805565828379484,0
,216.25499298710233,8243.988974722493,9.406614459085407,352.8017608679439,462.83292055707625,5.573746971907141,66.87527817855221,3.4011384675745546,0
,241.692481067153,16955.03531264649,5.938525594383785,283.11333872014103,414.0872415407602,13.673810565007418,69.92205649505468,3.436767437035118,1
8.35542781240221,176.95646265083005,28551.1081983273,7.472471734618136,,298.07886506083366,14.011819311876947,23.60003690441185,5.08851471711493,0
,104.44329688296622,29309.23429855788,8.17340354036932,,338.6734849984051,16.511580680382767,56.66375219728565,3.7815810214289236,1
7.870003707854047,242.36835278153927,5062.5154692062915,9.858053774359387,290.4839298511655,424.8442831523567,14.447969227304004,52.79411085582733,2.66342999137098,1
9.427976923874345,218.842755674158,18695.75408448623,7.674187199332021,,496.01302254378345,13.473660943489431,,4.347593581226968,1
6.903209473988296,170.11105497857443,38296.32661927015,5.726996625847979,382.50320617024374,376.22545347429,10.001154187389702,65.36417572428954,3.7093823420950955,0
4.993418924928776,186.51167345794488,20715.287691065703,6.35458633065663,,472.54684547148884,9.123434234373082,85.2887002449884,4.217660768555132,0
,195.88433196105098,23805.89951309558,9.1586815213887,340.15755926720925,322.95631506863305,10.477350600572349,82.28078365513528,3.5848758754702925,0
4.329652554824372,221.35964550541138,32317.950554878502,8.09796069558087,321.72991539502743,464.2535834983744,9.341394856406371,56.98930938317002,3.569507743453188,1
,235.46079595936536,20475.76707608839,7.180553684377708,,414.1519532636472,9.270171870252021,85.74989264709585,2.873259743629267,1
1.9071331081189502,207.5195667872105,27496.047797609142,8.207203187362378,355.1838358660677,302.04851596057074,11.81874298504525,53.649565971385115,3.87747309482124,0
8.614215227758107,201.49664215134618,18701.129006802923,5.699920282997402,307.66290092228354,403.15346226052003,14.744344615313997,64.13836465503525,4.481934560870534,1
10.006248827066587,169.12698555054646,18129.455787270697,5.521652215973961,358.75637439494676,326.4819395409051,9.08848199212488,,4.43842477659878,0
7.823882567434503,185.77617299954574,35995.395575465955,9.92460988498678,326.0080409763229,362.1327876630229,14.741887810492178,102.30459774262854,3.4429121434038055,1
8.256151452157967,194.77321837840387,18685.66122379012,7.044506649137971,,518.4088321508458,16.801058107649258,57.63950424998487,3.7295090276504865,0
7.703646730028719,197.24662753114674,16134.771587036725,5.838425138987117,316.91648493319485,385.5482019850688,14.273720347194176,71.57604970117877,4.744143429403328,1
5.698799913810336,250.22850227092934,26693.760183166767,6.4173204541098725,277.934999237945,441.4002327423134,20.22385319129765,70.63729892391714,3.8425286764607813,0
7.21026729698922,146.06797124415064,22950.615412934116,5.572546945854218,294.1081791744362,529.3366328829306,20.47997990930957,50.48188468847547,4.199067657579517,1
5.3149422514489055,172.76511994095512,11053.130099125168,7.271429204783714,431.1780779960184,332.51708515072346,13.902867302795723,50.06599820825801,3.912831932342818,1
8.826687522852417,219.23218667952455,21640.330153722083,8.774474717731334,,440.68635156076226,19.451585624203005,88.38499719027898,3.380189318607426,1
5.459396268902454,235.42419831647544,17551.54089210209,6.3757329977641675,380.0307601311116,439.7664918472313,14.469623875185976,81.92987948597407,3.889650180283201,0
6.001822939237599,172.2406241094595,18390.13599552309,8.002332266250534,296.14416077951626,312.48940361833075,10.329003768685464,73.59022752291537,5.193639456462384,0
,167.01768555454964,18656.371144497865,5.060233538182049,351.5912875447143,340.43873233708666,12.526375214198868,100.65920879213107,5.013782061973174,0
11.228707576057152,171.4335345125464,18392.740243458127,5.819088331825608,313.48657742497033,412.7954716479059,17.183019664223824,67.79876664236886,4.371566184552478,0
7.290974287551122,195.66433051228083,22854.130756223436,6.573988852660498,231.29478538055517,331.93940752726905,13.584035543009364,49.465973187410725,3.2345807355260745,0
6.783237253250588,181.34338257351885,34553.40606552845,6.613688380976821,327.78775660675274,492.32224428055724,12.268460442705111,59.03988490076601,3.4253522574031003,1
4.7809924485878215,220.94538132666878,3475.2682906490445,8.232426834084757,340.55813601009874,360.91248032107325,21.572170883657954,52.036967796880745,5.591310765410512,0
7.743372290782925,164.4605244628239,28806.499417545052,6.218134207692991,250.956457365748,515.1456991909272,14.666939356267948,74.13950286864674,3.928070409003103,0
10.10923008011726,162.86192493710558,20132.010264007975,8.219461812778489,304.2620601722901,549.2425497731784,16.58536945250297,78.43222912527493,4.155466914734473,0
6.454787303354718,165.41764573227584,40583.26121431051,7.587404814551481,255.4923468646586,417.2975177627961,17.098090662619505,57.63259198198108,4.202856810839195,0
2.6178071266441965,193.6025959165071,11836.833442131883,6.768350562858987,367.1943550410422,468.32251073721994,14.25942340253301,60.57382434221145,3.3531877534372443,0
8.106089409267943,190.1445538533194,14820.70651946015,5.332792045955917,396.0717009192442,373.2299878619867,11.814871631205675,68.97493033183649,3.3866402310130908,0
,137.8872178306622,27790.443661851594,6.458457907231836,,505.3912836230929,12.055701590908358,,3.773598975667075,1
,206.93612929221354,26601.674137111528,5.375226305566795,,345.8376341072904,12.11962045748424,84.93737237268869,3.8054164940805504,0
7.397153718444683,196.31131190975952,10120.254290621806,8.44034372711644,361.0101048933997,455.8819063952642,12.631189302976065,71.76829389391938,4.953906331737215,1
9.835467770583358,231.68423766400224,24225.361333075118,6.590441766972179,290.9751498956352,514.6222607001614,14.485496312431433,47.84236375189039,3.797416235455391,1
6.768406856383911,182.32708625787632,28240.14547727936,6.59793825755062,334.60098027374494,411.6189832917906,18.000011032890527,,4.466050600134515,0
7.130978696393444,210.37630885198206,19266.279908908582,7.209814299619503,,280.3302986911205,8.63491394059331,61.704640650429354,3.1779365940155744,1
8.728687002414402,177.94142978921218,35404.242662661294,5.552469618565159,377.126984259999,372.3054583435444,16.942957538573644,58.905640265143205,6.177783732923905,0
7.452802158243733,196.31701599370166,8488.565880794768,4.936662320964042,329.81554152998945,437.7641318428842,15.086238842112321,62.30151290206438,5.11627749539269,1
4.2266649071401226,172.3510052627336,14525.766547654552,9.336468045828598,,306.79698239498794,13.68732081468603,104.83910715102442,4.807014952857859,0
5.890049793409077,175.17476409742258,15153.320802418632,6.727794784634497,369.2336257683318,382.34946616159993,15.731515288598612,73.40447836901943,2.7786477036571293,1
7.480617630947518,177.74440651069452,26683.396272731596,5.550309667698389,,557.4012888241307,14.232523488844812,28.67563443288973,2.807760174402616,1
8.442532099700333,194.64297530717315,12553.242900529274,4.087013359990252,363.94776183218767,321.69185445876815,16.11578023336818,70.3220434481499,3.9377429231314345,1
6.19672541747997,175.795604847189,13152.232651791397,6.6959974447748,329.8749607580673,435.8032058346911,17.031479521612745,56.8220991474691,3.118147671780206,1
6.107505653668554,179.51700865521877,38225.04513386007,10.236430176579988,371.6518204124214,380.1454149600095,14.670409265966763,51.58889271291927,5.674686538233486,0
,245.54623831871058,14318.900144666279,7.221740613300767,250.7583935187015,373.2970463039609,12.47290538882731,67.5429382374624,5.305500554721311,0
4.9636740328051,153.0937147339551,31433.200273348197,6.68309546362324,,380.9731834345631,12.433632286341034,71.49189756145083,4.842592663631197,0
6.123379839792207,174.12204153391733,8784.071314407363,5.0401230878289995,292.5889196700326,470.3999288492528,13.770202170478052,56.157754868381325,4.612246027826418,0
6.855846917114077,201.44777894330116,17598.456373816924,8.990468826802799,338.1314971528095,403.94993271221256,21.320460886632265,69.50114613286667,3.1219955072210603,1
5.575085423756675,196.95092116350716,22143.875407263662,3.9342426196050284,,501.92777827480387,16.649646198552144,71.05185600303658,4.218290699490354,0
6.849889641289756,184.8273511641952,27478.2341804914,6.351618557408476,383.70773417240855,358.3724228646386,14.321761800450398,51.13333053487411,4.663432014728328,1
7.128208627764116,197.8802780399115,10240.905753750403,8.945060835464627,,455.39482447456606,13.63334520127438,59.345102108515455,3.2582574668786286,1
7.79227224520115,201.06223518483938,3858.2412288116284,7.941846805193255,,357.6210598458478,12.245457963426773,86.54019076228012,4.115338690282392,1
8.330861604976008,194.0157260885261,25545.53667524193,7.669263614788822,334.33142982093864,519.2967917175888,21.172233701023792,65.52928585566991,4.069348400065591,0
4.8053618634579145,246.16087069539253,28446.986312525532,6.342175410417251,346.4664681487317,394.18953992699977,19.39515144669025,70.00874596222901,5.11148583857782,1
,165.27789243776147,23044.477591894425,7.292706740300599,310.24269748297564,392.95207908992086,15.583347048846647,45.987120934705956,4.2981388138452115,1
7.746917725281403,229.67929500637766,22236.999181807285,5.129034668414433,,455.0876320657132,15.63333213265959,66.23005134379615,4.222741077023828,0
6.921352822525412,194.75646550947124,36071.719184722475,5.556032205880257,326.9760807049786,324.3271586408989,16.14462070126688,28.77389905637635,3.816564518427513,0
6.571522436674294,206.1624443600216,23523.974466587933,5.737919534577564,300.4930530258456,338.5853473177557,18.03851424985168,54.15161915973482,3.0857528275130606,1
8.231899292482769,121.86304009277552,21496.735381139697,8.26640128153436,250.2619278982325,463.834434812385,13.960583191948416,59.999121297573666,3.162145848895433,0
9.923545287998753,182.76140297433588,24986.25490769885,5.572419813274235,380.5923311842556,472.1169194820653,12.980297167171457,47.238487218597484,4.9244678917851665,0
7.515790871370753,232.66875921152695,23551.228067909524,6.9766825425689,441.5390531335576,417.61853179229655,14.981245886159972,61.204580286437555,4.163130169251641,0
10.351066467167023,182.67971958872528,7972.374334177806,8.654379880976952,,229.30184739419042,17.205920646488124,69.67632829700777,3.8845942340399873,0
4.15397092549005,171.69584132628137,19704.79268596954,9.280446284349015,299.061075999272,397.9764824230831,13.59590845950208,57.56742700916107,3.8005885299514848,0
4.822505907396826,277.2191124110826,37517.27864964255,6.90045120246603,322.9947409610397,426.3036122930892,16.447230961009723,,2.858658400551329,0
8.439362713946872,261.1677016568532,15902.061949707342,7.603203641661306,338.74202610445775,351.7044607834471,9.777918216336557,62.34612397190326,5.650028636054299,0
7.375722378275852,213.8651219368755,42253.79985317198,5.413454581725777,285.0366751508973,350.9810837248664,17.52527180423443,73.87843938950114,4.316257405399164,0
9.711837518651933,178.16847443933196,8062.786284479651,5.270443213230041,345.8802296022455,375.00008442567855,12.431573914623824,60.484723435667775,4.700688559027494,1
6.872151046691869,119.59226037146728,26493.782985025122,6.667544047491078,379.6554791732728,484.036894014488,12.897710970306596,73.46903384560603,3.947432288802948,0
,244.36064856812234,23219.833930699726,6.73841519045969,345.5988531410317,456.22908847785556,16.3909993640129,63.648152510927304,3.470730932189415,1
,181.0514744389397,14361.698393717765,6.258349777152516,390.89698523767515,434.1899252599944,16.039864867312602,101.49887558686179,4.762684916775568,0
4.1411688523372785,189.24069653965688,20359.89547953274,8.988723297303386,351.0497855259061,372.90756575022215,14.118152868184094,,4.561730536977626,0
4.868536788425338,180.35195926591132,36060.871814960185,7.2893096692414225,287.0876401739916,389.92208316790044,11.47808439961451,63.18555418608922,3.7897814085499673,0
8.650399196252419,108.24907979692787,17146.330079603493,8.243588781603162,,428.2613221875837,12.869465647120524,73.42380001134121,2.707673707019057,0
8.471017346045299,211.01086165479958,32562.41216392895,7.5517288379641,345.9301307963972,438.0965003204309,14.823824218507431,48.17475939168317,6.010520280441441,0
9.01095721608546,156.6105645495227,24130.279656966988,10.430204242466385,,317.8805059989238,18.500694616105108,49.22703331450481,2.6668213796207345,1
3.8020604622711556,253.56645770564936,11776.942605229902,8.530096554209306,,383.5331296349332,11.701973113197273,82.0028637730425,6.239853811035777,0
7.8103300478801305,170.1203887691589,19304.71525218015,8.61585578704655,,343.7939151691584,13.53646178146222,66.43653708997127,3.2880309015621196,1
,212.74713055359294,15321.258724442208,7.093947484108818,341.07989307639576,569.3389361991821,12.378508354819575,94.53403642461619,2.907268339423301,1
9.017759856817978,103.7005429912436,17845.801039652062,5.268340647524054,318.88543932140834,387.20730120725335,14.217025050032088,67.68186811305372,4.6390106851293424,0
5.849300159587318,187.22516071931898,35337.215608390456,7.203005439353778,387.0274317680897,277.2822451538318,14.998094162539969,66.09675601535116,4.676521640935867,0
,233.1026407576469,12776.047414260487,4.628856912856639,339.87529714843333,491.63629352293447,9.639660177667363,40.700331643242514,4.6114494623390705,1
6.953633097218565,176.08812482325482,31270.942000366595,9.737014932460886,226.87438821003067,550.1104120685744,13.497298289924569,77.1391814322735,3.8258111209334547,0
5.747721977697699,272.52056864902767,17556.939141408628,3.9287371221126355,,279.43355777697536,17.40111620647429,53.74581682492094,3.8374508246537986,0
7.351521283480882,176.07409467949773,19499.223999267106,4.181220582065821,319.90830660255716,475.7366029157483,14.51678064643088,82.28252454252865,4.640541387354124,1
5.577340384438457,202.64472995009945,25666.985178267518,7.782401025697494,336.52105434573866,276.5277852972681,16.15418696414941,72.89413895823128,3.9805169742546376,0
6.248971863461745,215.78327309124714,18916.555308039096,7.685690631841881,,487.97424924749066,9.405245855361223,62.10552032414035,3.8357968343156172,1
6.691681701926187,188.85878299433136,18577.803638995694,8.190782836191094,393.2929128176999,441.7197403940509,8.014424422236246,49.29417317654446,4.218433982712976,1
6.844584295655853,128.22380718015566,24370.78141771041,8.064407760035554,387.7076842126336,567.9311558851078,15.920579769545098,38.285718345991455,3.4620697994432983,0
5.888525795055733,221.77942842546008,25259.999967336134,5.274649687913422,,422.168869489115,14.314819162770627,56.65288248377073,4.487668989947487,0
4.327971708278892,222.85498616823944,34638.28175865233,5.224854129225758,402.8389944168873,402.2375716567792,13.357984366959274,56.21663150401285,3.4744777031820124,0
9.040607630260414,245.07519985177785,29741.085626203094,7.481173255457931,363.78011174945647,342.3662792421585,17.377985817208668,55.50434848594389,3.148783684714349,0
,161.8010948431309,8937.424867515325,8.633859221518293,,463.3227585807411,13.439741446849,84.0388998491406,4.165628311976502,0
6.443970024559327,224.84606081363816,6382.432500229919,5.998976625142217,337.5316402567102,492.5157739607664,15.975721637633125,86.86043159847225,2.584874794630529,1
9.35578723950756,217.23357957852764,14255.192996152568,4.267513781733927,294.34852525641617,400.99267692718377,11.981211978234292,91.73081587847513,4.044753979512231,0
8.092564860117504,212.97985734156083,28026.404269627397,5.169808593962337,271.3171670524201,390.25657608622737,11.262026385373757,84.57538585333988,4.114646962927871,0
6.642502706261258,154.89066125578336,12659.334771729391,8.050793892349757,,432.1063668710916,9.801246850061954,55.96206150380323,3.0221429244130222,1
7.253230557018728,194.62902185272907,16609.169122941978,6.060173704835636,277.3133454024813,431.7937005904279,12.437644062506077,88.47565140789014,3.1015147803593788,1
,185.1503717192832,17108.059075636116,8.04051101010498,,268.6021530738121,21.54438503477979,54.649570026640646,3.202507477384609,1
7.613460521641232,192.1625112591528,23436.362095931046,8.761210666557988,,367.93758671320086,4.462072324817155,70.46418857455332,3.8972993523371,0
7.660122037684373,239.15126695085672,22779.102513077574,6.882706424175974,298.4599871799197,394.6877879201412,13.176843131997325,64.82688319602455,4.003575408472836,1
5.376303954835967,224.23808773004131,16911.083204204457,6.245787484966678,266.50227571036555,435.21821913358895,15.722740692473536,64.04177545265665,4.392793064399102,0
7.9943056206103575,195.92781616459484,11587.857872921839,6.061116217264296,,495.25567275403245,14.19119800024377,77.8856998581683,3.4088662551512754,0
5.540102010358892,151.328173153127,3938.7208084907506,7.554184312097373,278.06413731299455,436.3232220654786,10.109194894652891,53.162967539252875,4.391040848896841,0
8.553490791904283,212.85393557741307,18371.467869976335,8.024191820739915,251.64480622515117,359.88794591195676,20.287588602286952,64.13726220444507,4.240879389758919,1
,157.9862857203392,27366.569441441687,4.433545323272071,,483.0595144601571,17.053708120697934,63.21800944311194,3.249434790307431,0
5.710498375541738,281.25543031683753,26135.101304366384,6.940588189417342,370.01416925712584,308.0337579653699,15.323298464379736,74.99015433635421,2.4426083343376934,0
4.068619337268851,222.79718708764705,34439.82976916713,8.42785947687856,285.3578428204075,360.63504759232126,15.258943689032685,53.27521197844629,5.504731976853892,0
5.005415054633802,204.1014319691254,11249.694310829764,3.79686303251658,304.4474663106716,436.46980329918495,14.151599140786466,75.34733231713474,4.30857462954375,0
8.664339475701262,237.57193240072564,19045.463690882807,9.76085089482805,282.96149515685954,558.7552420704136,19.408816912535684,84.88050035441964,3.3749209038928916,1
5.907985047034784,136.512294818219,33066.68878446183,6.912178569618164,390.6072851656956,330.52179877929376,11.027816259157408,81.97390855193254,3.7829202227814758,1
6.2849769130240825,215.01656817913585,32333.29046638365,8.152936977638355,,449.84649517642,12.479344272247733,88.31968158488445,4.320270067294705,1
,180.3291490333799,6871.977351010668,2.691441197881413,314.43438330416245,339.7710560201265,13.899574986321603,76.0863042321645,4.903635096627678,0
7.773647833595742,217.69221437395024,26107.593771692344,9.317648001883546,402.7062008070003,394.13365381788276,13.773556387384394,60.382451392649386,2.8119737277653813,0
5.371611268217598,185.3050217397942,19117.948837923974,6.345090483414029,,501.0926048583535,19.044346470303687,73.04313001430467,3.7212254609445297,0
7.450198023556673,265.4054821142272,15374.78985041425,5.577773831138946,319.60409788329605,472.26284829981876,10.2349110087353,75.76335512086081,5.40625328436275,0
5.583741776136678,223.48009776524063,19732.5018838018,7.5080539772771555,318.47163667330244,427.2332846575606,7.854460238450293,61.848756201180755,4.7261875437724825,0
8.017634791890366,180.5484884719342,13244.54045369344,8.078005639049495,361.6522964315081,217.43543931515532,15.599248374702603,59.678374044738,3.4129156739049056,1
5.7525226173149795,177.04565788591165,17359.357144794172,5.016684300901801,337.749559370267,515.023068152828,16.82441323405087,54.24874325186124,4.384311139330693,0
6.224266596328869,234.53476393985977,16320.489960745319,9.517559588683337,319.24011974159964,485.4440255998496,14.157366280035001,66.52233243237603,4.3045946467566525,0
,186.55979011118583,27925.34251181249,10.024727148155558,373.90380830112946,322.2273426620675,9.064350173756024,56.826928765058234,3.666096414866169,0
7.323820431200006,201.35121883764972,21344.282744099848,5.943491757119781,266.8514236627176,485.0088400965533,14.838861103188027,72.70991532508147,3.5922624555974987,0
0.26094247542880034,254.72666847168105,28677.59363784571,8.764503006857504,,403.20426554397113,13.398449720014789,54.521193447231695,4.711028606999499,0
5.206699901319393,234.4746552004867,21998.110903019082,8.80990529839104,,218.06775770210595,15.791753314518386,67.20966796494477,4.141745016839242,1
,214.40231806255935,11378.47176884106,7.812638528378565,358.473709841066,404.5202739942671,14.548478157978602,48.029509857598825,4.461397199212549,1
4.723916217024655,197.4859452560699,20129.991817331058,7.685950901509302,384.39661818521427,385.1016625319186,2.2,39.799324062850914,3.3042852337681294,1
4.955995304912163,215.70015332802834,19958.445398726974,9.58686965863479,,368.0624383224906,10.480687211542815,68.2174808746254,5.847347817637042,0
7.193033912579843,181.72254274172872,30578.236903364177,4.5244484441988995,306.31013377576073,434.08960689593897,8.16661545804443,68.06751559020023,3.918453717003915,0
9.591054557524508,270.51924352828286,6197.653233619145,10.82769887472726,235.27811077799717,405.64571763600367,16.50299964819281,77.80406311650371,5.008139916046642,0
,152.1773840130909,29526.219725143164,5.9786843009499755,,438.3046948895402,17.854822965879773,97.62411498074827,4.6299901866444095,0
8.430130983098127,203.06414803317693,19918.959943394384,8.003521036562582,295.6033554649181,291.41220305793934,14.185802453435896,66.10504565048267,4.3901424891883565,1
5.455910698917863,240.02729619570735,16026.986823679395,6.430541549107177,312.06291461716955,395.5676907636893,10.165922014386641,42.7530348542481,3.029930384676341,0
5.991659263879378,264.031107636129,31917.632831732557,8.309836105551957,,358.80466207190256,15.670845375834988,87.65651120620454,4.006569882350089,0
,141.9120515452263,33489.49039559985,9.321556338205172,355.6559865528527,253.46858162170275,20.329241584940995,44.997122751442554,4.787373869932703,0
,167.09089792386015,32319.237204002995,9.312921490057716,321.86162066592345,483.96425847510267,11.51953024969411,59.459814348405935,3.045649584212085,0
6.071521300218777,167.20460235660755,30864.313067607567,5.949564558225768,,444.33930416885227,17.528940096925876,83.38736822775115,3.554657349634757,1
8.420020569729,131.80362958793918,34454.593197678674,5.492440230171486,340.01926335213346,405.37736042583595,8.042907929056213,62.16825590914786,5.151167233745363,0
8.883128151215177,141.27393846358552,15481.98342966285,6.8119395834230705,289.5337789469919,517.2690597497666,13.824809160362912,58.185859806197584,4.128725797327757,0
7.785588276305694,180.40922746509779,24103.070778847985,4.739184644242237,260.80395694300137,313.0527409490181,14.113597652318617,72.52586623424476,4.7992312951672735,0
4.008737780876476,204.21978260177937,19486.179241938597,7.35674909853795,360.6820079954269,424.6679002386507,19.48963751437419,67.96272400627467,4.165008675999262,0
5.192527318426111,143.8437717667195,5234.22974523544,8.50524181279428,286.6954557396681,425.29515401110666,15.202456845800093,54.80227894695818,4.3299829469053455,1
7.685055438332799,169.95510268359982,22810.527623187827,6.912974973558294,334.53232008240013,329.13820168951554,16.54419501552059,59.08259715758884,5.858953325174038,1
8.05904729362915,205.098042826865,24970.771288563938,7.711957894986261,341.17915817980446,340.6738064314776,17.11140784699492,42.421361875509646,3.0922061382187676,1
7.472441374637867,178.7093416084263,15221.598496371262,7.603069010977329,,364.6315097030319,15.22359068739736,57.28934544459881,2.5236009147747533,1
8.167805177737343,213.93587691530402,11463.774109919437,9.331555119487803,355.30422697771314,483.30079553480067,21.562892037041195,77.06958251593863,5.07555877909715,0
7.909730582102226,192.7622196897577,14918.461426072809,7.691127320501986,316.4554223195754,419.7777370775885,19.211576072292168,42.06141970995617,2.5347556672722567,1
6.147990577475486,191.27048272170293,14171.113068051625,6.999529313714125,339.8840450468272,425.5061958527633,21.165930989960685,46.71129726587412,2.8955007313578567,0
4.924300231903692,129.07198601286476,7264.951754227855,8.810471134408557,330.34437566308196,345.1735627783628,15.85174550706875,,5.331088950202053,0
6.210465299478287,211.5038544365364,11556.01210401889,7.463596948237308,459.23187305048106,569.7371566378434,15.092789404511096,68.19063484975722,4.950154639956576,1
9.484027787694522,247.20948798436117,31159.038075725475,5.654848975182277,,488.07901594015146,15.468747317533037,71.0687590237,4.562983405329964,0
8.634576780990574,194.46216095250603,13757.31065988118,6.851469629390621,,515.6809070107624,13.583577925611097,60.93209914167909,3.170843548551159,1
3.1769237122241423,186.211725831253,21116.70322678819,5.057976074899125,283.1694835495669,312.36986147922397,15.823670058503673,35.32053313630617,3.4488476333743927,0
9.717527206958918,179.18801645280678,27961.425397974166,6.2979081162430175,283.31117304015805,428.64740844066733,13.82028605042511,69.05913034961196,4.392852377924504,1
6.569242879217539,164.29020761607856,16841.39822261169,9.115703726174308,348.50096568962016,454.9767426899086,13.006725612249815,20.6670508643873,4.433779740255344,1
7.238888416008163,186.4294035572321,22507.520643366053,8.126687786285144,333.0711547706133,440.6139734640043,11.815127231043228,62.878573627691836,4.912083592607009,1
,243.75990927225584,8935.392961591919,5.938523959057948,,486.0223002717011,15.409859817050606,75.97752935059195,4.374590995192666,1
7.467925003104313,154.14974908609108,15064.484369948193,9.627213558840754,393.18109119812453,346.93904360142216,12.512372101929925,80.20387893614433,3.763691086287216,1
,201.02669880155597,32555.718741923607,8.266607151373643,368.9463756638791,434.942324488056,25.323675322135557,95.26916899351933,5.226211386656773,0
10.5800668029599,190.9307124002382,7633.178083561532,8.41788110971894,325.6151728934855,449.10986667488424,15.947195623437104,55.66800450533665,3.785896732994522,0
5.104989082610203,148.52299332749436,16422.253302204088,3.417465861107367,356.38680629314626,404.84644632903024,11.819340969101358,73.66789995925474,4.2388123177268735,0
7.362406017470749,162.3986756584582,19391.13763768459,7.942540127227235,347.4011761987375,429.6862915572253,9.773688894541689,74.07078160329559,3.494159212586449,1
8.886696024700674,151.00768729704964,320.0,8.589780040938978,248.28155662755017,434.66981475086317,13.964492621126144,66.2223564896707,3.821675328977864,0
7.975207424537462,179.91271049885944,16071.19877408573,6.514075555858605,347.25021220161506,381.2701814758881,11.397198282463416,94.75948612954937,2.6766675057246836,1
,245.59475384525382,20535.329616269602,7.105841350824198,348.1334767020222,406.5570668217927,16.991991980515216,68.37110938041927,4.45068416381793,0
7.769022223308573,187.6641880953381,21759.088662995022,7.833089549042961,379.58623412756197,414.9918401389688,9.920850737341716,63.09634881010639,3.4703794003865562,0
7.554335928745042,182.78952324579686,22230.78128173313,7.369098119542351,408.21253641749905,418.8081877333147,20.700443574688983,89.43527452893827,3.2105965176441207,1
,193.0554265378257,23612.442922216087,7.57695372352911,264.4608119084339,432.1102005753424,9.496979791386288,72.65160042327713,4.375007753781022,0
9.635913610645739,168.3810112172514,18837.279722312636,7.968151622377478,330.96824548797423,434.051489358491,16.514425019646634,58.99301535880506,4.006116087165107,0
,218.30781509210144,28063.11411324548,7.257264621377973,374.00954484854805,435.1227724650978,12.096853498823073,,3.4755620719725253,0
,202.43538845705476,18185.009629707874,7.260449374775047,302.39454736796415,444.40905033692013,16.758797957951817,88.20881185569277,4.006443019220216,1
7.43750000081049,162.89038354044487,28565.512299977243,5.5821882517609795,308.51542724985563,415.55780556912276,15.42170626721948,61.09130976162376,2.917934114731131,1
9.370088369894384,238.20463584870683,29140.544308022967,7.434069152941365,261.80339397181996,550.5236542102641,17.073182577268454,62.098453956853426,4.717983912056931,0
7.155680061894982,192.1421823431509,21460.777622365466,4.485427633545729,289.8552539842274,508.6684029877023,18.609466832301955,53.200915406527216,4.392373076737332,0
5.688770402383078,222.54631737905817,22046.908733491102,9.29554985884717,355.9985099214602,523.6706231396458,12.143996307540787,63.13937415322829,3.4307547573553276,0
5.480794452312417,214.79548836313694,12296.532330967402,6.971986147251447,,481.0719747973952,14.643410084230194,43.773828379475766,4.021442609835196,1
7.3750037642584605,161.4917734769291,24057.050207126427,8.266769512633484,349.5998126144429,350.1700903343609,14.792190600314198,69.36236431679481,3.6921473041299127,1
8.05540942114555,184.84980312773908,17573.833147799673,5.560717221247344,336.6905758749626,583.2502753230981,13.757916386206556,66.21152481277369,3.727528222171603,0
,224.3259585947398,35476.49270472996,5.991111529031494,385.5972348569627,506.7202603846417,11.713171697065874,90.80287763366002,4.150822487254173,0
6.028769177480248,247.65458968483523,41273.196081933354,5.989902154038898,362.0375842497438,556.769260239186,10.75914558007825,51.8162926031245,3.329268100369263,0
7.589208252017842,222.533164516545,16366.510870824557,6.111436950966088,296.1579786103042,425.3484102607712,15.04112861919588,56.44763446277348,3.610265465199501,1
6.560729402139716,231.30498286095957,27582.73658573086,6.704219723815369,357.33364163832636,445.4708152744211,14.868757598499819,50.940319942299034,4.514283020372751,1
8.249541855789026,229.80617030325052,9737.310681818251,8.867832470107288,297.8019167826943,462.1334452458733,16.213988514650307,96.74034393316985,4.0236160545743545,0
3.2731777814881053,216.79395728171485,11845.47322610452,8.727865867325585,307.99893941202396,335.31155591865564,15.463329563755424,76.01176839273292,4.119759552486026,0
7.5017886981963064,157.62498442764064,24036.364465291223,8.002839426319301,293.9629758733837,370.41794650452374,20.123324398348032,51.96752716967242,2.909048246408954,0
6.042959914292107,261.99347751396533,23558.584500912526,7.963534185649037,,400.76437640243995,10.570365890734763,44.379305826808974,3.2883835400136703,1
5.390698890508887,260.6543789344449,17383.025587100594,8.543660775757614,304.46742236740744,435.1075330830481,13.237570110555243,101.83399816694575,5.134771533824264,0
8.331346216968091,225.7826232288001,28290.09826430259,5.963123125671103,321.04344962016654,432.59995670396705,15.822860962764434,55.696333807001636,3.965487464117745,1
7.784766284453994,220.31370077644726,16812.380561324346,7.165582078251876,357.6581648823968,538.4023205177041,13.922255886991026,,4.979671838877465,1
0.41804681197286797,218.93440785203813,18116.329214723733,8.97318639755356,407.21774764957627,407.1982504191245,12.092012698395235,87.79905130204432,4.435715012916389,0
5.63767877257521,216.77844923142266,18813.129941230134,7.489822686932317,363.91389194950216,465.56687530623964,10.662129548405563,65.32648310985499,5.182943572224321,0
5.323533315636672,190.43188759364435,28018.623702623518,5.787102011011634,,482.1150148224171,11.993914706764805,33.74046384136393,3.769771477952354,0
7.049790685940203,130.39235661166344,23227.08556256706,10.872417720288441,,546.1880716859484,12.952019600165706,51.370296135160345,4.773107595118323,1
,201.73260115146752,29898.614595122104,5.603796321177858,,443.81130443551734,18.603023651829524,79.65560813239813,4.346289140824549,1
7.061730920937363,205.48845993085155,24640.360753937774,8.62212826827714,289.3203801749775,454.8961860689005,12.63816711591715,71.76344382593783,3.3852657944378852,1
9.676097929790345,222.9037401813579,17592.710497615786,6.956967343665892,264.67689618204133,461.62208346961114,13.838575574918481,91.24930400843421,3.849380414823152,0
,209.72524703239725,10551.585139348033,7.218211229131237,294.7294651399384,395.12381143091204,16.368615157919155,50.19640290920698,4.125530136599376,0
8.25140300062948,157.03090664730567,25185.2802672173,6.339558447177695,416.63128430035607,339.5103172947412,14.903025480211896,58.160535838621485,3.4919213695190923,1
6.397985766183838,172.5572705145401,12791.455338070738,9.580535242374676,360.79424606301853,535.8977953841145,15.899904746764168,,3.2372158045094848,1
,199.80469741480715,11202.074132904369,8.814130352686579,390.27637437800087,414.8770618166231,7.283327374584931,100.38372480984296,4.257299225698581,0
5.929871239630017,203.68016716928955,21573.313118006812,6.293426623895043,362.2959726599161,346.11404440036404,11.194218441084914,58.005955221862955,4.7487968528982405,1
6.547032220781512,191.17713162839976,27246.550243358182,10.061027686395754,306.5504703284775,512.9164615646614,17.09680597762289,58.594580936994475,2.453431821462236,0
7.63743361874379,136.39108386337563,29200.621247774703,6.418480158975192,,466.40110404637437,17.01977357808166,96.45439983477901,3.8901097609845334,0
7.930686427505559,164.212728740913,22356.32328174629,9.48505033472026,,423.2969330697938,12.186946628873136,72.47932566304496,3.146650441447211,1
7.514480170904071,213.30705017081988,21962.79932301737,5.13347335745024,363.47682377570806,415.3397541881689,14.052114180482311,68.64609980276045,3.916292288927817,1
4.86052593869476,209.24226314519672,26763.655160608556,5.693057348472789,339.39293827999865,528.0761218704008,15.718163810180844,84.44426683014238,3.871082709556498,1
,250.7232460543415,16690.163025406637,6.450867829704036,271.0414561264588,298.38268832204903,15.881475706108608,93.1082137508202,4.728043549883605,0
,188.29587800945035,14605.85317413955,3.4976689031876855,390.9821110160856,445.77020350082904,20.629999346497794,69.09187673129536,3.138872387297001,0
8.843641329185022,249.92231474493786,4622.66491869223,6.939171789467968,363.8988422519411,366.8006678403076,7.247748568585892,,5.022465962294376,1
4.363945615157056,225.24590617070203,20267.032741598185,7.482028813241623,257.0566654367191,488.5938799379562,21.297496980469216,55.75247901665931,4.629554514853418,0
,279.4999952900593,37311.41113286435,5.265592995238209,354.14173599852495,447.77880878220384,12.37027884596653,68.22248365448789,3.4221697140751495,0
8.431294910029164,202.56679218911742,18149.864403529267,6.922870329230353,280.57744553530165,501.77767402515155,12.283405951719754,65.04117411854625,3.1256959963288935,0
8.505353439889348,160.95344873975918,12773.811993664209,8.321011290869313,312.9575418420802,597.0053944588415,13.84589932721187,64.07512464317229,4.713245872233976,0
5.840658058478706,177.35674203227072,23768.275287286415,4.856325069738473,392.9470495668547,445.6513667200199,14.52619275956921,67.15978794122633,4.218580970463175,1
7.620444259663606,227.67816740793296,25434.035808212167,4.229522639137668,335.1620953783403,387.46284880197254,14.90554040639665,74.60154344117714,3.2198802605649446,1
8.69020482433492,186.21079514206824,3302.427417268489,6.380349891320315,325.27238681024954,476.7382328452598,16.33487078507458,96.24529453571728,3.8664284114036467,0
,226.93785385122456,28893.586141730237,6.990330165275209,413.28355908031097,584.2814673942223,14.152109903282764,71.96599521705608,4.397113060729393,0
6.3605470980042345,240.50548193301222,42381.90347021472,6.850360583277376,334.98068449896397,478.5469193126231,12.435604065165242,104.61405139052216,4.6120878284169144,0
5.06260990264124,182.81912536761854,12324.235011369732,7.150728650086938,366.4451965397523,403.84030637158224,8.523220443586016,58.51247396646048,3.465466873046931,1
4.523438377050649,211.11539443625207,20957.355413391004,6.123640339428285,347.1484519282728,561.9559364324442,11.116624195442734,59.25430106648559,3.1985190788086,1
5.591806551899083,173.0534184625399,320.0,8.1342792289708,428.7732293523226,496.46508704426105,15.578363871243475,70.73323493849304,4.293934731217609,0
6.52613070440325,200.85486141425454,28960.140636927114,9.599459530458475,279.97450933306374,461.7574319621795,10.98409966594954,63.86787821134547,5.002777020490944,1
,244.95756701834085,24686.31078609121,4.146371251730222,301.20806202650374,386.43276390284063,14.120447606545941,,4.0349635566508395,1
,189.63879346309514,17852.860496354115,7.141498335697198,388.56189154468063,443.9783772413871,13.034395777510047,60.46293990645003,5.25258159140489,1
8.608130731958934,213.74453469161625,28173.66222694963,5.89151231082096,,327.4934409107127,12.689084632305164,52.89733426498863,4.917598101629496,1
7.49981496298204,184.2032211710798,30441.062671037234,7.246472583542429,323.0804071123748,257.4266595321252,17.658842877109798,62.027382221267125,2.8348691823578225,0
6.791281551708167,192.07962093321802,35011.27258999129,5.668033780901817,416.30858233630056,291.75024720472976,14.359847553075328,70.45631765303939,4.897153955690872,1
8.101586544665993,227.6029773709987,33473.93906658527,8.399252169123567,299.4364894914463,432.41347886988586,11.375013789911439,29.474257683246975,5.054786829516574,0
5.57167731636051,177.15981038513493,8682.994446352315,7.816947076627632,,326.8634204850845,12.2297006074954,97.94324958558418,5.077253727456674,1
,182.32294742936344,11442.532255867585,9.29440286564472,,471.67642508942356,16.43498329251169,54.65376134439588,4.24215556491573,1
7.862263166186585,155.62533928991064,21349.1490950367,7.262294166003646,309.9398052478404,364.5656350039559,14.719099004278826,62.24524652460087,4.344152150112752,1
8.016276250101155,202.2422734911014,22118.602170608425,4.78848971818259,,444.57646073829324,17.807414510521852,76.18946198013793,4.3237089773201305,1
6.59032555332215,149.09437669394342,23368.851382566703,9.036683856875214,332.3419910308869,367.3440271872312,20.046980887095884,,4.618719779848549,0
9.488704562062264,124.23876921630944,22018.852623474744,7.295511185593352,,443.3915230149263,12.992079744336735,75.23650079016184,3.636595660774178,0
6.14608409661184,218.7342001306765,21315.697594431447,5.560485759009193,373.0767144928204,395.4328857777396,18.55007619161529,64.56924105390378,4.7556186199039985,1
,186.456133300577,12524.628743343546,8.062782681769093,346.7591570049172,447.22972491730394,18.805227505017694,72.91715681656736,3.417703165535496,1
9.846980960465135,218.73555008820372,14224.804995272316,7.51916049493705,385.2649594104559,408.8431122565999,15.223771165627848,44.67934466621096,4.665461101737758,0
4.323561275302032,159.81140592305303,14799.578478890679,9.165713534980418,390.731823135186,362.2914538258903,16.1833823462041,66.28273859843226,3.7282333409744814,0
4.58592159470501,223.31348222132883,28826.922498927284,6.3361694990738995,323.229480771979,451.04522356141194,14.226549640530326,67.14805189703839,4.939953856569649,0
6.602913002028943,217.6555492141183,25696.33939254267,8.356741388795498,327.2246862682417,524.6609091253634,13.292525021185615,88.07771291546754,3.679274042904885,1
8.579606422654496,227.53432574571863,24143.258872115133,6.671235942393844,294.06190414175626,293.157186254112,11.569932504278206,67.97578207460329,3.0550233864044496,1
7.199687628807224,247.349919499585,35013.002258189874,5.6485512471529535,303.24449400801745,505.1925426074291,18.55951810789918,102.10116283743221,3.9744211491450865,0
9.676925461103597,203.0539163266555,25491.905700815638,6.3814470836037005,283.3557304576161,561.6015946680636,13.49489611710613,63.187561845008446,3.9739186475755415,0
7.546473603611804,172.89295943304603,11719.836944453691,6.960204381321535,352.3520387785281,468.29474327803035,10.479009165343019,69.55864520621292,3.3367319531403887,1
5.811460057544075,193.32310600159212,34250.58006242846,7.546930261846535,315.5128403516597,413.2464474336427,14.389399156894068,,2.8427558202508423,1
6.903230771180593,126.96723330986683,13328.00575151001,5.5253880655894285,268.08948341258906,328.290426480721,21.43694908591152,45.16646574687903,4.968889729763568,0
7.111873353229725,218.26678098709772,14914.360664002223,8.287557606599318,318.01577020642935,481.1867306060219,15.584174355205997,75.93681788437202,2.431304200036526,0
3.8908297080092997,206.6650022536004,21004.32860918589,7.26762160380351,,458.5264600049794,15.654681016319458,59.99222628339551,2.3692589272685254,0
11.778596959802808,190.70719536834167,25295.7118770055,7.002448312467787,,392.9333282032437,17.64934767151572,49.1705441147721,5.409091418444854,0
7.835767832583441,242.24698226080852,31522.980108579417,9.476478196440768,310.468985305296,358.290120926984,12.86495437462692,89.59601677240181,3.8535254682101847,0
8.211726398787889,223.24857040654473,32455.112510196108,8.430457906943015,277.9371627372456,384.87051762780334,13.314943112551315,50.46961904780466,3.790878077608193,1
8.595406293041982,197.29554186731133,17327.964318216724,8.241078674674906,303.2779865944324,462.19039034844536,14.311949792836618,71.2439059017671,4.2100103298319,1
,189.76668197144153,9947.607528964492,6.866621717562321,370.4114525112747,392.8881715817609,18.772733600511287,51.05164503383625,4.945354498246343,1
,172.57712240252386,8106.263475049169,5.632101879528068,,425.2634613086179,11.317977351213697,54.462441522837175,4.114851328553153,1
5.76376595476674,199.8614508840028,34069.828954114135,4.918956052611925,338.9029576567405,439.06155696304705,8.105967450336106,54.08727691728714,4.457067967859725,0
7.979011235379067,212.5504733333974,13685.435603229533,6.979303809505221,,424.8880634171459,12.702470822716325,66.77341375779416,4.208050379850872,0
7.594279512956614,185.3559291413209,12227.369800869825,5.716909880349043,314.4729912457385,501.2202555296292,14.323364489115791,56.98805919696286,2.5986016867724064,0
,166.79254926957873,27565.355061869523,8.474243102702752,,203.14066369750287,10.794277035598629,39.795748250648785,4.659007804462556,0
7.587822578949847,217.89426902128972,28586.714234633506,6.418226946048209,321.9558036776871,314.4166834047486,13.555239182943483,67.76458596178516,4.076367522879727,1
8.740580231824273,222.6744351069933,14747.52112620332,4.784992961451895,315.1502623990984,338.4350361504837,16.66509836055324,66.28118625643754,3.9050815057539334,1
8.213674852081736,202.5150335158709,29894.9655290336,6.405522384139642,341.7509370066447,409.2994643348989,14.228028856159955,63.5900310891838,4.576856974938418,0
9.405457597823855,171.01268715426966,35803.0309071039,6.782559509579784,481.0,384.5779006870707,13.596469057005677,78.21876778450456,3.3547581891603873,0
8.214963447075514,201.5015892636865,12487.63258203542,8.3644139580082,,553.287860410828,14.608229355312744,48.821106780162154,3.5912096032265968,1
,146.86350127850372,16820.51248316925,5.502868714140923,279.14361757336326,436.08949597939227,13.158574309450469,35.71276551860425,5.04784641654245,0
8.35804902931101,185.78293363533103,25748.24691790656,8.631614302759262,290.8875782144485,446.3322318711545,12.234667145424416,82.85991582722161,4.176455855615894,0
8.107877609895768,202.3469190513819,24426.035180134906,7.3684268872465495,,271.8454641318111,17.538426534318305,32.03699897689548,4.350887556196313,1
5.526605917368887,176.90109453665536,22044.338339426868,9.334042718732793,333.1185942482107,424.3851206843075,17.340007992093252,79.18675766169348,3.5047649409123833,1
,187.69915184773808,22726.39955585821,7.679988636153529,326.80087006554606,394.8669443233716,14.36823658401354,66.01370440483863,4.363801981864962,0
5.17909460696989,167.25397722891122,22542.547267428687,7.49186011846733,403.90629232811006,453.67117040517826,10.043220130052795,,3.6957365814210363,0
7.54296394415368,224.71700482328367,36969.21855803941,8.468771004080716,273.1389419600387,398.8515496149504,12.92881173591684,78.8385531340606,3.549655394139356,1
4.366871801713676,198.45120086853623,15122.463328736296,8.233469304988269,,493.97123348308133,16.395635993222484,70.50850718514096,2.889604659718004,0
4.563412973363116,175.75338967673073,16111.664467910563,7.864039577725288,,471.5790876797048,17.102198215378685,,3.9435950504603814,0
7.15928972888651,191.5852568307757,21920.204530742456,7.202562620060513,296.8246485550829,490.48259597012094,11.85872564285598,54.69966530899547,3.6885676726356635,1
,189.42028612337015,7895.132079405475,6.216761354011464,,371.7498413915125,14.593962834206309,87.56587936562168,4.175884198395873,0
7.704839557222175,199.9177219078029,29825.391510349116,8.336404003908617,321.4212261117157,451.25420625158574,10.540727776530806,67.45800539560675,3.820324185646054,1
7.993120227183048,192.30497096275352,31030.848555566445,6.606944924897264,310.5486040399105,321.146495992652,18.23056749260698,40.72876654628818,5.060455284888692,0
8.257376064976043,179.81732126424333,23325.331944904396,8.021535776633774,319.5304100825355,397.41758926959096,17.6218051959668,61.822145730314716,3.648716372387793,1
6.845526496325426,218.00345442441295,20385.028883761057,6.883243637385174,420.408904922265,461.3572458046113,12.803822780242864,78.77203975735526,4.656625268673955,0
11.577881220134248,217.50357439152597,15338.751796932234,8.466573468759899,267.2068580882529,510.82727205612355,17.785416100437267,76.00526952158678,3.5023008961698596,0
,246.07460896210907,29647.69470973674,8.43983102271784,245.71583274463882,466.6237437367385,11.868126957257822,84.4247278644635,3.719755302882045,0
8.148882216946385,158.32131920889316,28678.091805845877,6.3025519888300305,323.395271205941,507.22233027911454,15.032495544122431,63.35137776858082,4.450364606021971,0
6.649633636678699,220.7824276427836,16507.21058898505,6.446140904777075,345.71942195410094,443.764014366336,15.070646867872114,48.30389039523907,3.323732173861191,1
8.228042976291068,238.66204013178574,11405.740624286942,7.2210185956363935,391.95822906302453,397.0883932643633,18.503114324243125,72.14515265251639,4.741289755262156,1
6.532159692037833,188.49392247937564,22556.885203423022,6.412447190053194,283.54948674013804,336.87794750978077,17.272424122451273,44.07751901614722,3.967220593981748,0
6.377205332379932,98.97067085329526,20436.612147891025,8.125575000934687,338.4801138621211,415.0045742942982,10.118441085694997,76.73234744472217,4.922968403085394,0
8.492217773589216,260.13578583187484,19282.443620905302,7.672504363116057,420.0685723713243,471.5167306925881,14.71162370611377,51.95643689101772,3.9108747433120232,1
,238.33030235939836,10950.757803940905,6.835404588232806,313.06107694576235,400.67925244284436,15.731475647620734,57.6176842732882,4.202852188843188,1
,105.90104088990762,28884.32767010909,7.104905749866984,,521.6572781754056,21.098784563377432,54.399531629537265,4.38661250359819,0
8.772104203428102,244.18774739607818,21829.534622148454,5.23855379371874,331.39057002000106,425.82748395687014,17.505501646138963,74.3717738707319,4.476754231698726,0
5.066034077279877,172.52006376470393,27491.367420482515,10.416643476028163,353.7961607024903,479.9114743503776,13.778061678008918,60.63749131364478,3.482091526380636,0
5.299693932254904,219.79359332576286,21505.469350462048,6.46840464978563,387.12888080127163,325.11230342803094,7.409763059798582,58.52978762371076,5.287830315460589,1
,189.59064591295783,19205.08371687752,8.591913799658823,311.1845787558311,372.65465755093305,10.365186697609055,59.623705821863055,3.5996288317207927,0
6.9431187627265665,169.81174883877983,8487.18589216576,7.504240194780993,242.5232510714331,427.73886314573116,8.806921906632898,69.3469780711669,4.168064071173095,1
8.72739760526575,160.0322152877603,27225.847399499107,5.244546366231791,,517.9138129730208,17.637432003549517,64.32217355978051,3.8895636556859814,0
8.028567223345815,177.84214361404702,12668.54984108366,7.920516264505683,293.49595627353165,439.31932643575993,10.433947747725487,50.29686192641154,2.8463343709790436,1
,235.49851682142733,16061.424341063857,7.382446815364812,324.86932245520563,368.7395485623694,13.66112419578503,59.85420547224313,3.997421355134051,0
7.248131460941491,192.33616341649468,26454.850287717778,5.8655439247046814,287.4673810773638,304.8398616904232,14.659651549589992,65.67272704866632,3.8088012663481243,0
7.007445385043526,179.23470692068886,30032.086144960253,8.091026385936239,279.2054436354014,437.1682664358513,20.663677960129085,63.346228167883154,3.7979178081237936,0
5.775607934033107,141.32962828495675,21410.87007042144,6.904643285376223,,491.62882555989904,8.308157829399828,30.640950017641323,3.6352847281429614,1
5.7519443528521155,239.36525775341443,20027.74687508888,6.9584682166973,316.5525036507294,405.27289418964756,11.164763693265055,88.45125144358256,4.548906184459189,0
6.795894097720332,248.74704453832555,36386.134314610135,3.846420352071101,328.71804744635796,299.2829256031583,10.567416166516832,44.92408899350057,2.746195127765239,0
8.930018448800963,238.96603645473382,16161.075840689842,9.86513438723213,305.53386291380934,506.3824871734374,11.40183747110977,66.36568043376462,3.6046205935751012,0
7.105147202629991,214.73530687039585,23413.361749806823,6.58845614362782,351.2877199240724,411.9508419968242,18.797674831611722,53.62902585428186,3.7213298617234343,0
5.471772486209752,207.64405146547492,320.0,11.555770302400761,364.8472629540374,424.5367776041847,16.244677356868454,77.3294325178397,3.4586102046270044,0
,239.23446022134766,15277.299447242665,5.682076621191902,317.1398394365487,375.5441253452279,10.433776844056714,79.22112108444736,3.2097530925163866,1
7.61286470587616,207.25832242691752,23017.851839354385,7.629657887061428,324.1301579847966,445.0568303862806,16.12517866663135,55.86793939696278,2.9874260882517327,1
,173.56489288287472,34097.48784818753,7.711297190046607,271.2696311098775,430.16416143516324,11.601050729695434,80.14052382742524,3.629542066069041,0
6.1226039202892455,146.4353228404068,32889.273896148254,7.477421467285705,301.1359122415498,327.5416548445209,13.904806581603124,69.53199889616516,3.1868404544312687,1
4.487120445540414,234.4965196707878,23485.98937095657,8.694442085501143,,402.0834747444664,15.697369889311252,80.30498331331601,2.786607806081002,0
6.324312699800239,173.14595187627037,19343.395236705805,11.313800103800109,301.00361163426646,535.062188237926,15.66776084991572,81.84072722914539,2.2861216575579544,0
7.159758034983143,239.35796676023574,31568.41010593094,3.398303094466256,269.7863856239809,274.74651652026915,9.919163716852509,52.46998619844169,5.06911395614055,0
3.599329618267018,228.3611240266004,11596.209591032217,6.461404683296298,301.9200218033249,435.31862118809073,15.101804727899086,80.78862812627263,4.736527534773435,0
8.616153808489834,178.412279512913,26630.36707000655,7.031253118251295,337.85056611809415,405.12731005982283,12.707007513440734,85.40749867048248,3.170444553236342,1
8.573151682271927,163.25560706116767,18057.09365042813,8.716996319197573,389.2092716448695,398.6592844014852,13.410178367107608,59.20130185608817,2.683639878771178,1
5.534557739453038,159.68905105640786,12926.37478050088,8.59016830665083,328.5889342835938,384.3956845958217,12.780035255467704,67.3053723135549,3.9846392864732283,1
7.245401181038965,262.52475529517324,23434.165681237948,7.60089960841246,331.52301962690433,333.08617032550234,18.139468584664815,53.44690519358083,6.523092300603715,0
6.610992702896765,199.00939008335672,20483.632517887916,10.591046101166397,,402.1043668720899,15.647319677569119,50.42519112994398,4.208222664602471,0
5.900485015318135,208.06760897915464,27195.86898567834,7.239735210703926,,449.019643392031,14.0130088747509,10.540986899305977,6.188639087274339,0
7.670332727794744,174.78232832516764,23201.605155587244,7.7174204919535905,359.5548498170141,650.3766639788874,19.193284054055255,55.88311278213481,5.74150200353962,0
10.00153449176325,164.90921587280639,21578.18202089441,7.508000462472434,313.3400850629587,244.8857673996428,13.233525457097045,108.7794840599485,4.428553442848908,0
9.850661730135155,214.2053603083298,19520.967886990766,9.024509631108646,285.29705608041564,320.47336079629207,9.68875180437313,81.61653283694513,3.8778091223716777,0
,205.1129723578575,23513.9051856571,6.232054201212654,311.10715804917896,528.333167078848,18.089970021032077,73.1501410018837,4.063129384275706,0
7.938729930903252,169.8726671934098,24842.80064294386,8.341087489894566,263.7962436817869,294.7563496614839,15.357513519518175,83.94546653792578,3.721321771163599,0
6.434894949508844,193.71526862773442,7776.5235010163215,9.494717288810328,317.6153715572924,435.81299416409377,17.550896524429202,95.17501366622129,2.8060276330675196,1
7.460019742757144,106.59287342147957,29318.09831683825,5.576506417820513,373.5457245553646,386.4849292630896,17.942111749853524,55.0959282368308,4.827920976747141,1
6.835979919027439,243.1420503688456,18267.052265837472,8.120733139470502,343.67982514139624,495.19664812580993,15.83457790273884,61.93040287090266,2.3140930312937265,1
6.93736049791725,209.7301183787326,24730.573193466338,6.728657940408297,,422.01765230573636,14.782849312375511,74.24786061170443,3.987514462721923,1
7.172533312929634,185.6382009013458,17350.54371534294,6.4126644260135715,227.17958473743693,392.3873341437845,11.893169276128024,56.81781607455613,3.4095943294076596,0
5.951767536220923,193.14671813188318,22758.961138991566,7.4567881490682115,300.93843475895744,461.6074902245326,13.453813861211202,56.925358042682035,4.24510729208183,1
,199.90283461158393,20096.236192407458,6.083607107734615,,399.79196123464004,12.981224767818452,55.694101353102305,3.356802151642287,1
6.0923477712849285,172.05518109990302,14310.7132152078,4.006762909121279,339.73184378304427,455.38322898384246,11.679973890311128,90.08027700998605,3.1082786162819493,0
7.321666676022178,170.59316100037574,22778.77242233403,4.642617506490353,,400.40597935941554,14.513118662107882,85.01408172769032,4.0061889647282936,0
,155.78704966802604,30969.31998302356,5.811116514920605,291.26451731736586,495.66538460803673,12.43439884347946,74.73719956122846,4.895039245459715,1
8.436028159212265,267.2684225203845,21187.163454490936,5.301752516362423,282.42132460853725,486.8171220397881,18.71714989499947,62.85318449627277,4.415130814845157,0
6.010457958479558,223.80471288907597,16100.398771788987,7.626335506385205,260.3189694357398,503.14095943154695,12.293681272481102,49.22558200887779,4.87480105556948,0
,224.9184653453984,12749.88754198788,6.448861244478264,327.913004225962,450.71388829975604,19.630170906840405,23.9801749338977,3.223870720398687,0
8.632504665515938,177.1875749001544,30659.26156652093,8.351214893080535,,546.7959088195429,14.946798864252031,69.26575947794225,3.75206453734541,0
8.998070811259431,265.6564970416499,31104.960964221722,6.5576983013017625,318.1385563370968,368.82949952423786,8.565255618218632,77.49732068837665,4.606408324255152,0
,206.86936890255316,20886.88209035875,11.649392477399132,,514.6163725501347,7.11139674249723,68.99835065330106,3.5109211326496212,0
6.502322895108698,227.3588592557409,29848.465777645433,10.176798926891458,378.0686913753169,478.4618686091329,13.790735711450928,75.14001694294308,2.5105353115994937,0
7.244023620905506,193.8066271430166,320.0,6.414142693310323,263.5395701689663,369.36996873096416,19.03432903616835,62.17648991116062,4.557902759619489,0
6.0406119319555,138.75403033494868,29052.99705277212,6.88260136603076,333.8013349232355,452.5563501232994,15.104023599260266,72.60399387417678,3.2307881005727026,1
6.551502880136086,255.70647908586412,21356.107791449955,12.274954456374385,385.92209704697575,445.01865499867864,15.065464467218202,61.63420451917608,3.531913788715798,0
8.240255517251635,216.39032879084075,24104.344359355302,5.115953365741397,357.61127958145875,408.2113074503954,11.993966864498137,90.79561540229949,4.148454077534598,0
8.055504832998663,248.29814113746335,19851.23694227308,6.856459968538807,375.6601593435872,407.3063535051566,13.081184271082188,74.09360876610842,4.0533933926288315,0
7.63219702073492,154.81446229304888,9200.394562317295,4.7864163618893505,348.69340139607914,499.0487858670399,13.740774937060062,109.06402805591513,3.1574406225182576,1
7.2918927619569,167.80717122519184,13041.269059609089,6.946025573715224,347.87615500995173,362.7908213209056,18.196842044344695,69.98514700893021,3.025774784485547,0
5.415629387476763,177.08299734925293,36365.03500478289,3.994190075098105,397.84422992727303,400.21511302826934,16.43527924065671,89.19953535626298,5.904965819644483,0
5.915770124526802,195.9859012194064,13436.253280042734,8.08878494192485,324.8065821563588,422.71476936668665,17.059650338980656,52.00334607286762,3.7772092759249176,1
,183.51664794871326,33880.608985517196,5.2549832232087095,395.4324536944841,358.62673269136616,12.285337602383922,83.22477665033627,4.038671906896987,1
6.4032873869469515,158.73885069803083,19771.31801737397,9.39118151108742,393.15228325500266,508.0705823088782,17.692208683620926,42.792653609817606,3.337810572159701,0
7.463162804640524,209.67635473992902,31667.513328263718,7.73017807790275,342.8943664683076,448.658059193377,18.477249566090133,64.06577335821954,3.93359971460485,1
,178.42954752117708,31360.699042932134,7.05109207653831,354.27038722286295,599.8395628045239,11.465303475902527,,4.065394782720291,0
,202.33674617269622,25664.956830941843,3.1825949001817904,366.8826190515076,438.4880424224998,10.743636520904747,77.79553973811349,4.186421017702519,0
8.084657464804614,207.86467564599616,35326.935816441124,3.2875476992207697,259.82857990108454,506.3328809928298,10.420486969211463,,4.264290669692262,0
6.188489613570875,176.91464061378008,21017.257854015577,5.523101670902525,347.4000837847297,402.7258702676338,14.518938659103693,53.24164398674701,5.121245491667402,0
8.942541239019073,207.40116087391186,24038.667640296684,7.50549903555778,379.078284788577,355.88763913375817,11.29489935179568,55.69380295451303,4.618738962662492,1
,158.40003835783855,35570.411777090776,9.44173490208204,352.4594763900144,441.8164840262709,11.291194640519443,52.314553719343834,5.188455438825558,0
5.295221718261892,206.656884225327,40389.42631337649,6.880993878354773,330.820030957927,527.5278338731753,14.164401249631217,72.15834339259355,2.6146743342700742,0
6.840981873087078,204.4280226540355,16152.29612841992,5.025749510380763,294.06211835872756,413.1824870083355,17.064822419049577,75.11191331532743,4.193471367182702,1
,226.82400215417843,19990.867600981455,7.368308128059505,,422.55864075470896,14.992347596693966,,3.62713867462634,1
6.3120343862605,152.1080585354806,30256.88301766385,7.980344810896564,316.5919389444618,441.37751581054863,16.672066277364326,21.008660463130624,4.318136816423718,0
6.300770772692667,164.45238295746816,13516.516756330346,6.038548743533076,357.23600898137653,493.50455532618,18.951558532821508,63.740626204782494,2.9831947159967154,1
,223.52287346171087,28313.217993687344,5.601095782532378,392.8180954333003,416.1135693708674,17.20741578815371,58.040681287522546,4.041687272422812,0
5.7876454646760385,173.96251366787772,24943.598483735754,7.514739379473592,365.78922643545826,447.76702178456173,11.74663074568545,88.55302611912485,3.403342645287766,1
9.384652689530178,224.28416070200763,18396.62982901735,6.454597132642419,,481.9569500190356,12.756082057942056,57.07080323001934,2.4619694698541617,1
6.520326490542332,147.71073009686262,31471.915277832897,6.2727558935026515,357.80526869980224,530.9678412842421,14.313398914834234,58.39641276247257,3.275351966788142,1
5.360828146063431,152.6785749123612,27220.872895202032,8.27143190838595,323.02409564034014,444.544105805927,16.04142307453607,,4.21225305537533,0
4.729159731465386,167.61248799000248,18303.94187386446,7.315361088140373,429.8677491478841,435.2869837938257,13.467818534229792,86.71325840145269,4.672284794016713,0
5.305252678984002,237.3398505711353,20210.139634928924,10.394533161229745,,480.1759500363316,16.08506964599895,53.378237793278004,3.0417708080493346,0
,208.32956647997176,19009.087976202696,7.2492469823517665,,436.1795975592063,12.646321092439944,71.2414656277227,3.389913221512772,0
7.880248321428531,177.74939689662807,29595.19420805942,8.636105414374805,,421.1550229247011,16.39061088029038,37.92887086237675,4.807150512041434,0
6.974086397896432,166.21935118055632,4357.739062060387,5.538529084555419,328.8055441637667,326.72728558471385,15.079233522182633,77.08335713891192,3.316777613182746,1
7.166077330265749,179.46121706596028,27931.197226177814,5.40560094168764,254.66420428465193,431.33776832296434,14.907065097429783,73.48010901107745,3.155915298140449,0
,181.94321645428033,21806.552105943512,8.170081789317281,436.05747610297715,400.3625905861773,12.869558083488009,61.497738536183036,3.0550395110882587,0
,189.5129529772822,20551.314189770605,7.456636596366418,,516.5395994901887,14.670304337056562,53.44539975059132,4.6304861891983755,1
,136.5382560665844,31059.03842982671,8.364473178080356,411.2341477051564,417.07687233792063,10.201499765737498,57.82331757101452,3.160434614728622,0
5.9041890626622155,239.1198597195687,16041.031435003584,5.253531341626003,279.7982876463422,430.35195531499124,11.560068810806984,64.63302258955525,3.5333829646211665,1
8.448328749111283,231.47217854140052,320.0,5.601877344456735,342.95427679791675,432.9000446916617,16.618075135241476,74.3691228742162,3.7602784802982105,0
8.358468079875601,152.9360591867599,20295.556019691197,8.776374392050949,,433.86854021142074,19.825314751285383,59.65744344245368,5.508538496875106,0
4.820186771128213,202.27089534472836,20736.81911875673,5.468977078566065,449.6270642481051,328.3991479133963,18.9482559191658,65.12591611678722,4.1552275555762215,0
8.205145880005515,165.92166290498318,28957.12358996069,8.013054647602358,361.59754064767475,447.6581287859102,11.177110826603087,74.26153865581027,4.924892203114559,0
7.1902641580659,174.18700177509749,15680.267909440028,6.471991352990891,354.9087922873515,486.22072293599774,9.14298251904215,55.70063996403562,3.3277542169690637,1
10.324604769413208,185.43316970442203,29416.48710473344,6.296188774694232,311.44844100154506,338.69227107989417,14.047846409128322,42.646440807436235,3.6803180092283325,0
,182.52580244987445,12876.320906518918,8.915190571242935,306.17347617512826,378.2862149380055,18.6411871566968,55.43205966021775,4.039713105409277,0
5.276413231002245,267.60314794267003,25192.501542239177,7.625948617890427,337.2268772755774,650.7421765288327,12.088812954100245,59.21009744258919,4.056870233477204,0
11.983596767511365,182.08860103633333,31081.892011744545,8.398304423273649,294.0534666069053,351.762986869313,17.48547530182917,97.93851026913096,3.671283061762083,0
8.772230289697077,182.72039356239944,28494.445417064482,6.676744717990722,353.5303480177537,543.3477261467677,17.803709342513613,87.50874883977866,4.382941059192222,1
5.833562180315075,170.80964996760332,45925.519907521906,7.314310394491371,306.5917358416012,401.0173890776691,14.139663736751954,59.11595860483503,6.108697380539816,0
8.32497299100831,120.6748164411295,26762.85998714807,9.718412960509971,329.82474316067174,499.32040079437587,10.794669269187263,59.62268957970648,3.7415342242484937,1
9.162079673433023,163.8437742889273,23660.902071599798,8.09634612174134,252.88574649704066,381.98195808076275,13.807771841965378,29.809538072200574,4.166988188675955,1
7.618279453163748,170.8081979247568,15178.645413403334,3.5262028533063385,332.56083011853553,455.3331515828953,11.424981421120467,52.6112906333676,4.483618862399774,0
5.88943008788552,182.91499714575588,22198.977583482196,5.9638278947119145,398.8757445991374,390.2814654134876,15.893657971073806,50.15806465625043,5.640476084269217,1
6.470245316285818,206.03951657991763,23570.981708424333,5.366095389860643,362.7360120191791,435.45961796404987,19.34897564164654,50.65482513363801,4.453085482445713,0
9.214048021851024,204.21727017626395,26854.095522670836,8.096990705843805,,386.5209665027412,10.803004193627018,88.53931614883456,4.412048101807463,0
6.79728967542392,272.12512610502955,36606.07981503228,10.220708108080862,,265.3648667196483,12.440518064792569,78.88934098192087,3.0261594578783386,0
8.023624266017439,234.75013964836916,30923.067476843375,8.00570702671954,345.59736579365034,493.41543516424093,14.45536730606919,79.3618789523928,3.483058306869431,1
6.193328791169117,165.82994988551437,12744.016869078088,6.531416208487451,302.1136154382494,307.8110757488328,18.819013204098958,53.83004694044876,3.912255562417082,1
9.007190932771788,187.6273030093278,10909.65170407896,4.607501699849973,366.83943448632425,598.321037122595,12.93442896013756,46.64160369228263,5.39913480152334,0
4.776087201412636,265.7884277730031,24434.805709290165,7.431686025258667,,608.3599170352171,17.231349462654656,60.86967838330595,3.4187803438405178,1
7.952143293307383,241.4577964005494,26265.7950003981,5.43170580625382,,307.0373495314495,13.317702482740398,71.16219101038247,3.778034520213122,0
6.417349549364826,217.60966011378503,29159.614917281004,7.15611598200304,371.97622809874645,531.061772785428,7.86805823575731,74.79105916249027,5.942813851035858,0
7.19994821156131,236.85449524898112,15870.261214685499,5.204231962018476,337.7391082151489,357.7185041815837,9.5135408387513,50.75790215125776,4.7847108820079605,0
6.828420343214327,223.89679601681817,26497.12244802383,6.787180526158336,312.6108563726895,428.20786151384584,10.346197903540983,46.711195213780385,4.220258815146892,1
4.750464027458681,183.00262266753637,36237.12104736862,8.00482199067639,339.0641287035881,270.51946404015166,16.59445684532917,66.86118743096058,3.4653364443746595,0
5.077240005402439,164.43365017968887,33489.55930057801,4.84340779870651,,348.29107930887494,6.002568836956915,87.9086053099456,5.837008050560767,0
3.416226072515149,195.6900411042184,24717.80639688177,5.023566777950827,340.01749109155406,358.06799193242773,16.34044289037543,,3.506313842709429,0
5.911513904825203,166.95336252240116,2222.8645903694196,6.272484119916878,397.65992025834095,487.9061251068923,15.666534686030118,43.68756819875624,3.612748136755091,0
9.29477821988187,203.27349063931587,45902.41943874808,6.432446779573154,291.87874260267006,516.8770908887284,8.329375310572797,36.15288576962267,4.599922082029172,0
6.682943060747755,237.12339082921412,22616.629632753346,8.667026719276237,329.38383694292645,317.01453137252776,13.422294833640063,65.93499379509967,3.8339135006241065,0
6.135204649373074,214.83458785984038,25691.625042668882,5.2998943073759355,382.85800488238806,393.90528369456104,16.159129137711222,40.413287800382605,4.539480227148626,1
6.025778259764916,202.74982814677088,17994.28868214214,5.725524026994474,352.0999868187397,267.25886377962706,10.860227564447996,51.65598053000902,4.286058779834725,0
4.221848933716879,194.21540343218217,26262.5767422318,7.938839197674311,,442.77061631576146,12.623279240778285,55.09245493912301,3.9309841125726943,0
4.87466501688391,225.59546503531942,26356.559820372553,8.31237035043175,324.90137576788,599.4526550014963,23.88759028615977,77.53635922791376,5.041665030301327,0
6.399373098266993,184.14849036548208,8640.725043255075,7.958935553883282,313.2048068179646,291.7082745913129,15.386960553549196,67.51861411890458,4.462150572600405,1
,200.36009325657216,2924.9099367665112,5.900734542723855,306.11717551484116,368.93637934860516,12.411964014399958,77.25745130518438,4.283632544474312,1
8.902741749365944,213.98041007813833,19925.047121100397,7.171618901935106,334.5478091876662,480.36384280961056,12.878000687086635,,3.5742064650661765,0
,181.51049418471558,31500.393554721806,5.737415169840282,355.5910536346558,406.10708161347344,15.596209141695157,68.07654036788004,3.3900271946734586,1
7.054070467100146,213.12309856654875,24866.233825899926,6.495398229989469,233.72239033462822,341.88731015885753,16.828688162955363,56.560118148036864,3.9069474850766293,0
6.398928658305791,175.0919326586195,21212.775765393933,6.482895089561686,337.6024214615292,542.307284034722,7.170410858620031,42.293109798607,5.626531744853689,0
8.291126109378702,157.77457656348759,14137.116556629944,3.9340124691261193,213.15623112972418,352.30699010476815,6.904619101814146,65.34808404261113,3.704164482839255,0
8.30968779799862,214.80741361231125,27454.595613550915,8.468807126371868,,558.8978114310489,11.106639611316647,46.7325142311838,4.139497766047261,0
7.503097833441909,202.45176335271358,32285.367596790486,7.3094802065879705,318.4047945075866,458.8980901073967,13.976932450721348,70.2712677902628,4.942245938296269,0
3.702892812219671,211.4538982062171,14451.80155479948,8.095503300152465,377.2144597454679,347.10013915718963,12.762570987033968,59.17783333794311,2.930191905980854,1
,219.76243793469254,37177.70050377669,8.026746200774488,,531.2856296141488,17.66168011459186,77.82161358459284,3.506751613823151,1
5.735615172067229,143.21358114126332,25212.382233229444,6.297025013173493,287.8674784043387,533.5826774740774,11.044187178176733,45.903291880604684,3.4257622521567876,1
6.291820004147148,259.6262957394613,38179.26681716723,5.495001439158025,372.3191664221391,478.94099970607664,14.255747743731966,85.25249911059112,4.387479878786712,0
6.904016919892324,198.6124366704724,32652.117087977516,9.502316258194396,268.4590626073334,515.0172830385717,11.610518805990175,65.95293121877722,4.497736824744832,0
,186.58284880204343,31024.509815431302,8.023328070213083,,340.60916055676716,14.371606567021875,45.15421041535833,4.109470592953951,1
6.077006629225448,191.22790709883006,320.0,7.348200198377953,402.1961463440905,345.3079816879078,12.02989710920097,74.51900653747526,3.3859655453581556,0
5.659598764100778,231.08236268098045,25530.307065174962,6.215713952120259,,413.4480524587513,16.07862104183443,75.21839980717249,4.127269868851863,0
7.741842186945994,184.72307385182603,30146.82676608558,7.6252541272237995,332.6727376988819,364.5985100070026,14.52335638197676,63.013651074214806,2.400731367674343,0
7.9647896196276875,137.61445939956513,32380.761582319814,6.092147408951297,388.1143503683474,369.42860677289633,11.569497408540174,55.113957008786926,4.3520729623698,1
9.007983549005207,191.74199138713405,22719.136396470447,6.780466908934199,311.2137928932378,557.3465109034339,17.74715894668441,62.767718255959146,3.935115778980382,0
4.638182395298216,167.4989669137903,20373.968593967675,5.966782242121386,384.41111736364724,471.68641493277676,9.85120505853379,92.79741017301745,5.31882872585764,0
7.158539251255244,193.73004313019362,19596.332519665895,7.682950377373407,336.16416264794196,374.19645894754746,18.155198637845913,70.36423066912154,4.414025492668781,1
6.327314697087728,224.5689935623664,17788.794158498647,9.448911185524429,,509.0294140209534,13.666487580803999,82.08638685221008,4.8531623119838825,0
7.981319427262065,160.5305357288163,34672.701178177536,8.757180722770812,389.0552899233876,471.25337089952774,13.649253260222714,64.10745570224938,2.787972377557378,0
5.268812402315021,172.79685807095225,24161.313701821415,4.416471262337932,354.3043417625289,574.9674320712033,14.747475875339017,72.31157501178238,4.296625512625071,0
7.15556384497321,223.9824862787428,14713.0446472843,8.41906709088289,357.2008281147165,246.1445207500389,10.483508569071496,33.759968442895435,3.3443036723679422,0
7.254676657370278,235.96681111296533,22418.377705178467,7.083518087932772,329.65316089953853,286.1453745334511,8.449891657587088,60.14615609283243,4.171326055901085,1
,159.62446524602018,11169.474116876314,9.029882237177448,290.412484874138,361.8442366016268,20.3301086793955,73.12452367804893,4.832692696448547,0
7.994880899419541,156.2458103871311,34617.34827332322,7.498071661715797,385.61920686839017,305.81553236991556,14.426395500796126,84.88167185613634,4.589463448165271,0
9.785914412859771,177.31263012191616,20556.851796141313,7.995132831592124,377.9886155466622,498.5308135986246,16.972817358812215,66.27531101203796,3.795469384587963,1
6.821644013656651,209.60526206902472,16408.5229354064,8.31751485776973,319.47834075052816,443.04982099617894,13.428080915623646,97.88656758623023,3.141484083554924,1
6.070772759200345,245.3171877892337,21074.320546453557,9.436717032061495,316.80164390749877,393.45053267604163,15.528891169953612,58.87796247211683,3.063870391862386,1
6.558551711785666,197.67798886448819,18235.751385992935,5.645414437314745,401.3742433205412,495.01449877377456,12.133611917346876,50.032259884091644,5.285276498286441,0
8.429252155883912,250.94963344542958,23573.000200584458,7.5846704157955624,366.84228199031304,377.8753061864897,11.582444045852379,89.39278605799419,5.297863943183573,0
,215.2647254179641,28271.112290954297,6.625186843879953,289.10966597101896,461.76195057191285,12.073261652490682,59.299885640399374,4.466985800026243,1
6.860138353265721,212.32550863821635,15228.474001358354,6.323563428473791,294.6014342949233,384.53541861233526,16.703459457073194,46.28420772871561,4.536766434092508,1
9.591824841437322,213.42764515021295,17706.66551004409,6.880628304231313,,431.8071837991737,9.553227919139147,78.29580944141,5.011704563639146,0
,193.6359592634444,19429.36980514853,4.228312844051837,294.34540753209393,427.3693471127937,12.84328892202251,53.44133034896716,4.486347759448784,0
,172.64912196147145,12035.966084753263,9.430828382701392,,345.1259160187077,10.958283128804394,70.50966773640098,4.547195583687484,0
7.010703620122218,191.18524209375346,24185.86227753818,8.262334242014873,309.58420738408506,375.85027073351887,11.730837717833364,58.95596951908834,3.673643201664368,1
4.300934015267238,226.87288006340765,22318.86633434674,8.058574451564237,373.38585285735843,362.5193883900491,15.623120976886442,70.0534122567572,4.9924760458455015,0
7.700736367603479,120.21026930419676,19962.91808305045,7.6415705189725145,351.9701807739419,342.59873858755225,15.62778004521061,85.05869158142806,3.886278172087559,0
7.640818294495708,174.6590731733979,12584.741719336567,9.589333410749555,280.51052931876103,475.9834286638137,17.821073714412297,60.66887528547732,2.9082686007845915,0
7.242679288839592,186.9151873288804,21242.14936886895,5.78063495672547,309.0114533547903,371.9448049064131,16.374208396547278,67.11393768915153,3.785334390205845,1
7.982767381932277,192.71165544781252,11290.302408213998,3.848989845257116,423.41582762869905,443.5695330096373,13.032886316071966,83.49081351175649,4.668535097395636,1
8.350034465051113,221.16362734040024,17029.23134167356,8.75458363663593,321.63343355325463,383.6373124381746,18.138747269909874,56.783194548943925,5.261972415987941,0
7.77631260168711,220.80997678250162,25198.91993380103,7.610940587356985,,336.8754476868493,13.64709917822921,72.67126341479354,3.4961820510761474,1
5.933870789423461,111.98023732192806,19632.719572202055,7.088900873163642,358.8562186843032,454.7016483283301,17.752092851919087,57.450588476506404,4.5311740765543425,1
4.352056679555329,225.3839456032067,320.0,6.046688201319328,,401.73934478233855,12.151645264660873,,2.3195917265990413,0
8.660170089980047,222.63217153430207,39290.547572875046,9.821458322831562,,347.6165085700814,17.752170810333066,72.35316357570856,4.818179475443405,0
6.413331481555576,216.36645238634657,29093.572604740268,7.649834457967037,318.036751512986,507.4673909356098,11.259562987446499,53.11472336486701,3.4008997469490323,0
8.526999679553656,195.2827908169132,14822.119829267664,7.851427824639727,,504.8423318675775,10.575350653881742,81.54111945893278,2.9105479978572495,1
9.333670858753788,203.52206228281906,22539.028159247722,4.9796208777000945,404.8902977666554,483.4851105482077,11.84903675764698,43.40591701547508,4.3701540680830355,0
7.501579977885723,177.32518836033174,30109.591573557183,8.551270686930954,423.2421849811639,441.8600490794953,17.037722854516822,43.41070186728567,3.1446516693931446,1
6.9224388684843605,200.77857442760808,17916.792188024334,7.755402724647942,362.8096454829536,332.0462337839919,18.662092379464653,60.493030586689244,4.722262376525506,1
10.786418078285926,156.60281877652565,14449.549084178527,3.5843036784788356,,491.3296519636632,9.457377530905585,89.65330449982629,5.619914095702252,0
,192.171818483071,23282.255609339954,6.3762316879862855,418.69463051672324,426.7944762893232,18.912021234500084,57.26497524796717,4.097716843188343,1
6.215179372500568,187.61907853262747,16088.038081042161,9.388556788378631,,320.190014580866,13.580610123934829,83.37212207130585,5.893794471209074,0
5.765174782466141,164.47030989994732,23539.490481924367,6.518563671226415,332.8799512129508,445.154716707788,18.2960366050305,58.47618360042577,4.572940906097491,0
,196.18709172400943,7593.2786835852185,7.645687398763849,317.3187901679009,433.14335890749675,17.770667744284342,37.11500599932617,3.909731585122908,1
6.244635836176206,199.90343239852433,16290.459802464064,6.627420728357075,333.8777124565866,353.80061564992207,18.326862461062376,48.348914704750015,4.358076008825357,1
,211.5791820632532,19129.23547315487,6.618868272505167,369.00238452422496,449.6308334214527,12.012281474745455,70.5932589973758,4.211312321953695,0
5.467674885396282,188.52507733691536,15176.401060205495,6.924693372401173,386.7099583495752,390.2486417510911,15.998938119699712,63.73753023322839,4.902862061192826,1
6.620508192647379,229.13573327908114,18160.62917040613,7.852811278477133,,367.96544657502307,18.415112136220127,80.99544317820695,3.3199805846516615,1
8.75444944914522,244.22866160440185,13769.194767114666,6.348905817852043,,469.7135094894611,10.783436565720942,61.49388242893144,4.2529610086710345,0
7.491710073192839,201.8197772046957,6236.608921563715,7.520046016639114,298.66098390947815,451.34418255384423,14.036353230991462,53.127726828768736,4.256206219743291,1
6.1713683170434726,215.14328411803797,35337.38797312555,8.336363981033049,347.0445326103295,426.7578871895814,11.814380211883282,,5.913345890435929,0
8.939048454914653,202.87771952538165,24539.865817341517,5.739844537555503,268.0404314423239,405.46813716279314,16.12569240682661,71.82968774524508,4.318166125124928,0
9.775315127798923,208.66922946539896,37353.26006019069,6.704177385192291,294.13884220650147,464.56291426719054,15.734084887658716,52.14390180223087,5.082756353488584,0
6.962165188344336,192.10846091055308,15352.118676008715,9.400844603345266,358.21179762914875,441.88880853457846,13.690997374603167,78.89237253578189,4.0790285728513895,1
7.812188962698221,232.121093806908,30350.151336088962,5.207993029015625,,430.60712195060836,16.918675973911196,65.47551773120989,2.9745364334717705,1
5.9809047012643575,244.22313549342752,25798.865169017536,7.065765728245258,305.9407370678682,430.43054362173297,14.0819739283844,61.93487291790153,4.496942250188455,0
7.043847474732068,198.9464391156951,36711.560509865216,8.595634467029345,408.518834964339,387.761817244266,5.443164331768653,,4.593987267665878,0
6.6370429749475095,191.89236316058805,22538.95141630009,10.470042959202232,,329.0042622105933,11.774065935758273,66.23156046659331,5.008603057813424,1
5.121841361748411,244.52412773177178,38197.95441535632,7.887580614398289,337.85981843839147,332.2817273813278,5.665872984497588,104.92829807654189,3.4607862587226226,0
5.46575368270533,215.38119511722363,12860.071496895373,6.365199153553962,275.1040026165254,449.37761947258406,10.35006187087387,57.36148430255007,2.553625396913702,1
7.999523606452228,185.85996498733033,20091.224578922014,5.616630925685027,,299.54659960635206,11.13111210436946,58.76788788337411,3.8875725889758637,1
3.8117250264513673,198.06128320547174,22751.915303342055,7.986245147292866,,552.9310366034001,14.002981460365989,95.06506936289193,4.522682689129985,0
7.892836230127994,113.11786845228798,21085.546494371843,6.0356199390652945,,442.87579430650953,6.325511547812415,40.67489930573106,3.8221734346265035,1
5.9925683874270055,229.5310252751518,22484.363119533376,2.956757677847675,306.9575523532004,506.1010557511219,16.20593077454233,43.416656398323255,4.623444291172452,0
8.8883216950701,181.21184103727558,27824.483648412886,4.661486971680243,,510.3414265272809,14.14554594230355,59.610887987501904,3.288221263776474,1
6.619057806498219,163.10223940406166,30023.39988413462,8.487560579749935,314.3597009398125,455.1713284550309,18.872398052142387,61.07852646215908,4.0119802916275225,1
,178.402769944806,17754.10798694199,8.871561593089236,300.33392520723703,248.8576909753641,19.69250415863517,68.95162528376837,3.7717901533479403,1
5.386610598182475,165.35893519350594,1509.6913594132893,8.776749634358177,,302.26138317378206,4.4157504223099355,52.38928718470992,5.881024884939038,0
6.469979082384795,193.56042615448257,24940.18756965085,5.002544606104795,344.7379131972367,439.52717925523064,18.2811282678665,79.87974094526642,4.425942273783032,1
6.266242054583015,153.26449537431992,16125.66027390546,5.750662695458645,,316.98548126404336,16.80554892829044,95.29303552693992,3.5598279830400417,0
7.484564831160376,208.92333527459462,12879.227909588604,5.514965869719916,294.88622291654303,388.4385608639859,15.749264051671473,40.74121352844503,2.942788443787862,0
7.945021836664107,245.13630763264825,36691.8124158225,7.914957357697004,,344.5368032322725,15.508838039442423,81.92213421237506,4.228888854391349,0
9.076615165003089,198.86130806826853,34370.62819624948,4.25897126873492,313.098292170511,529.3228837163808,19.638937385146225,93.56601169811769,3.2060380467476084,0
6.8562843077939535,204.89832291260876,28246.692646430463,5.64616526847053,350.56704635164755,371.58249165793677,14.061216740095873,57.27988991862049,3.4476969249035014,0
10.066046391444527,227.83687363841386,18857.28453945351,7.998491145692456,323.97767196283536,443.52470798142616,13.604285506132296,65.4129766397756,4.929745043610255,1
8.621107974235407,232.0946853655253,570.9518748112132,7.238752955017019,378.34104724151905,528.4179139653829,15.78894615127137,74.49278649225126,3.863180422826036,1
5.626608819338062,215.7061747560095,8189.204680840994,5.827472310375985,367.8639037230345,487.01880001992294,7.704291072430528,38.915956643878786,5.244087511963263,0
7.334158989844066,180.0239400517221,13982.928492420604,7.999169412319345,,481.62002858215004,14.682242419377143,69.90678920104688,3.996650700835918,1
7.488590123886176,217.31201105912234,16501.40586596653,7.9798713039826135,326.34430128456944,400.95206271625875,12.360756483342406,68.39171452996307,3.701756785092782,0
7.821593731669743,218.50396944974204,26504.86419523415,5.986332292080274,,501.4346885693025,13.674870265269718,,2.766368111107358,1
,216.247986589722,16568.52252926206,5.052843610408748,,264.01011168024297,19.233154462638026,60.762000963775314,3.493719073332267,1
10.6399996533572,202.4178116499962,12927.411790292172,4.748461365870423,331.07493313091265,454.4496595814136,13.86032303595274,,3.8208759989432948,0
7.102899194804774,251.67847362750757,28100.983707043175,8.973820753606956,,475.1636045528689,8.33432412046451,37.995879470195625,1.9867102619848154,1
5.993429531323927,227.6318536589512,30057.830603217277,4.263735502284552,380.6015863178078,399.7106199967878,14.672274202475924,77.97751983910996,3.106709421530313,0
6.589725076583409,179.7307530436968,33982.328987134046,10.252045451152735,,415.8886312141276,8.903713537547084,77.12844697714237,2.804063585537219,0
6.6138287038675685,165.58835245549577,19336.701519471088,3.7262062269038756,309.1170031063707,399.6700244602379,14.453852348197168,72.43443705413742,3.789888675779725,1
9.200141979054926,138.6276450705775,24464.628008436794,6.183947445362968,411.87903557974266,408.0029322700052,15.685009095799842,10.345579550217678,4.169259642172912,0
7.926877195554432,243.56348081476685,27593.463941848913,7.131741779795133,228.05509055082166,342.33009354384416,18.436420060720565,65.95301011863968,4.816650656867887,0
7.083101775249186,164.07211991524605,25290.96001665856,5.631855692967857,370.83465475425004,448.11564065027136,12.32535370631414,64.82338772645161,2.878800375950383,0
7.140143815046259,184.5975032697527,23238.49483441884,8.824728829377026,357.806458598879,290.2621668896129,12.81946274400559,69.44970960500494,5.124230541454491,1
6.33689434850726,243.74238941271517,32694.60019440186,5.590677322591526,346.2069145604284,416.0986223420711,7.857587946424922,93.30034969914861,4.93746455446953,0
8.755654809060433,141.0134490582353,23918.26076162342,9.551160588244354,397.2064257698116,330.1501638911859,11.377388627870427,66.98136904140131,3.8748893871573555,0
7.549136837207382,179.28887151331423,26838.744280919866,7.29908178501956,,392.48549410472515,8.643586248683164,84.23419099394326,4.667381698617627,1
8.349407557329922,154.02612215847165,19565.375777015746,7.321354804639554,355.55680979375626,515.7300440817697,15.93980604747554,84.03580149430965,3.291937626349572,1
6.6955873833771875,157.29958396664415,28381.331924106897,4.742550254229354,313.3366360453807,554.1643457578837,10.455918858963024,44.53521339244803,3.6866021730390877,0
,188.84271754978803,45344.19275400981,7.607041117183311,,322.1218707033388,12.723983714695148,46.12494081755223,3.4122832256405693,0
6.2207042685680225,172.20911265094827,13459.66068521421,6.749528554766931,369.62105894929994,483.2639233121748,14.197549246582117,87.1802093720684,4.302017796373735,0
9.32073725612525,212.92869296170005,24368.112863799288,8.228625943569599,315.6650597475774,261.6207882127864,12.825674601211565,53.0249590145841,2.917371138169332,0
,174.81536481392777,33016.574967642504,7.802965848408643,361.28324076567213,232.56054206885196,9.736072684692463,74.0019075157521,2.7279840207313053,0
7.7949660252330855,250.02403693087172,28014.079913234113,7.994980000205328,414.59234753789013,288.83432688131404,14.068829648233388,50.85020438729563,3.516688479366694,1
7.201942837628329,141.8573234566847,16035.672996434714,6.286480433705499,297.38135438047124,440.5106085938247,18.08126939804734,72.21778266183114,3.1353457885949587,1
,158.1035065414038,14999.694578855033,7.36283415364165,359.35546217896604,446.25770481664256,14.32606562861134,75.84086105502013,2.975908315972678,1
2.6067953423525347,204.6511959395912,31859.025592385824,10.15338834194431,319.979245809821,418.1903128937573,10.70286597131361,62.7962723813681,3.66057651860861,0
6.857886891549583,180.90810610531207,9083.123101191977,9.355757972781113,313.9597487177217,426.6023220882618,15.058151484755586,68.12537200893084,3.2538496494386844,1
3.638419192388303,180.419551888977,24263.13363553196,10.165867728603459,324.26868425630676,406.12294796390285,14.50707633467989,,5.182996948798681,0
5.896648440982308,181.59067341581877,14206.882827896065,8.224713155587986,299.94613318732416,406.5172792199812,18.28882673467985,40.66299798715694,4.663930358695226,1
6.158086846082002,201.57926739396163,19228.81393451924,9.429319194716408,288.1436973817993,422.78273495546034,13.755870989396719,45.15701886783577,4.041891985519028,1
6.653418760150904,206.26505990503657,16999.413668929872,5.21708547212437,,347.4637648499656,12.73517030748817,79.04104596276879,5.580580557805175,0
8.524720256042288,173.3149561446525,33808.94948511415,8.318917594044716,392.6017842664964,409.1105768702243,16.515742988120238,73.46229368016832,3.4987011065640172,1
7.007829462233589,156.97232050940428,21861.248552470126,6.846522407232408,283.0344719676984,320.0719404049321,14.192759687305903,65.63750963468016,3.851865665858656,0
,165.21393883863905,4824.051818015494,7.241958966277716,278.5333395320117,439.70214340773674,16.38399756635512,44.08824790019791,3.6358841772659654,1
7.049241335709672,80.96736708721548,27310.368488742377,6.594531569271275,267.8261414783041,394.448664421978,14.672971602687422,55.29211325296935,3.279013098654015,0
,206.15666555888833,22724.2622459605,3.4608133971204222,340.1258546104784,411.6794500384133,15.293205966879585,41.64500578141805,4.177526350028966,0
7.553965746850586,161.1099762206839,25343.881619128842,8.15509715183439,392.0821882805268,412.6794365107144,14.108296856300768,38.632669975256384,4.6736599844558775,1
9.440442351142124,163.079258278271,22049.732685174036,6.864229068330561,294.7050106698603,386.54686752508036,17.7123852754091,67.63280156117125,5.168238363707131,0
8.737127492000074,161.0703783454324,19047.23550273167,4.188438880219944,,517.2556718480625,20.032730028312688,82.99307313846882,3.702295314593337,1
6.312095194809817,238.54441520147736,24273.24105224243,7.768996605425197,324.201894745939,415.5067637462756,16.61494371374425,,3.9949420206093635,0
8.06628418252577,162.80726014912153,17637.887750729373,4.314320149084749,,318.64916792236363,12.805768709621248,35.669228948316196,5.394203087029235,1
5.67600168312735,169.53286030888606,11320.279770662592,5.8625757294522325,,370.31355488785016,18.584886529458377,52.410163605815356,3.860784171274908,1
4.373594466785407,203.2758841853549,26210.491217463372,8.448815982871183,316.7686870875588,397.4719149709819,22.147493065505827,93.18362599062861,2.493555404002458,0
6.7491904201996835,150.75376666737736,17172.083664949387,8.683382034137841,,610.2788756251258,18.10522116349152,48.57597564918461,3.9149716990895547,0
10.957268596058015,174.38665203125612,24895.33607558129,6.676441564686805,320.38095380849694,348.6461744446443,13.954951612684487,66.08758822174062,4.446593835357678,0
6.535789967633843,240.28407565776757,30598.267898638733,6.246577862368521,335.1453477030838,403.9113486207124,18.273030113490428,68.62797774206534,4.065022809139783,0
6.570158562223293,199.67627304343006,14057.803765463867,5.886584787550061,370.50028307555243,496.06804197439953,13.318682225540039,79.31858457499715,4.242378813681135,0
5.780332578318733,192.90444395449072,15564.643512456874,8.135509766486527,397.8093852154328,426.91076596225105,12.009454148334152,46.99223375994192,3.292649298621947,1
6.896684093884578,171.07543507968634,23324.6427829963,8.168568638916105,352.26548258931973,400.90791731638683,16.048327870462103,80.21020780413593,4.726067032480345,1
8.43529572114639,206.4156091594891,29652.645826918255,3.7544380122907066,350.01610405012764,453.3047061136134,13.466367688651605,74.32245862366317,2.8302254538676297,1
8.15604231248489,215.72102668045912,33715.57548883767,7.264276754809963,304.7191528555909,384.5423195038211,12.099195546254682,63.606474492269705,3.1467468089124617,1
,199.2806523660489,775.963287836079,4.734957790361992,312.4631672304541,283.829835909473,17.24089347300236,100.2290209664699,3.2905262860819446,1
6.03023210889259,243.11105566400792,14326.447249009738,7.962795265940157,330.38788668583686,350.6376630372087,17.627530695208133,,4.030906150243329,1
4.5723799492710535,244.06202276214015,20642.38908005493,6.211864049495488,315.8136765416314,336.9607203161597,16.98531094806202,,5.645250223097073,0
7.223257485237631,222.40821652704102,24682.622547051866,6.9973860505090215,313.50083455083535,297.878705682172,15.497183625333541,93.22909615925509,2.508863063065663,1
4.415621282123492,199.00696246607936,7797.163966763765,8.01687768642742,332.1706059868702,451.813205175121,18.206226137156488,70.55813738048555,5.518526920974269,1
4.78065029055128,215.2380908093366,29152.8986517909,9.962557676402923,330.892407663414,493.72651057068776,11.995018084959513,47.17764925865468,3.908446906648602,0
6.137356709560784,122.83854503301497,16974.685677839854,8.586399963773182,285.21172666311975,446.6081464417487,17.383616835960908,59.87989805149948,3.730442408556633,0
6.019518884668411,270.9913391798596,17970.67600882033,5.725680380150725,270.3351222258607,464.6463259858228,13.467588514667431,30.559253284934357,3.805090030454096,0
,177.35784254163576,18794.23747031361,6.864609536197108,258.86624531822696,448.99429948671514,18.626062675745608,69.44105883455518,4.252047285889832,0
3.3879554241647996,205.26298444672145,24549.40581510493,8.227202222514745,376.34714666796395,454.73989580960495,12.876591812919612,80.74065800297308,3.6123003369914346,1
7.042286043870503,188.56778529461315,5384.666092319378,4.954710607278262,,403.3658884507427,16.866868106596748,104.59078740905377,3.8457319983449576,0
6.381319145079988,250.4085694964901,21130.900477713483,8.280411715364883,348.6140541115013,433.68586672764087,14.338390196866644,68.7858933183173,3.9425019571785547,0
5.171194046872258,152.25086484553765,21445.918186610943,7.264072201127878,347.44103852881034,440.3007696582011,11.706241240306372,81.5077109803612,4.635822073460852,1
5.115251326011663,201.88930378165455,14557.076301422321,9.812863966633259,360.94406798615,383.6496822495781,10.493760720659271,78.76729774060871,4.193182034778053,0
7.089501523037421,232.43294604112793,17431.85894007817,6.218465307923317,,503.97170655404284,15.214069169867578,66.49548386895084,4.0761425056626495,0
7.171084487120341,199.01214170399263,11910.717498593158,10.739374331690481,324.7947536127834,502.22328384361884,11.069750709351299,84.46706902562944,4.382181653688519,0
8.077150771651459,296.3330472386809,3364.1435929574072,6.778398310994735,298.19744510499925,415.60360251248443,13.0761785015565,66.10397854332373,3.537936992020394,1
6.41920820715794,210.47158857510408,12366.705464764063,6.7012729299280265,369.86441384242096,426.8138763543307,16.279925305155164,58.37766648097731,3.295951756599182,1
,175.72553818752638,33658.92412043415,5.727010865712302,,449.117159539435,13.256534067117736,107.41434376081287,4.589421547299908,0
,179.53592180748421,26380.90312871874,8.442875294534034,328.0747674521873,389.09936105634915,12.945819045544454,59.16776534497834,3.5153106206927496,1
8.995941132963488,242.94894654191793,27398.083920572033,6.643729756700842,316.38475485735205,544.7404031301015,5.693478952827041,58.93315533192411,4.625426833837742,0
6.720146113597955,195.90421983945532,20775.005408465324,7.009887177552262,364.6257877379472,471.4973144856025,17.30478564629879,42.852275699058644,4.574242184363286,1
7.06243099739233,198.35945797863772,27339.160315325877,8.882875596185754,,390.27847900908864,12.914437992649823,50.72863141506872,3.5769115880645757,1
7.517121925974764,181.2990256591946,28956.144928227815,8.522781093639374,366.8065867268801,488.17471650379764,12.252679716302836,53.74723930704584,3.610520232237678,1
8.605521435436021,191.3664822962491,18460.888276556543,5.062185493014392,,552.0397672610466,12.649465778801618,68.79372752262424,4.056531586152814,0
5.6831925984631635,235.3285372570379,18593.317704359742,6.4229071916760825,370.5513051524554,354.33954435752156,15.999327895224445,66.42353506972199,3.8155107226953136,1
7.783421749874327,236.53514887953102,16070.814968858976,8.34800337601879,332.3873307816404,347.83220140178474,14.561042850486057,68.05435202503304,5.072690513781566,1
5.469191435396958,276.063878940059,25819.52250954463,8.209162806670115,,538.9417074679985,14.952017312748758,51.52547864347612,3.583818423476506,0
4.7395710512589595,154.76220818289787,12745.38759417252,6.863776461856844,,377.1722087716266,20.135717094882008,43.970769733780486,4.25400033919761,1
7.177257315030458,237.22628999856087,18604.416596569063,5.500057985860467,365.0237085681834,311.97882998547806,14.676808628703618,68.8615835698055,3.381485757411751,0
,241.62847324833078,24475.015376226944,6.443823702922786,,556.9180007999654,12.271397522716441,72.69119630520825,3.8946933511328083,1
8.945144474356576,251.33929743192124,25787.638547230075,8.297700744195438,314.4394335471029,301.1593801302887,13.049613275331645,73.8984519803179,4.363219131628041,0
5.525461794293914,217.03277558429002,24932.692060723788,6.559273701503706,275.74262976224014,304.1595550435793,11.558204951686319,65.12342425863149,4.227039000466292,1
9.301612549510843,155.789830323393,17703.05709413036,7.152276916371511,,290.4987412507698,8.901688576099824,50.65259856702529,3.654168027749187,0
5.644744389750893,190.20227491661873,33735.112460916804,6.702715298241131,307.0895873470167,300.2699012641587,12.07984844099601,76.55385146897419,4.751786194062074,0
8.948670595741714,178.88785046634268,38094.19589996476,9.776023338337824,392.4678222909258,436.61172980730487,14.267893150378042,,2.546447293231108,0
5.947950517611621,218.37049249114244,34421.339931765906,8.397631829949692,356.3980343425104,349.5903488308745,21.341493395104393,49.43407965681845,2.6060969227106563,0
8.29967291122609,195.70117754826168,36071.84291729743,7.985571339972266,402.5248503022334,442.6038105412287,15.761746665119793,78.29622188607968,2.874130836137252,0
4.274234893444752,219.46958380931724,19499.902584951265,4.031620652258761,341.02668179469714,569.5697273876539,15.036312848486926,83.87821302540934,1.8104394246628241,0
7.32324353885914,187.3142484420147,18198.444304160086,7.2438234555048915,,407.1338470666183,20.248135094621325,81.06304333367288,5.605266090601174,0
3.3275617053973625,174.2212420143418,21361.624403807487,6.686477170828231,,555.1063475927004,16.498683509159697,84.00311661785882,4.1487970960807345,0
6.419152525304842,177.07538082363743,23154.873826181534,6.671782912031216,315.156817863033,446.9162156086232,16.978242783710005,55.18978082837684,3.500226430139721,0
7.991341489336334,188.20013388828002,36839.58694632479,8.315042666289502,292.0507378565234,280.09065413300004,12.320971725977406,45.711218271865555,3.6157286346631468,1
5.9622566077840276,205.38098262794276,33526.158003109435,5.100793342094132,298.3046042758068,224.6816753351952,10.19738672431242,65.14827575411402,5.854995534995741,0
,181.40221422158874,21674.72825758569,6.624123789647512,347.314945522944,500.5911053975628,9.781969758941523,88.1075645198069,2.3326116298603887,1
6.902697098112349,246.55318846808143,27795.650040834647,7.083650820179288,296.4547717110827,369.90735021770024,18.42047281485986,71.35959681410866,2.931798732222863,1
8.7844968117406,156.30971706116833,6073.281958372512,7.834670122920444,330.6805591472155,487.7257866710298,13.807664350372672,66.91411795714212,4.693007647970562,1
,262.0889888437633,25012.25725217567,6.2701041639227455,352.1593779118748,577.3290652158662,16.736658716759795,96.63314367985166,4.368783221011278,0
7.953127557074198,172.0545231507569,28832.286603740133,5.327733437468938,296.2208461151725,322.4838504622952,13.724809952820051,60.96389598411932,3.472216708927783,1
11.646004455502059,165.23987572313297,22067.983149327534,6.445401938414678,393.1403286493293,286.46343958600767,9.227844350733145,77.05152304339694,3.552741880139751,0
8.976305129606779,282.14245137503576,40417.12144580133,6.731057809448913,289.8854997662057,484.9024346309795,11.704359240347355,105.35778621492614,3.56587271439827,0
8.992632602738112,196.40938723194827,12841.542397219991,6.754083870512041,279.93529525609864,301.83486606789614,15.240219438345664,81.46157229374356,3.2168611734255568,0
6.185192274607065,161.71171896290906,20514.516534384635,6.996388772576215,401.2885522048913,457.0209609245597,14.30258612133385,,3.0594955769135503,1
7.199673490638865,157.07470259100342,16688.61503483625,7.922056809805696,278.7109100972583,531.2087338221179,17.906989327532486,63.26711302978616,3.6252553298998276,0
2.5870518810052507,113.56429166621858,16338.865638640631,5.840110598406624,403.72538359242054,461.37370011180036,9.436760550626728,51.533011422693576,5.1596114344682,0
7.489488298088076,224.27510674871453,17170.428951936436,6.748308694702227,338.87665621891273,463.0086679627466,13.055311583297316,70.2238976468171,4.262675360551738,1
7.301406174831436,212.54860479259332,11770.72518858745,7.067805306367824,337.7727997147516,431.2849465859162,11.263531922708683,95.9008239635848,4.9359171481937265,1
3.525194284714441,271.4231264538518,8559.867756236314,10.252347901360167,343.79773479750185,525.0234381791103,17.870377705511572,63.932490382174755,3.6790201610187614,0
4.81665157761222,205.00865216102457,31002.521801595074,4.7097909242713865,,318.7470569180448,16.344877307147893,65.94879320205303,3.3127573515692723,0
5.939252013806639,194.18357602866428,21139.313991985848,7.570646144837394,,479.88079617941844,16.761079398215355,32.95520341143167,5.6020386469331065,1
6.83101709574473,213.34184104930424,12944.792348301475,8.426829535495745,275.3407068665068,602.0695281256093,17.404313052156308,60.93525974105727,4.501472158693656,0
8.373778747527869,204.1266912663058,7871.099549156406,5.865034886275236,330.4544912666741,465.10525065841955,8.982604263249389,,5.035634216533284,0
8.892194133523793,219.2326688464897,24705.515749052036,7.969156541688369,313.80495944201886,400.24447452762996,8.425917124579643,82.70554587743882,4.295233963952336,0
7.943686541643443,190.18040140901778,25493.688223347548,6.883239403201148,350.7776751026034,438.157355314473,11.350038976243244,73.42671746830743,3.7431186041605984,1
4.906419730004995,220.52948035520296,29381.612551020877,9.631084702557297,383.1285803357946,268.9661006101105,14.86478565672541,60.847775435417354,3.3409294400447864,1
7.311575095835292,217.71912671324242,23921.285059801354,5.521287348294073,299.4160392382445,358.8823070766449,15.2462778952777,40.23842918846678,3.3760286284007455,1
6.637804663967621,213.15399047276847,27599.072301830274,4.833714172562492,304.6658944317886,447.4797617143587,10.800227316239196,87.40830538978052,3.642258614451789,1
,225.58164722595632,25455.208791946137,7.858104053421036,355.30792887187226,476.3972163214462,13.121287449113384,64.21849264109906,4.8581553435901075,0
5.300052543535786,201.02575328424706,13812.227245966815,8.257795993217222,258.9680942221113,553.6941998580271,16.33231335815857,93.90499761000031,5.045652805251408,0
,273.714396603827,23978.589938340167,7.232718208028696,362.08103220046326,257.60718210917713,12.04046815410323,65.48447246593868,3.4686600184936505,0
5.074504407371458,182.17622569984218,28250.27326796322,7.8228415167916046,368.9888565291902,217.55913305061637,10.088037606749385,60.981850728918275,3.0057686403390314,0
7.5101566086028715,166.0049709927656,29275.027916714487,5.400494794789671,,555.2965928637618,11.789412002727511,68.10038845216211,4.5201693948025214,0
8.0227076955581,169.96985440252013,22997.888542910496,5.770706499412269,335.58696848485096,436.6178856470287,15.563166796214748,66.4990301078664,2.964687293104016,1
6.918982281133847,173.87717500802756,27296.835558798073,6.140219848343126,332.50948386795636,429.08922731695293,12.420028380087887,64.97841860639076,4.28910035455585,0
8.599644654803102,198.5505060337031,15423.748245081108,7.329553687009028,377.4341392413931,332.8084882903642,10.926054315653658,,4.128449416678428,1
,168.3447110456196,13201.846134181404,6.08445426595727,311.7876372818571,404.49064640918357,8.528178016429294,101.08728823349212,3.7260077988679106,0
7.6536682409262635,183.491520097384,12534.780655253538,7.408075866736699,,583.9379968852998,13.345057357611973,69.35197920298894,4.873370901920532,0
6.56463964379159,188.68395178941023,24613.29978627355,6.191205548512579,392.1688182302259,409.46607615278094,10.11166217639704,66.7663170998523,3.574487383274712,1
6.299724694254549,183.30444251383125,11963.905533298008,4.793619494431289,297.75598806715595,382.8491819557356,18.14381559974344,73.62005014694546,4.13970510661766,0
7.775233144115307,173.50817118897763,25118.88943948128,9.114632425985494,292.8555379095391,406.3669824665273,11.67060325099918,45.7144063122052,4.400147050186354,1
8.482225478202613,238.4737576047275,31106.83227300841,8.181915675478477,389.9687316760937,408.0869241375895,22.024961217225634,84.64537300988539,5.445858425819921,0
5.19631656722083,160.71353173996573,13332.006961679594,7.813851757446968,291.15757885454644,355.50021762495686,10.924530697558357,43.42323060052955,4.160547809559405,0
6.572110949055737,173.2469869448526,18160.329291760285,8.4580745254788,283.607987496537,560.2274517491244,13.723201503932502,88.44986185600406,5.081091597407111,0
7.406181028651318,217.6796392178148,23459.00774634076,9.275311726200153,350.15267004819964,430.2885477108302,10.521021799347796,51.92523074651107,5.02724329934051,0
6.408587853559348,230.3443998355652,25071.359494096854,7.864408086304018,,322.8484501810227,15.972492026562456,56.81898324551125,5.966177245172436,0
10.01238486337515,240.61920288051135,8687.560627436253,5.613790723804344,265.31649573006695,492.6096164437591,9.85800443819464,68.04127192411424,1.938836098504508,1
,185.56195657673854,30826.62168435569,7.649681720478832,,379.86916421503577,14.603782822363259,50.59948717807212,2.6236426728771107,1
10.198610232640823,218.3603035545142,28232.161167219467,9.77182507157655,299.06161495653566,508.0477590189533,17.377738809612715,87.73056019845423,4.714253403529392,0
7.356828029357259,175.7361847850519,11258.628979148129,7.860900630775566,328.8692070730185,368.1015707104617,17.96293142359121,56.34558739985092,3.84970519644244,1
6.679615218454685,176.30205282712785,22049.262296007048,7.737263821762011,446.0986974594924,327.9470824204947,13.929027872364365,85.20291356881472,4.073562926882521,0
6.629045467194119,207.06593474737053,23913.360505139288,9.961351667200068,247.17329500420107,443.88821789241035,16.71260117408962,56.9987439784794,3.209236587650792,1
7.98739341979028,178.26559614491447,16519.78539748848,8.183704223895608,296.2249584564255,285.1822403019157,17.048321315419525,62.429178828636516,5.304810490825791,0
3.98909059791802,207.2371608607343,25624.653164950138,6.990447837892917,423.95864959518457,450.7861574179768,14.781919125154069,71.26161462653843,4.188233537559988,0
,202.94528142307234,19330.166798136288,8.928551633982462,374.0832111204654,372.8124003661841,14.982502190101906,59.12544543813698,2.9679650796906643,0
5.765912823572986,160.0235968281524,17563.63804533674,8.663676997645847,366.892324665758,529.0323728072076,18.08938278934749,53.49756737642754,4.773872471571199,0
,231.31324993747123,18675.757168943033,7.552439960152988,298.3438510507399,332.4570590927858,18.93149292528807,,5.1336707582286465,0
,217.10983127876338,16510.04753685688,6.409366159790453,,353.89307799899393,9.397491202156155,107.35009441444569,3.7193975944177953,0
6.06286329683819,127.97982858453527,24630.994237417137,4.364816141458867,370.9160818822449,471.2133652401689,15.27190104726387,61.37733214005815,3.68342712910098,0
7.376322358064026,200.5265168859028,24412.314320212343,5.362335892607247,374.9051527949029,379.98090770610276,13.603905169943037,57.976292574009776,4.0373994742336246,1
6.854660369646937,170.44592980416826,25587.749890769657,7.311859135884377,,532.8465344418845,12.69066884282698,102.69645204447819,2.565242795923777,0
8.029824752174054,235.89763572444195,29024.248595707144,5.695794857888028,,459.25295235187815,18.84867046864329,80.91585653119405,4.6319700478441055,0
9.896355279539296,146.91100571267347,17455.91192876886,5.029135549509134,411.11695142327665,449.0072224318518,13.519029497520958,54.56128014184421,5.436875563154326,0
5.706548999898333,160.3955240733407,37144.7738626839,7.022893191369826,329.93043705624785,552.5532278585836,14.117608670032908,65.37465792892792,3.584974010137058,1
5.894160770287787,210.1708592845963,22962.11606098705,4.22789825325116,318.435472808398,306.2394299213695,13.24763600699611,69.79672833574682,5.561308517851756,0
7.741053987329022,199.40191029496563,8435.644555481025,7.459390018654469,,346.988933936041,15.381873881036078,105.7138792365904,4.865756235151774,0
,224.203538984989,20212.56526170263,8.38403569558712,327.9928985001921,313.1958864010935,15.30669006139655,91.71551676474834,3.9868412532235995,0
5.9920391700650955,144.35523048967488,23376.43653340933,7.88481790690826,299.8169745938147,197.0878787322332,20.152930782689353,76.81572015097265,4.570565334123722,0
4.164192960685828,255.31700179035823,26930.501511245966,6.285742383590652,333.1852275080361,489.8990922167537,17.019389913660092,64.36986406965303,5.360104642696994,0
,215.8800630575895,20431.639178180212,4.826063376392646,398.48031930000417,538.6638645779923,12.94400597715466,74.1746699907487,4.166290879207674,0
6.20519536383101,245.09013745503137,13493.553463519605,7.947932707651823,,466.1475820432807,13.574334314629219,70.97931077907089,4.371908498868828,0
7.227776842468552,228.09840592316345,12726.178313366998,8.990889256320814,,451.5461536614712,13.561024583523643,70.87285674887133,3.610908800472228,0
5.035268528508049,197.09364599407348,16786.886576328623,5.976353296936831,,427.0518823879765,14.562891229153125,53.09315799137936,3.9517013285084626,0
6.177135880711075,144.6149162125979,29842.5112119463,4.5320147063587,358.6926180526904,481.3199284186493,15.30818928877494,83.7400239297625,4.899613517421319,1
5.5285057713568495,177.77563865629546,12358.237682926832,9.638575701844076,362.86689565491315,560.7035448375111,14.223472665439306,73.32395884894264,3.9021120965744984,0
6.644924300936717,253.1347166501902,16058.118917845968,7.526040063950737,354.0041227921659,548.5823521680056,19.151454100286482,48.317868662764226,3.6371810345496067,0
8.480086856230427,245.99032235797338,28867.018424842066,6.275303753707761,294.06343933370397,371.44246216270636,19.000410218874553,57.29813693346608,4.993808953291113,0
6.27387365112855,206.13620290410176,28537.840140542685,6.387149215247595,,221.48549016608732,12.516420168620947,52.92441635198696,3.6214532785704217,1
6.860345869469508,98.85934998292375,29750.247767612862,5.696146343931719,,522.0424799711805,8.641136215990306,,3.6563072613874423,0
3.7173641411279075,190.05585929932084,34813.92199291867,4.743073574409861,,473.98264636888786,12.48335271014545,86.54458722545365,5.487298439577474,0
7.963161300854086,173.59113320386598,23522.98316901912,7.834623734299905,,503.1126063834381,15.687667799394783,74.34125472710525,4.711472433395511,1
10.042546146491645,188.75795857858657,30464.79902126477,6.259524152077943,348.47268668969986,449.32165513952367,10.20448236850515,46.79999306358378,4.881972176530457,0
8.200814684798937,215.99887206409906,19692.27437987258,6.411914276193737,300.26056293099947,296.9928079897655,15.69411030986828,89.74608885888921,3.0703815527034455,0
5.544233193136253,228.16744027625822,24096.380081159914,5.884200919563179,,289.63328231182714,14.371197704345493,95.96503816144633,4.383768873641734,0
7.0511743351320035,212.79162150849064,27282.042876572377,7.521032752593299,318.34664846827684,340.3458525182891,13.188883961624605,45.29790325828071,4.349179928996255,1
5.92184322640227,213.09981990473784,20784.21410653063,9.335156826795671,345.7527263739785,328.6685194754515,18.47811209124665,53.60024498031521,2.7503303714016907,0
7.18818622961954,219.76671224608697,29251.327251472063,6.455152497440122,270.85530167937526,421.6787905333672,16.534270784076302,58.04335563737103,4.081736249540896,1
5.173793774317801,223.8328037169625,23574.681520182163,8.531445620381012,,407.7174079844509,13.853544829079159,84.67789530486263,3.213062004751757,1
5.488505054952301,278.14314242422165,26694.57510993914,8.803205056001772,324.4555482951979,380.5163138762386,17.95628977506907,68.7494103106747,4.970511067323132,0
6.052640821575393,210.59758571808675,21311.170780267923,7.742661141614504,305.079494878242,451.06990266714,15.896989555982273,54.68533165870764,3.799461259658111,0
,210.3736848955353,23310.956416203328,4.515114493713708,,457.75842750505325,14.355769443791829,79.89088523741688,4.447060962499378,0
9.780176124276862,210.08200789208502,26787.865802580443,6.631208005069405,292.6857614361312,490.59939392740546,12.81840084238862,63.815664467732034,4.486166096451043,0
9.650996814275242,212.03828678770964,28940.028830132083,10.616482630660268,,387.50561012495666,16.436710671662546,63.26315826004565,4.204641966119146,0
,268.2376753579602,7231.622994962698,8.949036587223148,315.61878989332934,519.0119005819773,12.980538955188255,94.48503881061463,4.85174037848359,1
6.7520781048704235,213.2852968863732,13140.670076152503,7.580536211901106,358.05682900629637,360.6961632804567,15.774777736856654,65.42889201740678,3.8859582806167805,1
,196.17375088718586,32987.25691224195,7.043560892351927,,458.5101764755792,10.499914533007733,61.729062896411016,3.0799084901605163,0
7.4348880428548,242.35233897386945,22239.999956634267,2.3971579440496518,357.80354603933773,371.4558642013133,18.384705136524694,67.04145286995632,2.375816464350234,0
6.604161917421638,172.74470516974574,28209.1490442338,9.449241063593036,,477.9273820791346,16.69599427792744,46.99425992842768,3.711634554494173,1
5.815809088818259,183.5468640997787,33990.89129857714,8.146471955301541,333.43735866064475,297.50980339314214,15.36559888865039,67.99173206733552,3.4642392032790283,1
,212.65308540720923,34229.08172823887,7.358791844035008,,532.8720012814716,14.188855120263648,75.01122228408416,3.736575997553029,1
4.512728108491517,169.3661373115039,27933.027590024238,9.046186707625203,267.3132344695579,368.672633108996,17.680529128309686,41.62304662909628,4.919860268006065,0
6.5780968333665575,177.67973952875,19492.105121929366,8.619071576982355,332.75122925941463,379.8984863664409,15.660131585783315,76.9400540922886,5.1455531028101245,1
,168.30443336491967,23027.955267770205,4.594540751371072,,338.8903984460913,12.991183485603313,89.44206649612288,4.437629079499207,0
8.128209807707387,216.48764803825804,25064.283110943717,7.298269323745669,285.7092553803069,429.6843225891829,18.413887465006415,41.904472728887285,3.9139161125300554,0
8.603838606432095,241.5566433916024,26445.66483240263,7.761095037289804,377.3057047687301,384.4068816140552,13.056846689581661,71.75944326573229,4.890260765727141,0
7.987292960858922,214.40254808121554,24850.348765134695,9.256184076606875,352.3360951337943,373.6673184025157,10.127167045294202,94.73950112187113,4.998754879618057,0
7.4536758809647905,198.40003391715905,10715.475250311116,9.477832335658544,,360.0081020764085,17.683621586624014,69.98050154338445,2.930455738807733,1
,214.05658454933004,17531.19541026352,4.920830548079428,,385.28912391669473,18.186769703115935,57.99210387886549,4.119546388714783,0
7.0640247610560785,201.0464511901164,14135.414862610409,7.312177557526456,405.4003361507315,573.7152118861104,14.8494124585047,49.12289350399634,3.3829331563886087,0
7.093859008391914,221.8925722236965,45404.44087790472,7.971236656989854,368.15189243175416,256.1087885209637,10.513042091628643,35.38252634291439,4.284684522018834,0
8.696791780749114,112.84285865257029,20028.364901917026,3.763802202214881,361.5392955969084,472.3871757494553,13.129377033454547,94.04709264148585,2.355094982606682,0
8.058603755440483,201.38809229566917,21103.018869977976,6.875823101445374,,412.9620349485439,18.56747105203474,60.72917415968365,3.810120287097863,0
10.639218191225916,160.92762378822118,29036.128899004536,6.379509675305018,290.17012200631376,415.8237848155539,15.431003303066172,37.52671783519642,3.3503546132630833,0
,181.06794655770267,23339.873503538365,8.665915560066251,415.33282109034604,354.68655442814213,12.524635665877232,61.31499048764692,4.481359414560635,1
7.043369248705066,192.3495643174099,17790.3413242008,7.797920987979543,323.35723496004397,502.81347829047047,14.056595400985323,49.68798208660058,3.397931945958599,0
,198.58318308937405,13610.899532656365,4.995541404851529,349.7281066505078,442.0010632107794,18.17158244723468,59.48208408373343,2.4812760343101057,0
9.12629843902908,144.82248440111687,11372.189172717186,7.6586951704062045,328.11562757443494,503.1103874857656,17.949870145135545,107.92437435751378,3.5138097801176893,0
6.661748596166566,156.6379243554223,27768.36007111526,9.946298248703165,318.4817487201483,477.49117819792167,14.578511678556094,72.1464041652223,3.7323099912768254,1
,158.2232320968016,7068.066747087232,7.927476719331261,310.2907922028727,443.6722710583757,14.263342797774799,53.61339492538124,3.586301949519866,1
5.651326293664538,195.4536978475366,28768.706707057616,7.596211674881564,380.31276516443035,271.54974272488306,16.45593310150265,49.806748525229764,4.5141270993459495,1
6.096042515733709,169.04420017409123,13808.979545204686,4.39110182879727,,515.6928542226112,19.916151831098485,98.60887468539055,3.355029765528617,0
8.002085658189706,170.42260542716545,9475.125554783604,7.42413613247632,315.07571626116265,385.91345805705413,14.264952911747185,76.67259118614973,3.072648291933367,0
4.093015597572794,205.32598090560668,20110.14675153809,6.4633389024249075,249.04091597559173,330.1273006264882,18.35979124048439,92.01211725456493,4.986890492669906,0
9.041378522153417,177.2160230046406,11145.050494935358,6.14725178500598,336.7694956381909,319.99454258903825,15.373732161082183,63.788823620379986,2.6540198763450222,1
8.546849062443792,194.29818119268162,25634.389160637093,6.840755995923277,314.1929103955776,363.4847906735929,11.980857037977938,,3.7209865612735844,1
6.648282461003428,123.51712943780805,28430.1402806062,7.017879974655786,342.16849683540227,374.4103883854237,11.951791719614267,77.59523662820567,2.8937559934573462,1
7.852068993446172,161.9602011369087,17495.370815171704,7.328288925292505,330.3238415411019,381.21729410053945,8.419195481406188,59.11720400174477,2.5820033883108877,1
,176.18847463657949,26764.884389431463,4.782210213941754,356.0830839603095,382.5181991142803,12.68251432999912,58.27991652129381,2.3702229620379796,1
5.139121831320768,212.88200397985176,30386.867978213126,7.908598640022816,,420.5297006536006,15.48434048232275,90.05501200121952,5.381043396865378,0
8.37921977132393,170.58559074213213,10435.229682027197,6.721715343688095,,447.15165597861255,12.031151962722019,73.02255400142062,2.8669361068650545,1
7.331770954112505,266.9829287484975,18754.59109372586,6.816866738169961,,386.3681289880124,12.857667849610987,81.68164995836125,3.5365841096374853,0
9.57385926469059,115.74162334194975,25090.198429122273,7.110553653347714,326.15957853887915,477.95427643234,16.9689731738846,44.41762014306243,4.060588297747633,0
3.21461306561265,168.96411098241623,24349.74708337895,7.326061300859317,,375.72039138423395,10.777408101066424,86.46895653078661,3.537370829128763,0
6.50268823747494,183.4589389888414,17566.990162079164,3.993265401940213,374.4986729254729,558.3035152829013,12.560949892168825,91.03191477844976,4.442340398266075,0
4.501178806154634,227.54229315518864,23994.600040295118,8.372939110830584,317.7737036732614,560.0918641907798,17.255915530873708,69.52890235679439,3.3685159178360125,0
3.925963180763719,228.14797271298826,16301.766698394113,5.511044562812932,,348.9182750547995,15.372716080986551,76.66665381248964,3.1471703846747423,0
8.64052196162067,167.18976518560808,21222.587038104273,6.715345264303334,377.5437116069439,318.28332889667513,13.815792239193856,50.55926292938659,6.278617629360718,0
7.8803242340988096,232.42840127498923,19715.392034440498,9.136038365130991,329.2681562873646,501.19124854808285,20.288488307739954,68.56522076598232,3.281856376124299,0
7.708980328705072,183.38398314374024,11126.372148026832,9.975062606859193,360.49706866185244,441.40432799214005,11.365837216024824,84.13442118154538,4.7020328394576625,0
8.557846511515788,239.90738689772084,1169.3444393680365,4.059159454335134,243.04883569668831,465.78846118943954,14.00367066133194,62.70949242392139,3.2773651891992532,0
6.0365059858209555,161.357505565728,14160.618100554768,7.001416207046903,377.34469390402927,365.655318632667,16.172026556075355,93.4431584476864,2.7864234328097064,0
6.121252470599649,193.18409403268438,39397.76291419397,7.413952414782262,298.90721812507036,409.0063191490299,11.536874188320347,37.84224467579534,3.975987652158297,0
8.703759389721892,232.77851134308506,30321.256991156173,7.332138844717493,391.45784979786123,394.3930502792991,8.50945860031785,30.781027040444414,2.8954102205490257,1
8.147903666617022,250.8860736420053,17889.849996563345,5.82665587357044,373.8511115026326,461.25380654533444,8.448827142054899,69.5343620906737,3.673647890678326,1
8.363482830903488,198.7399018022267,10904.980453132119,9.31518711984609,326.8236937522349,483.3830226748624,12.52248689419722,41.29559307516052,3.390532860366598,1
7.592226480732525,227.9839131418696,30655.762597057994,5.1554663120477775,271.56856574567837,394.41969569777314,13.703221950257012,77.71047685181688,4.609858498633722,1
,215.2383989182067,10338.695520266376,5.390160038818711,338.3806421002912,315.7703899081321,13.437703523860414,64.84535334202653,2.785610151995772,0
6.965161762623718,230.55020950749048,22114.809663191427,8.327141461252603,,449.58367875798785,8.594121370257332,75.71589887387707,3.5078367540917847,1
5.857828404108171,228.543341261561,45081.99042092424,8.374980725862894,334.91267653792676,411.92013158157,17.920820457776294,63.03291750681124,4.283787009378782,0
8.80098225300598,204.88936718956333,27034.198277696843,7.166406402334087,,462.1169995715342,15.399607128907585,114.95255929709396,3.8621508869353125,0
,197.8220952357457,27773.77871016675,5.42656148241113,328.85026326689103,564.2752682072717,15.617066209990575,36.51299937254291,2.9310081929070018,1
8.545338895603262,185.26054391244372,20459.182105291897,6.208682159321181,345.20713447899243,483.1559298243516,8.832913163365026,68.30476745000786,4.1912670177725415,0
5.964225781749786,153.1641468640357,27270.587245973267,6.86056399702458,402.4450146724234,536.8807721734944,12.557339701021625,55.382276011880144,3.9066304392701428,1
,193.79888377436703,27343.6928435638,6.497795384750654,376.65814987142664,432.13180125478453,15.444420831681692,70.12649897824338,4.515048564991261,1
7.5708569316391845,240.99037626747548,25552.23629807807,9.22689720313299,328.7488840393078,337.6055059778875,13.017643790552642,70.75634889179429,3.2344761411856666,1
6.413174736646268,185.7046529590778,22052.181840625253,5.7846675179156355,375.61321738401705,372.26221008831277,14.628573499121881,43.61368197312366,2.9086706490922976,1
6.881365878166075,144.39611487997632,10676.139379690594,4.878752975340598,347.7281840682052,442.3060465310784,9.009345377333592,84.44685707905802,4.770340662642511,0
,220.85743495591373,19956.64562109188,7.560956331444856,,392.02887928810276,18.813046556333447,66.41771279824619,4.047177023780676,0
9.309465848932092,203.83893011113005,23553.44941184728,6.138199249902204,426.41517807465107,450.0315430363447,18.16718416518107,66.47420924815009,3.547436872897862,0
5.630801063701272,232.5654644739381,41484.77327961217,8.282259313361823,399.98898577556946,465.4335829785689,17.09771414504473,69.72612852380288,3.228689277654015,0
4.47071053971853,197.50561775924797,10886.239438316004,6.962815671777921,257.2727273695218,356.6564199569329,15.570480451956227,65.24606724806002,4.8064232858294895,0
,158.31749163785474,15725.607705196397,7.85108953868884,363.90330453104906,355.657294291951,11.847533322281684,,2.739935163223241,1
7.102744842333908,167.53103110924621,19110.763457142188,7.763568816365006,321.07504409809815,276.35337076069607,16.624912780127428,57.42866719430732,3.636799048607617,1
12.979289254348764,190.50245269085542,18873.781974685175,7.193756647490696,317.3874312938529,499.53662433213066,21.99699607001396,76.88576487852364,4.57680822171017,0
8.117713457591956,223.50161569017595,25664.837288190574,5.761252547447342,333.0716200631876,381.3914820219501,14.894861652759406,74.91214954928434,5.011354813659851,0
6.163186964606476,125.04042594203118,27515.765004734734,4.875364789770426,,377.7782762558077,14.961340236759993,81.02172294796131,3.7532761994105877,0
4.998999175463244,198.94128309321272,28219.01233270568,5.486116607279274,,335.2057097759892,10.753746797172582,65.97704216027441,5.799962842330452,0
8.854163552953805,212.8824448239746,22060.06477473745,8.876439220708072,336.0063826720628,316.73794222999334,14.8646971439395,71.27402453704312,3.484905618627141,1
5.054605645672621,174.34792401514682,28139.881848885416,9.06598069594055,265.81046093751735,307.89972330158037,13.27900697370657,17.07940461766968,3.850441336431766,0
7.106895189166438,200.11198034358966,23220.799986824502,5.979401320862479,290.35448549116757,361.64570439142193,19.53767177391814,33.346088743258775,3.4173228857370166,0
9.469191572870585,175.55372217975543,13159.629984901461,4.788381574527021,330.70850603417284,552.2658959427732,19.068779626558854,80.36544665450872,4.102142366197239,0
5.762440284939286,176.09303779060684,24429.823946352546,7.370129939892744,332.78128584626774,501.68496483095026,9.062935422388394,,4.813605180107246,1
8.264495731735545,147.88574863896088,19365.542331198674,5.36146951739484,376.9794172195358,478.98232139683716,13.860612397228149,64.17963615452938,2.6703612263844523,1
6.318298201735528,172.62578026365463,21561.538015818285,6.113509879582663,385.55358186161993,341.13748882312626,10.357570030027919,,4.395699473069558,0
7.383862241541878,221.42664091777164,34336.17253401442,6.675920108061585,330.05614446688134,258.3383462318492,14.878169278818238,67.2244470461161,1.6653228392077977,0
5.966451604527764,171.77668431076177,21874.46458856308,8.60958604619417,354.07606706271474,446.2597059152784,12.71693411414291,28.12243013488996,4.400706262839747,0
9.993055192374976,165.89814975332254,20991.56488520643,8.090199801178601,280.6053174930112,573.8486252172356,14.685881924585615,80.40830594664776,4.868746385179799,0
6.93474904375554,213.77796287918707,28415.99702987335,7.0269861564133755,316.5326302154173,418.1309831433836,13.601669295394888,58.74290258745148,4.759582103264825,1
6.744591855155892,231.12590041384124,20315.889715448942,4.937746066315609,,428.45075748843357,13.50547912430016,79.89742352843399,3.175634374946169,0
2.9115196349627976,132.34703237692798,30256.98639031183,11.85713170491605,300.00809928011887,289.72858203347096,17.887756388294466,87.55219462855169,3.0656186967972845,0
6.548217276259026,170.73310985516133,41009.869289131675,8.737128757466177,332.75260741881425,422.3411331704326,21.177337344576408,38.21721568961189,3.5952787389317242,0
4.6807724826971695,203.26188702429627,18342.418270864535,6.107408913928474,345.48239801440076,363.6767235866108,10.879455937676124,66.06835472918101,3.9051777370668166,1
4.978099361330619,208.83142735310227,23692.7737706493,4.970669983524743,354.29878475078976,246.27731841796327,19.323343312012668,53.85556398970831,5.342316516142354,0
7.062237301489124,200.58279062627807,25581.802554638576,6.789337986660661,335.8528115689362,300.97165165344,12.301309323386597,43.61131462219779,3.1120606106157243,1
8.326879831920596,238.04979224878127,37325.476307436045,6.098081532491142,323.682346759767,327.311398988683,14.186388750351671,93.34126643114351,5.234639215005243,0
4.242016997667504,226.3828546713569,21420.349389354305,6.619739632118859,372.4776952931385,288.88269907795575,10.092941651831271,61.615445035055274,3.812937058349304,0
8.804041813575454,214.36655712141186,29048.567705702448,4.09267523069922,354.0094730081524,359.83706126451295,13.437962937950717,78.74693914848982,3.4230996442580164,0
5.9421409976884165,244.98549717492423,12356.526806890408,4.839478753901135,320.9930756813111,462.22794043317583,16.933376112089203,53.07541768520635,3.47359857310426,0
,166.57407777083665,15197.279673481946,7.845572081186019,348.8948737718475,430.71547993226704,17.29492097489665,43.65127449605384,3.565784842717342,1
,213.20033077381464,33436.254473136825,8.660598947959834,393.461101810654,515.3246094140125,11.853013431936482,59.16129844955457,3.6446354226297,0
7.58048326877019,252.01877451377848,16192.600169153866,8.11433751365156,,389.8909479666498,16.05742617028894,98.05681498554094,5.051869240918041,0
11.327769573052883,236.0426853254698,21621.929155686965,8.056392294463013,362.69214371445065,447.07610796856034,18.681980782055703,49.659055736143024,4.799189939527259,0
8.306695031029138,168.0472389380964,8317.2712604605,6.839897023168499,264.7146664549199,461.29081360956104,18.198273832344654,69.28237478182635,4.272119625876436,0
5.344286528507036,219.66183125351705,41253.06830948866,6.258598073877439,375.3864253383855,547.3120367817556,15.380453865658982,,2.689015511667762,0
8.944117053884657,174.25062472644964,34419.85824231551,7.441121744061169,379.46643752687703,360.5628745583317,12.496773594190458,35.124664433278234,4.2919455347551585,0
8.079394898186095,207.67885851577697,18790.94330815068,6.722775575255485,346.8981184350287,607.058971961816,16.577815488354453,,4.685160796062147,1
9.374072966569607,214.1814727456935,27469.11842315742,6.958265833387105,354.77074231826913,341.429979537774,11.634990045965363,69.66668939517336,5.203112785232589,0
,149.07864406404047,26442.26258387899,9.007428433852787,351.1261605009936,562.9339421118359,14.39252105072335,56.35617080499341,4.784254195496642,0
7.785329785301206,161.51807471784315,19354.784705172908,5.4947271352125675,301.73423329413373,477.65133605822535,16.0859439892053,,3.892131059152536,1
5.092656660680951,206.7839958253141,18027.039610183372,5.283525809996713,351.07057210080603,451.8451270200017,16.80533385250488,96.628167354101,2.32989062047306,0
7.030164435194584,160.71172360850352,32175.54764986257,6.1637799007752605,379.7555576700477,453.0749308166637,12.744388609979605,66.93843464920211,3.5547485605716522,1
7.172983089861032,208.5148479836766,32712.231789439997,7.130152873041267,325.44174943132566,320.6886992179151,15.122257386421786,62.814273234911084,3.5142901567990843,0
8.080257376207038,243.14803505261705,24913.91820329885,5.202659975385654,375.3908133907836,340.99982017001275,9.772695790320867,69.20975511227195,2.9068461088306448,1
,196.42924275192357,2013.7878687483826,9.127114453499845,,337.5992627089212,14.594451689587341,70.82371753302388,3.11345983501954,0
6.914780019646819,194.87572245167536,24547.007856819,5.84196506565616,331.7401864849382,432.9740546420508,15.090951985379785,73.52216170005802,3.601774688493225,1
7.2919308845419915,200.54305950747073,34781.021285636394,6.101372146519083,303.96150507366474,413.29239121827777,11.668741977070983,56.18831537550061,4.623765733065809,1
10.879241506828375,214.0618804128829,24176.21222725031,9.558423924137086,291.40687641013164,294.0633244836143,10.148178364578122,59.452307951938906,2.9137948053900278,0
4.674300593137183,212.0962912793857,26515.060343805002,6.303767389448929,401.2710594138634,258.9425571200741,15.295623256519763,85.47462083334221,4.037625724352436,1
10.842750602139162,163.96722171255237,3980.269403300452,10.606741433849246,279.2914973193505,329.5864691544107,15.802534945310743,68.28824446309554,3.6021300992519776,0
,220.98591039860972,42764.87392526159,6.46158062695331,352.37873990936157,463.232207184637,11.192776519855814,47.11431433310419,4.368911004190232,0
,209.05524822871786,28482.74237202273,6.62773484769245,278.9174339883655,569.3734626459626,21.056059135090848,85.21171900774453,2.6928575156411094,0
10.453341637941044,242.4308801795493,23913.28503742907,6.847972393744812,,515.8757140973255,21.12587969138966,54.97643740816267,3.524235818487928,0
7.579073866816008,199.14074901561588,26145.788360118637,7.604849235828307,395.3359414373417,439.4138898005944,11.581379945610452,69.68223493642579,3.545093722779463,0
6.562990821287616,133.93067249531015,24146.336498492456,6.949552557846367,332.7424425260202,420.79538034114046,12.48785213823046,62.35200035255163,4.614159059120111,0
8.758783529919622,137.99576959101083,31975.626040274037,6.723228178976646,300.7762373209246,369.67193004037006,21.799163838866527,78.72335806270786,3.89278556248432,0
9.932503797663966,178.87912232059801,22157.02107031635,6.3893682742476905,366.7270183309994,356.46511792844797,15.154450786688525,55.15559270421236,4.7280036435644055,1
5.718585601893125,209.05570808456508,27985.354339052705,6.96885587164169,339.23934132692983,266.7391697095916,16.81859491753385,68.7159044560677,2.7992543794824725,1
5.601175651787948,212.78687128886742,24892.27566502698,5.320033447569706,354.9169361073427,435.7211051983944,15.966881699971264,48.162610811829154,3.5967218330280373,0
7.149940858375585,201.49814255758247,13168.906782183292,8.209145654370731,406.2423603680295,358.50489069216025,9.785123573695,64.56672524594936,2.6982981771940384,0
8.396697960476992,191.66061163071276,34548.244143380085,7.8409819054116765,352.4578297888269,320.2482260114906,21.968910107852945,94.71796259405042,5.383217626980827,0
8.336563887590811,194.12735500441218,18699.773992907034,6.023034666511928,424.4864305176998,422.11395553513904,14.747729277292109,62.056314272666036,4.046426086629162,0
4.336498319662322,167.21136732341705,32160.27936224189,8.296635324815675,355.03328375301186,420.2796955178545,16.490993768662726,85.42792459304204,3.3008905711552092,0
10.34089092071398,196.94778088851152,23857.19708261762,6.682126577920832,301.2374231208461,370.5375724247783,11.320843830583367,67.62962322235488,3.1853388444351136,0
5.745903127085669,177.04272985219603,37828.980458163336,6.573155097387329,,356.379662296198,10.637291299384085,62.59597083513097,3.059999273881888,0
7.846121948659743,227.4978532888291,21597.45311563391,7.8440075857162475,327.5015502898522,410.01120643006163,8.435980609762161,73.24865904526027,3.5905525238218696,1
5.275222152021925,186.17228343517937,12820.219026103861,2.8221993031809216,,457.7607002476131,21.015416854218426,53.81896151358008,2.6942307817706714,0
,189.5657355535448,14467.60056276036,6.054611134011178,437.2440611997171,575.7536630011052,12.662373305131682,82.91787946387815,3.9040476710289824,0
7.335727206518341,229.77607097774802,24026.31906473224,8.162394511613522,,534.6171755957533,11.17104990715777,53.454105638477955,4.520372325491192,0
,192.95732097783574,36981.50924115949,6.911900887063603,301.0148649904206,320.91107444375297,15.53744499277622,77.10152111961052,3.569514222975646,0
8.455062389932403,233.32958178065346,37456.461287120306,4.765183069245226,310.73529764604604,404.1614564511409,20.066456316637012,85.92062895409573,3.2202657248668203,0
7.65980182771068,160.14746099470767,20965.983226240463,7.415794364387952,324.8904845086895,432.9769146451881,16.832542930885257,69.85647906110708,4.762977826158537,1
6.562091357556209,227.42306278696523,25097.305883247358,6.442379728776228,375.95790148775103,267.34342286722926,13.650364247701274,58.24051900864765,3.1218140930655354,0
8.41309208301009,216.2063987273979,320.0,4.873321665875411,,602.2255942744011,17.34622272613452,70.91987129810505,3.8222954959467264,0
6.995537081534165,195.37727308800942,25609.542002627375,8.952472415319816,357.3013262154317,298.87217177366864,13.355457329796737,44.487445639688396,5.2207327129590375,1
6.224611691596122,221.02183478993928,32199.227529356467,6.204213470509948,312.61881609711537,275.6297480328371,15.921499478940772,92.83072962932798,1.992168865007115,1
8.193670577871972,145.89594407067625,31221.066798462474,8.090606307423402,280.0226386905428,451.6474329175788,14.65897477142568,51.91645900741018,4.4745201412730715,1
4.5168880484047875,231.95994460850196,23572.630512951742,5.642166028547173,,535.512785949544,16.29781240201831,55.011049516617824,3.5920220538387895,0
4.7106163787804265,177.29356163398532,19870.877444449314,8.693582608552733,285.8589993352786,394.6455714487154,15.826190160508098,58.53599846594747,4.260763680090787,1
9.854571529900166,184.90558387268644,15583.134347580533,5.416292362274102,354.6988593060645,490.60010353243183,17.568351824526918,84.33021384557574,3.4525881588363543,0
7.018419567568133,228.8547808035982,26771.693224957617,4.843182891834781,332.86335494793923,379.1927511038376,17.09965627164625,85.49499282263906,4.42306906963987,0
9.893276604941708,200.7018002092149,20671.046384790032,7.8377443259413955,368.60027369082275,451.79688735534455,10.940156676158525,71.86758187050425,3.8407129998358185,0
6.611865924105052,193.78537973356893,31358.683725464492,7.638993926728482,406.19246521001463,669.818562250397,19.543941641169347,,3.5538519367496426,0
6.4618614553777665,180.83302938603543,21754.632202423087,8.89590405517241,226.09712754478625,551.5850796499788,15.674358184391313,56.42810625804687,3.4551558173848345,0
7.001719167238002,203.31065967561003,14878.587420308018,6.891550718497033,382.7231915923947,409.35839329219766,19.177086259007556,89.39050639076207,4.240293912637802,0
6.874422026318043,162.6676819520897,31098.223125373377,7.431946620196761,279.49615870381797,378.11147612320855,15.928695825184917,85.68327652219307,4.287494764923718,1
5.740103035037149,170.8691549471215,28406.437132768475,5.075748298682571,330.50966747221764,523.3760098777647,13.039436262390932,35.329401499279726,4.79118970580585,1
5.8541638230899675,201.77364102256564,20344.701634195135,5.675381304812082,,439.91560738077595,18.21217870221137,92.33081600393916,3.368024672196002,1
7.170244177121166,218.48752742537624,18588.337953697024,4.6406702833177125,284.3000122923922,463.780568011379,16.359288318301335,85.20993762497966,4.946400828275515,0
7.22334990662266,172.53564986929268,16447.50887322741,7.93307785297904,302.28430127814136,495.73677188539307,19.752868942336875,68.36341007298935,4.160378309039925,1
,192.25117980901987,39205.715004049576,7.833455490877162,,377.79560009385193,16.085900691483033,72.1928997314528,5.467714350062302,0
6.691331949213177,273.0743962462294,3543.189646392304,4.77783590535557,288.4113598007954,397.32213018435294,13.789409775107513,66.99924357929986,3.9531251891936137,1
5.15351161336517,243.03954482625005,17027.207143693384,7.269061329558881,,491.04573383393773,17.932412426873416,52.27185909830604,3.329697576915599,0
,167.48215073468137,27532.99794609783,4.658097808814113,,495.94657667742143,22.171507307779073,103.64870411506287,4.7088112349333615,1
,173.33816568296334,23070.780843863933,7.157309854901756,320.9965527703659,393.75732791317876,24.548812542979867,48.575017484060496,3.794623745707158,0
5.5907223440381175,195.94767018457736,24687.669134858417,10.682275520570826,,508.6278814485602,18.02203317199435,41.570706868482986,4.0717984677786685,1
8.092382130648208,184.5172514809288,34170.26706867182,5.014261494021159,405.8845520009614,438.97934544544336,17.30777959660847,61.38268483215513,4.048498515643226,1
6.871102729352545,140.74915814067225,28512.053826342075,8.042334735957004,269.59630393238166,534.3605805188987,17.49907926761427,72.95740227080339,2.9190760292385454,0
11.55043258829982,171.24094173078922,36134.60667477119,4.059889590239453,452.7906633731343,369.21622624726825,7.530345843806338,63.14936475155213,3.9925395574924614,0
9.129093967679413,222.2355715472961,25311.704581245776,8.298723001620134,294.2001156418541,500.0046932436977,15.720627744992276,63.24217295959424,3.1851781330531614,1
3.3180967143219755,222.76724383429303,25552.314018134002,9.951507579503351,369.2377397715961,429.7246074710478,13.005956999847813,,4.142261108267698,0
,234.7650065916377,31833.687401960666,7.045111861764524,381.06900931927635,423.197491035319,13.566782840748035,65.30683358801963,4.247897058703089,1
,192.8046335552658,10928.610880267317,8.096308718263078,304.48205405257363,401.2060629078577,13.156126451104889,60.37613017765702,4.305740030070795,0
7.468922165513913,166.95919157578464,33875.64762450107,5.424374652587236,329.1906583292496,392.45377543086096,9.837969646862504,53.22279163333987,3.8516372510510646,0
7.9509894401112025,178.3061124266086,27691.628352706717,9.957405490359864,,468.1485279679399,10.728839214050854,53.43575558083894,4.222408448366948,0
9.211388451322016,206.81753410535174,22966.275955497706,9.29042076082389,,446.16123353468174,15.321379512580744,120.23240722785837,3.646197911815826,0
7.441014111738852,172.83783824085216,28402.324397483986,6.381754127079342,,380.4605195462742,17.38653609394756,78.76278923381027,4.222952360360528,1
5.897907783857107,188.95247359385158,8942.823187660122,6.142902488914709,,555.8585924371084,9.868485032322997,,4.344477836636734,0
7.6717702659853755,146.23526614338516,13807.226934995018,9.08291527637537,319.0310313260553,442.3875507482593,10.367352930538111,54.434117496971695,3.034215494731516,0
,237.1534657682148,25892.609165049027,10.003450543138488,305.3595469991318,385.3194645826886,12.688686074934433,52.474843887681565,4.683529260204015,0
10.848209190519094,215.3523307609873,17932.163461074546,4.80003374034651,270.80723600122775,395.4991958507755,13.999598781926316,45.17370159855786,5.88144462295881,0
8.973686278027733,185.08024012871005,16643.01288529362,8.131507218801852,341.16103996957037,526.62626448325,13.555436124122599,80.94003773436204,4.483715005146378,1
6.007692581287157,267.78534011525323,18824.000221534912,5.611738094380703,349.13976860216167,321.4715568758876,11.305638646213927,68.83406323802635,3.74315145583351,1
5.2972156447032095,168.61754935589994,16521.28732504258,3.2591401499477244,383.35731703358556,304.68457909973233,11.80906778777617,57.379563472133015,3.7000364242383856,0
7.301360143667937,224.31790110909367,27577.251461257303,6.301762460449736,315.4578893405058,355.81073397158127,16.58310683246938,,2.862621276362884,1
5.916894607493904,200.39086143318622,23137.685241160445,8.665470021913967,349.8645099460036,489.60296427882264,10.839602544843887,52.88827076807489,2.900661502286935,1
8.07942053132477,307.4148018535783,21452.031833093828,4.5043170723992265,309.36940178003204,446.22098443938137,13.980612366464001,61.06152345837489,4.612475097714578,0
9.989607967023382,187.44663978220862,26396.040265238575,5.122681326462482,,471.2310860717922,12.424350898531006,51.34656930858283,3.8151685173155268,1
4.517430772484078,233.85547649702193,7678.565891576458,5.960989801507968,405.9789300421909,417.57440839376045,12.087019406181144,50.97964667562781,5.595456858074515,0
6.115377355637221,154.16435994825895,22578.760009081598,9.73790811288166,403.31979464892635,515.7654927993055,14.675365478862677,55.3795653477095,1.6878067319618966,0
7.301422170978393,206.01599396326165,21389.471079212348,7.5916084883999195,,488.92914634309597,16.853482344666723,68.32050443017722,3.087685002181353,1
7.532992238953307,262.5156806827383,13695.86028569187,9.532288249172591,343.9063826407784,343.417995760057,19.760609215962944,68.4265217946894,4.360998293603674,0
5.015087666637581,240.28571978096562,24118.781195019357,6.430617254180396,,468.0905917011819,9.659972603473047,52.38111370330567,4.319675729648416,1
,105.99740793777808,18094.006541977356,5.867493842497157,330.30826097863803,496.8997465691517,20.427189716239482,76.06680879412508,3.34275480624075,1
9.827575322295948,192.64212596690624,21868.410866200098,7.378307551216588,,460.1038186071026,17.451884943540804,53.623663969318656,4.670156059290054,0
9.244922493670941,216.53216119976938,19220.84679136275,6.052049446863876,344.8889034968919,342.34777814783956,9.713953013710412,69.61506549889818,4.38634887345866,1
6.205158963832744,196.17396546423552,6508.875312162285,5.6061014326082415,384.3841895932495,400.2043810241516,16.784708953787206,77.81036737295771,5.727746665962371,0
5.251640925959592,226.23384987595486,32080.519059493206,7.499262216240418,277.99238784857005,304.12836332060465,20.338459064941734,54.269790855362984,3.765801393604045,0
,201.23760202151874,28865.42784799217,7.421198247307082,,339.0647580109402,13.239260801208129,70.35371892304043,3.5850688500136387,1
5.853898676572935,224.57845149944163,21099.12060955206,7.326025464656865,379.221626457744,495.133480313959,12.32647874873405,100.88061864519268,4.0749232379240725,1
6.568279796701119,215.96488406392115,28298.481211757557,9.453628660338724,277.181645793302,443.15773763431855,10.575624011594723,68.99028284145966,4.801692447580093,0
6.529488252141581,218.64086964323434,36240.311520529714,7.8808013867384865,310.99778626134906,305.31527777137023,13.862838605879249,81.6442153908258,3.877270227970814,0
8.434522789708177,203.0092734938268,17180.75014721747,8.22435792059386,,383.2069751383124,12.566452662247409,67.1341904560184,4.421966203283799,1
7.802022054202546,245.35721893046272,10004.806012206971,7.7440996806061815,,332.6887460795839,14.495509291732283,50.25549628888594,2.7074612081449057,1
7.497990171019059,131.27918772363446,21558.245617721746,5.781895395468319,,490.1993553276901,24.579904916078487,50.12359993294396,3.7076226035767004,1
7.315281148334933,150.77443140231918,27066.167689334114,6.5274196655031105,307.1174300594902,456.0049081602721,12.851326122015871,70.75077890287571,3.7049521476693617,0
7.08321900067319,194.51034085084268,28974.7765032748,7.523306151251662,321.4498890018472,416.3905050277271,13.647789635769373,69.58311009581465,4.8180351323813095,0
7.451425561077641,265.4611142718096,13129.588030859257,8.04106586813226,,500.30953164771444,13.579566538343304,61.6404731868676,3.931093937130338,0
5.964033270267677,210.67335632780083,1110.667458229149,7.35266189955089,310.25615319832684,470.3063844342465,9.892050794410158,40.12625986062379,2.7932541687499355,1
,179.53111617283784,21255.914022100038,5.602503509892911,324.2220841925676,449.3036789322854,14.146240172809954,80.91895991362333,2.8258142517421287,0
,204.71473828679115,14907.368232444638,8.242969776945133,349.34491549161413,475.69889548371617,15.020380744304518,101.23999818298611,3.9038044743759097,0
7.297299051480989,177.2635314227288,24654.166221603675,6.233667339581053,365.64432563964,352.6131521980609,19.412960296082908,52.134605206284746,2.1889471319596145,1
9.83423393677394,171.31748684874165,18103.413259374916,4.5005781560893325,,359.789436025567,19.909698804827322,57.500951184543574,2.7489174048105918,0
10.247257947339435,176.1467193253396,31271.110266162148,7.231808849842974,309.95553641185154,389.3540653239893,17.988372881291525,48.316338547061164,3.256740025221269,1
7.1521267394979455,198.04268892718974,12788.527114912918,6.791097234526099,330.5067313785507,366.69662061353273,6.181782858150214,,4.77508363319564,1
5.514912520486094,172.3887706541476,16938.464172932905,6.501220003665404,281.01721942163243,418.9966114797669,15.777784747298954,70.6965298915647,3.434798712036881,1
7.612645597724482,171.30658867581383,24446.992410911582,7.68280561997397,,562.7161068227324,14.124844994914948,83.11632687749584,4.736497881509816,0
6.689090391046125,152.81836299143686,15764.688887790744,5.631448874931312,,474.23899588259303,12.58362922081234,75.27902388853646,5.114974057333128,0
9.208036735383029,192.07218329536758,26115.4243375404,7.268402703983675,365.0584522359213,517.8516836224533,17.37308504481477,49.48652089457282,4.386070384119491,1
6.492657120073538,144.49853600871523,28142.724434554373,6.126111255183966,341.4603560682516,518.442613579755,13.542653764415858,42.735930505714904,2.732406995521692,1
5.301086431171632,146.5989529138518,27526.82808062813,8.195297402578905,277.5611377907169,393.21122587378693,13.852928059005924,73.09671833311113,3.329243284761627,1
8.512433192824671,185.8942177373959,12971.380825690743,8.565536618291695,310.29864152029046,503.7549791545689,16.70986954100891,61.4403471513078,4.320375834663743,0
5.543281552920419,155.24528534406716,24327.381272460727,7.886867740382555,,539.102993002655,19.00208546958631,50.02750396050476,3.978042627242982,1
,258.15259918003505,12273.970273422028,7.925121104077227,336.2775557002897,542.1059070532503,12.691471493266972,52.037658966517725,4.08312648943531,1
6.890855417386807,133.1543066366325,14991.785545447823,6.672478930947004,303.42621839635115,354.67931993390425,12.31233959660674,,3.988748266829905,1
7.116439856039871,170.9947410400769,28163.68178939866,7.694712913656452,311.7985184144613,469.1951268981809,11.442587769779113,63.489627056085816,4.21428602300966,1
8.026997348489203,195.50102601802652,27697.67589382945,7.509937382662282,324.26614888671276,456.0100346762025,12.957415194386815,48.90479556809723,3.841648105189978,1
6.379638861256335,184.04601186612646,26790.395331555366,7.1948951252657904,,495.2582284666866,14.70450995459293,67.1578166786502,3.9753133223659862,1
8.025573001238707,215.1081238667832,24958.04418341611,4.574268121386651,,384.71580047414164,7.695325778306553,87.45341140055599,5.110612405127827,0
6.595306011001276,207.1282716930314,28329.961190591428,3.5523434070683044,273.9861694499671,384.05649109647686,12.881081229593619,82.83330445063598,3.9341155833519768,0
9.334252582667071,195.5222856369277,32112.662350406725,9.786128903259675,292.95394743987225,467.76158856514127,16.917787007634857,52.75212775331889,4.857469276709757,0
,179.9384783590598,16834.290788978324,7.763457606056461,326.2943171316578,418.7363560360178,9.774367671040288,78.27653864886443,5.301709878182792,0
10.593731960559484,175.1689442021669,12173.30428716672,7.875236645070961,,509.9029457616666,10.29905319589613,79.63317757472437,4.157671594589694,0
3.8292736291966767,207.38234323928785,22454.643027375376,9.482401331895689,328.9481314315472,443.35230095045836,12.81965036283654,96.45703642277215,3.986523931893788,0
,219.51286883937658,19766.362938397215,4.142050595665876,304.0474611317417,378.1389646794518,17.245680249250956,73.94398914432371,4.435096205419066,0
6.8263484366488765,193.0493021297054,30029.78700103658,6.340377934105927,294.12478941190705,352.3653105518787,17.67060025187822,85.03880178972338,3.3630443952435813,0
5.301332199904227,228.41587193946663,18108.285366692304,8.585250363153193,377.4118908652175,488.4506519605889,12.457032496611806,94.0758129905845,4.175290660928221,1
7.260273238998817,111.00107092219243,17964.165951906045,8.118121225299236,337.125789844238,317.7399590661394,13.679950853014784,36.591105801082364,3.451300882127171,1
4.995894086501578,200.94841087168857,35253.231407830244,5.772511617328499,314.3193898930234,389.0581637094034,16.837876500397655,,2.978509131453583,0
8.07472943348454,234.2140626945214,15423.368697594426,7.016722048723847,328.827693573134,407.6225081748512,19.878548625195663,26.27097689819191,4.653145910166664,1
5.859218223204444,198.1290402778908,23358.772355348003,4.8924072933049185,294.5175521153533,503.5574160498417,17.592341176002158,57.12397318033196,3.242052067622113,0
7.4312537628073505,291.93141598860996,15738.572188682592,8.904010729662435,403.898480094064,432.6418426973997,10.133796546380985,47.441208489944536,4.4703703656365565,0
6.783409932363822,208.40720045825987,17807.519729438587,5.6876954405347,,442.8017180816889,16.154053753914393,69.87049207122824,3.773376228243796,0
7.067284174829361,220.0853935450865,19043.30253805971,6.011570276652921,,351.72222754074085,10.535551076122438,68.5354650704488,4.029473084614867,0
8.440657265909051,179.9050944286093,13787.476037571872,7.498259708397601,278.1006355554839,277.22595827068733,13.197313476113058,61.60871540515083,3.7831446360901437,1
6.711047871250078,164.59182472936595,14854.446119956141,8.97276300729197,284.4409806953915,417.2410299781469,18.490137260484936,89.26392879169791,5.021282959486168,1
7.417090525249369,242.78962246520837,10636.008798911922,4.051587681315409,390.19816983299137,251.65812018492775,15.224873811711516,85.08486467893533,3.52314080826626,0
8.59868791036088,187.30926803507805,25149.259947430433,4.261108004667673,370.14829157678435,484.72450472704037,14.457235990876043,67.93192160339613,3.2405808731560297,0
5.823097198443874,234.4269092129893,30401.86914652494,6.853427425583721,337.8119013927712,361.5660599681109,15.268505738291513,51.07898403472097,4.30018671779698,0
5.3362184197687625,185.8027550676743,22566.215402241327,7.7954583316208765,390.43806318552146,397.780506248356,16.755252273086942,55.60858253690912,3.2537233521505273,0
8.004228298209307,163.90096182995856,36316.7636454883,6.606183085454286,,455.43430175496593,21.755606863439137,,5.077482829868677,0
6.84149299249616,210.28886728826674,29953.07973884626,7.681752596475418,345.9754273226336,401.35528855869615,16.71829827945172,65.78129805415693,4.251534208330802,0
9.930990513177164,145.16386784448233,18033.62852960379,7.264976089975322,,478.52733014782183,6.772935132984668,85.56201457805935,3.0521088423813305,1
6.177330428403211,241.49455818985018,38825.235466797196,8.581290965929632,368.23866047342716,281.21498539866445,14.245865843154807,73.83706717468917,3.084383126942409,1
,155.7044470368039,24881.2817891064,10.78169105770021,,292.7956932915096,11.436169502848701,69.03990727167847,4.557884091098219,0
6.564958788226185,217.49094064334608,23681.746769738973,6.94605195416952,323.89770183246634,367.70438691434947,10.97976496394671,83.81901948604283,3.0733610696184397,1
5.520565303322972,147.38946062163404,25894.481984729653,8.25725221622748,327.67512542506006,492.5918278980752,6.229581047796822,73.20950580343853,3.938257770631833,0
6.758180879855461,296.34584532909554,6593.441669257236,5.8284680597514535,384.050826218305,298.86721118455625,12.930552888713677,98.50444874851068,4.811145560644041,0
5.7536786143133,139.611415413429,32215.587791193488,6.545389475758234,419.2716378115771,523.980978586335,9.724912112853676,,3.7180346867103293,0
10.701808266072112,192.0417480298597,19710.98010651199,7.238692848930283,,322.64807994639375,13.235090902549306,71.39380251171143,3.1559764824690264,1
6.979025021180158,255.05767377745082,37192.22829103406,6.383528625529829,349.8480102814513,328.8030187338934,15.48569186282085,,3.747274733394917,1
7.170854097793022,233.77350680054587,16581.919047958734,7.634730702956656,,372.770651019962,10.809226038700482,54.44254728054543,3.745386247715794,0
7.1837422051937,227.2969742760598,24365.865986444558,7.844053462189263,450.03228049723884,351.4917625286981,7.348081651865536,65.325208999003,4.492541686897457,0
4.710431954944358,203.79026421775964,15833.208093647852,5.460921650820941,,325.1679911700733,12.443676514184009,49.16639179362257,4.223464715904559,1
,244.78811312179508,13316.49944745939,8.297530613628144,,347.19091583509544,8.541894268876108,49.82655830656138,4.279960694213851,0
7.219230338754192,144.86003197095684,27572.926017897305,7.220628059619768,295.8204697096547,404.6131013957077,17.408447660624017,56.05521425570257,3.1804822640834334,1
5.467820759113547,204.93048661811667,29224.04293572728,7.024838645667657,365.2191833006322,358.35185279422836,15.366651736056307,,3.3113201684849445,0
9.41895226797699,205.92032652043073,23203.0905740522,5.686756907283339,300.19541860196546,462.0268226274081,13.72888540412132,50.299133819732106,3.471746972985884,0
6.474232709936637,186.86270733346197,36146.531302036696,6.756928038427225,420.10929531885927,503.4322414349046,19.432540682828115,89.28407196335465,4.515486790519788,0
7.019263182444081,247.32309553397937,38919.72153785158,5.770176894322499,335.4381961994716,521.7805966553291,12.432362638543461,65.79069375736474,2.8945785166917095,1
7.238532042585192,240.80028414175507,28859.955487931693,6.8817636898221775,307.6721051788745,451.25708772856956,15.812679338894052,83.62244682005633,5.011429404749505,0
5.8463249342307675,164.9009450707351,13791.173704125144,8.917409169650968,,414.13567380610743,17.49965055474903,55.66112801730301,3.705733037323749,1
8.097602162115976,166.55618006395275,20176.54152257144,2.862318746169267,333.9041660128728,405.5973649218511,12.74260000421501,62.861792201657906,5.575338884470211,0
5.671697341684081,155.9864931323426,19419.765300246654,6.832738156124918,,508.47948093424225,17.130607471175267,75.76893929183811,4.556848074893194,1
6.702447719313764,238.0165340458881,16603.643273519643,8.642570411850059,311.93873423554885,493.3810966170742,11.541383771520787,31.192928374729235,4.618286430484518,1
6.005791248120915,174.12957767500455,20352.09672478266,7.248169452042875,290.86883379332494,484.56811229255834,15.105301344413277,56.22116805669822,3.5357740035385032,1
3.7400899403316705,199.75032075056535,19326.034431866963,8.033171564036692,,319.2283026708894,20.570067075834427,46.19009425240402,3.5235577436403847,0
7.7170294129944255,230.6401511576163,32562.697137839426,6.22522230996896,347.5186109790047,497.12575071889364,15.046645694049175,71.00250721663977,5.263923334015649,0
5.305715160360559,171.34739420296398,27172.299346853673,7.883337548107257,,330.23237075654555,13.816798863398166,56.48100434249761,4.821021171602333,0
4.976377820522917,210.9606729681836,20793.845152981943,8.801477054996239,359.0573854557162,427.47172033914694,13.684612146826163,69.46240024872849,3.0415769574868055,1
4.91768431828831,240.78169097500412,8073.7153970529325,6.559483072999995,301.7739976109333,399.05938754396107,10.754925280705933,76.90583322371725,5.021708293222164,0
8.217872206898525,181.30743403415457,23333.367208864103,9.558287858016218,218.96717455435433,389.08230461659014,19.7229124607124,63.000559613627196,3.7964724401529018,0
8.713147843451873,153.2937626248027,31693.685828848727,5.717372607088947,,449.51124811925246,17.265198919255376,63.049329769297955,4.31933875273707,0
6.942093386385314,180.52045202650456,36657.92241696183,9.451321695530384,391.78035989733087,427.0410913295244,18.297900260433515,65.6728213167122,3.7051514528641616,0
6.959232841409482,171.81498807333108,32125.80743313145,6.194711558019344,260.55971110999894,397.9777668040885,8.323615412529197,58.99221662584366,5.0497272774575945,1
,251.92369547040178,19566.350547317237,5.516345199515856,326.5792024546423,501.88504644019184,14.689942092910707,68.50513100348562,3.4326635138528436,0
8.448517071173807,184.80048832945442,13270.98781496728,7.324920513611534,282.63996609965517,429.7100774987187,14.798541655565165,74.95319583125237,4.2733119459428135,1
3.0083418601306104,237.66322158212847,21031.039522134703,5.081038312860151,371.1622699794017,440.0411217838085,17.887563507644007,78.43030629707074,3.379620928355833,0
,226.1990774821375,14424.15739763854,8.283748374561645,392.6333301130584,602.7788832325128,15.831901344788447,52.719853323478006,4.004900247341592,0
4.9114055874452704,230.618528506536,8540.007557836729,4.225292737272031,380.5045655150972,526.7747092281351,12.601150453819892,79.26650737455184,3.999320913668586,0
8.679495828298515,173.41712556968886,14071.945881098865,9.312334541407004,292.3760755805997,437.4739288465131,12.757301642995388,76.92205033456878,4.779925826442449,0
,190.54892456262806,7262.104649213692,5.359025757031017,,306.03520380208704,14.449635890580863,70.48339078206168,4.075415590665363,0
6.437508143725516,191.74150035184974,20446.244736467856,9.552694304702944,366.4678931184101,364.7971986559715,16.331928068156508,30.466455930719583,4.268731353310391,1
9.422700623793885,190.13291893120385,31046.053709163672,6.991183963802795,281.79207417413375,516.449680013149,19.40202771127977,36.13639950531898,4.446008446539669,0
7.867226516210749,221.19198198996298,18835.706102709868,9.105521162306268,309.117184682183,377.2099467204424,6.592148618141204,55.596839248613136,4.864654315231467,1
5.881313164393671,202.21041496842864,25171.113619141684,5.946926268828482,256.7796095287795,406.0215667974482,17.240780560990064,67.04825434428297,4.2198472546548516,0
6.763792069217287,243.40182866361033,30576.493470901976,7.549773600566325,321.7861238355477,324.9261171447696,15.295318474808377,66.55560604138323,4.762296509899153,0
6.68561456770016,103.98031913564193,28218.60608904309,5.8119697564369,330.757489817409,328.15457438595877,19.454329596581495,72.39421552047666,4.254103864172487,1
5.714911107707199,215.0083422744384,7981.6124867613435,4.471551184112143,,514.7372640953813,16.866765682478395,43.94977005423959,3.8369438398337747,0
5.8298933472917875,153.80940193457388,26353.146302895027,5.3137499950134615,358.0521861264247,546.4546604431703,7.366179209999931,82.79097842262524,4.622645695840829,0
,200.7961764210775,22297.248108166874,6.030449411283329,281.0469766712352,382.803565003863,15.091787680829714,81.04032122570732,4.237477649834452,0
5.860988293720973,223.41166978947675,21360.15723287213,5.666505919185036,298.91991356219114,473.52491266796824,11.73879562864183,98.01679300750101,4.873624220313904,0
6.803070124772337,167.21282662234347,16806.1724151633,7.961466916792353,341.27992660570925,329.102161148957,14.414414536408326,76.95312223341796,4.1158291684650985,1
4.107232642257372,216.78943114304346,23598.44432172118,6.961924112540749,365.6630782503045,493.0631211312249,12.924663870384997,41.7913040309858,3.9570726897268527,0
7.379347307595972,177.01932884841008,15254.898729898161,8.597104781959278,327.4193026216741,422.35642438676285,14.605441508039332,79.9112345880053,4.297394711350509,1
8.124900251542545,232.06295327270402,16076.861393960982,8.583761456871438,260.290446080482,396.90227261169906,15.657723037108621,63.84588040813748,4.120593018100763,1
6.320845132817626,216.9960367870731,23833.455029162284,6.092412757969987,262.0828507028638,529.5730802185233,17.186809719455812,83.96220919618806,4.386446581915598,0
8.192683329188908,246.84988141699,22185.623749023183,7.633104382457706,371.5844691857972,373.24960927020254,15.27947636610616,68.05654825861116,4.129217160038267,1
10.342838641842233,162.63842709405378,26091.346767527266,5.121940011976681,,390.8288405222829,14.154105979865218,50.51127219303217,4.167581807992411,0
6.592840561214574,202.27350541907458,21141.13446988016,7.436229033326835,360.3874792162582,472.4133085397311,8.986038971805028,74.30303382863217,3.942300858107779,1
10.470667443861753,199.0198193085744,24166.63725494389,8.253231748979157,,358.8588546948817,10.197680387932582,90.83009743640844,4.477931526859849,0
7.274797619542948,219.5397629777201,23350.29350619778,5.410792917289575,332.7672670528286,301.9521315365978,10.858322386106845,65.27161494869326,5.63609081927599,1
7.650771583961843,157.89731445267432,25613.914490918745,6.69102617088166,380.5318876473986,403.7071213478846,16.64427249675701,49.7145727847612,2.6573213205496566,0
5.12765936336768,198.05246706762276,4473.001403643375,6.9544587894356695,,354.03202275230694,13.614395624330534,75.15469233409424,3.9780751357045565,0
6.989646564115184,192.89860668816107,29211.355017076803,7.577480882922745,425.9539185372273,575.4662321299452,15.375095150882107,78.35850250255395,4.312581272893338,1
7.679181122062957,216.76256481473297,39544.818083710416,6.8599548154852314,313.25876339063313,445.80042806352657,15.740067524769852,56.092672789177485,3.3159946190047633,1
9.179990255757144,138.20862515711082,33784.63691324537,7.829078225802714,296.89408976982173,449.32254472748843,15.855031657510043,,4.292864066204891,0
5.152088347606081,167.8648235225723,35961.744452385225,7.703371975941474,368.4262830007998,424.7141127263177,11.603956139975875,77.11392298228223,4.5108595283368595,0
7.549157676164931,195.22052024759097,22404.337950681187,4.936859006282631,303.31102083818604,393.4734588627596,12.804657273171086,82.28853794996576,3.886385689275975,1
6.591589608875934,162.5147841339497,28004.04039875528,6.924301988644997,277.22917143501815,451.2646708805403,11.869837717804455,45.57316780987144,3.814722631178661,1
6.583319248021389,137.24213362237543,20268.88262359791,6.632076940824298,,460.8238338006546,10.156998817989145,71.55543309670344,3.355608657119245,1
5.761258322407349,216.81367444456478,12574.348831658697,7.062028057184811,,438.63764612993276,9.851409135321997,52.185381479065114,3.303452180088285,1
9.341730047022114,212.37184718084012,20131.32670575688,6.466949231534044,,406.6383108403714,9.760622681950208,49.246436528484615,3.1546991751253546,1
7.216140437543152,209.01272831980725,25784.738182219637,5.13924682658132,,412.3919747131533,15.074510962966023,78.46776782764996,3.482862321052426,1
3.696224805225299,193.25419650136467,21219.209588974187,6.751509775930983,334.74613247720015,581.4518488225261,16.64970896423843,48.886101529485344,5.261354107056884,0
8.81550726421388,229.9825202331241,18576.9860954523,3.3605514948921824,392.99840799894525,351.60992108411125,20.234920737390034,76.09074503798915,4.5007681481888575,0
10.722789482793335,152.06657571686236,30317.686281919283,9.016045125584327,,418.21925351179294,10.560175668385448,76.34249770505117,3.257411215924643,1
5.9120063613325256,192.89910669575866,22921.84500616358,10.665067990206973,314.66626932715917,377.97418364803895,13.443898779513187,74.75279515641164,4.393972323340728,1
,190.46192225398713,30997.923832056054,8.905144944953795,280.8915054645679,255.74422648450778,12.420118073733793,32.529222452664136,5.61481405026554,0
6.426309710292313,154.20663595450043,26003.429221872924,9.47712503857307,456.3315308663084,389.1994699324211,13.167340961391197,73.02105692225896,4.082114622950697,0
7.920255558893134,192.60452539536612,14151.193380502156,6.678187358218277,353.01858962784354,447.2816812669953,11.110711492708237,85.6920788210737,3.226472372443963,1
6.349861603667768,124.87641116866439,39857.01896403514,8.45967514278535,376.83476501646135,422.9524617385924,18.77943794263877,72.23110761313765,4.235143852066226,0
8.786767141815497,264.4262316682034,8775.896554185969,9.464817555511381,321.43276986227113,423.1755852933954,13.816370571159055,26.64961842345067,3.385061562075512,0
5.391282331803244,164.69051740472906,38399.610713189,4.409217619250299,,369.605326405201,16.16685566469832,40.71133282054552,3.355789069366624,0
5.819390413788324,253.0139945997459,20133.638438410748,6.658940939862287,313.82358221520064,360.8315830594386,17.629554777020875,78.31278944244167,4.26853260362904,0
,198.83295770018225,28052.20259458841,6.332216628509979,,394.40224192103005,12.981842068246406,80.14426520518673,3.5682723982607,0
6.905508210129431,217.27024462545856,19803.93093853887,8.404285169125547,314.74960116200907,582.7886791662311,10.059911945938694,64.53714828935236,4.891884785920409,0
7.9523213144761336,180.3920070577174,16336.61700812504,2.880300187215065,419.41258172730966,344.6629276242445,16.843650429177274,59.670653883189075,3.955320297328058,0
5.522633425890843,243.11598201803596,21733.751597986924,6.387626119681207,317.3930587432597,358.514190623493,9.9483704184001,60.930782785143734,3.6287079634581927,1
7.763325575192832,220.26713739959527,32387.58043925288,6.758686990869191,288.5872331489885,422.39425695352094,17.047547920483705,86.3618688477674,4.5146027386049585,0
7.4158972434557,148.4692145405004,29859.99392094525,8.698520317815492,314.18539764198914,415.25651976690443,14.23440520872126,49.40772624390772,4.574730918744832,1
8.205396642275376,240.15587996637117,31445.164494720375,7.931098623424842,318.37264519396734,483.4102275525104,9.69979563252235,75.87365053770685,2.2396919210955852,1
5.23072858974732,184.60835514862882,56024.42057790416,7.786612586665446,336.3189933476934,313.0956161255699,15.466500178741763,82.90729754476126,4.166139082826946,0
6.189080843848409,195.56371533923823,24808.086400525004,8.564055077571577,317.8062758961116,505.6210970516505,11.322832809869386,58.46645195121712,3.787510962910242,1
5.758305509728835,141.70382861563388,31386.749198706726,6.295699966238793,251.3710121763873,325.77390264856973,9.073302637936674,57.693598874726064,4.741993532390776,0
7.985317232526746,178.44974585859967,35066.177263002224,6.555091618705598,301.9615976606173,493.63860842583796,16.053517356262706,58.01153234651778,4.025816099673138,1
6.479507470230843,235.3832548963205,17048.47474774084,7.440844989413281,,525.2712200641847,15.26435920234871,68.15405903696836,3.138567694993487,0
7.1840344375456375,172.1914668413522,14413.20369309891,4.352785037100048,,426.3638874448675,12.462308752402258,34.77025103843894,3.005688689501244,1
6.009063808396739,208.18104221031777,32748.940208410844,7.054422319590242,,496.55814024861843,21.278112156054057,33.853307822431425,4.400807939297284,0
5.071208223897548,170.6732079482001,13686.440098902383,5.558138046035442,325.02620396904905,488.9948318534734,15.873543989232095,55.52336678386499,3.144402548153741,0
3.7594313023104577,138.10163498486907,12972.524750620283,5.410787273005155,406.6641306165989,406.0468538837519,11.191294296622646,60.05718975182892,3.514706638883615,0
,196.02431680020638,29335.300833419824,4.96728197130252,318.7910182783849,373.028853350212,9.560811384769192,62.8999537010094,4.650622727490592,1
6.041060840563249,179.61077268096565,11814.34166422632,5.448747224440367,,407.6689687958984,11.932261551735937,65.00542747508248,3.60075725249837,1
7.281382521891992,185.57885727896817,15713.115451403759,8.84212455469058,303.46404548118494,555.9896160837421,17.862443904960127,62.2394992595071,4.593522179885343,0
6.6398894256582714,197.1674740270861,33845.520862566744,8.380401790413838,394.3658742331383,429.2420259360931,15.969733536953559,93.93916249701456,5.032128081927451,1
,195.06907017521434,36028.652338989574,4.444117734037022,337.46969596267996,629.1569747562379,13.811800062632926,68.46529305302518,3.6606689999992534,0
,152.33824508496207,21582.414354898476,8.353710721088298,,385.80509932189597,14.246522691960532,45.56785963870507,3.206048100432481,1
4.303113385195118,202.33516447286513,10255.4700537021,8.366391329715544,296.2532864761887,381.65773094328057,9.879646026657726,65.27731657899169,3.3654195231582777,0
6.705025185734476,227.20099747334916,30863.348693419866,6.937207138161687,354.1190682931002,437.20350534179903,18.9400013579248,70.41314122752168,3.1996708391168767,1
9.38975012759282,198.01295684545443,19474.089853455684,5.390116744804137,315.02201528226556,433.7700912921989,11.051048655865817,102.45305621732551,2.9366190555568474,0
9.179394482321321,119.4648549060843,29542.144624378227,5.104238054356219,387.2539577734471,582.9980631994098,17.193143089752603,75.49514384042035,4.982291921584592,0
8.177878946665027,223.1276325581848,28274.080979396174,6.0534994861176346,473.1210158803791,503.9882865188674,10.076336908503805,74.82702189142438,3.847562254393011,0
8.049377971081679,178.0706195468736,33211.442540411204,7.294456712955115,296.5732136321674,454.2652959411803,15.865948723587739,77.19163450207536,4.287263230969587,0
9.955722803476814,122.00371461718274,9088.781771360664,9.262190417861582,350.06493559433704,505.9459446218734,10.277780137134188,81.51878355300356,4.954603067710722,0
7.497746630550259,169.00283629151184,24859.38954597284,8.829075174617198,329.20943991673954,448.69743840548284,20.47645728037469,69.87837999415277,3.213983009040524,0
7.700958107785554,216.118940303827,22972.416763978545,7.465154468447666,331.1703051053587,493.2454742041946,14.66687003599146,42.550683641629085,4.486202390880764,1
6.322589048666402,239.17448661442518,35061.77592038011,5.60896647737913,322.6512271906556,460.30799280331576,15.785083887118365,76.20652979730689,2.8589170990309762,0
4.448321932461437,204.38232096125859,26101.97182899671,9.1593886363261,,425.60692049857397,8.418173082709991,91.08658005055256,4.2570423914198425,0
5.669071979100763,209.55557305227032,44401.77027961566,5.707142184588385,344.9822060584984,350.0429687821784,9.417672468703561,43.39346583391642,4.925458259954301,0
6.883513730637621,238.84275719772103,28405.423071025907,6.853245922202701,330.58245412229496,524.811589907685,11.870452000248157,71.4332116453376,3.1157584639871034,0
,194.13494992264287,32393.269022140354,4.051008811156056,368.24084578614116,415.4801899210202,17.391761634415356,84.85950619660458,4.729414298240924,0
10.36731453873971,223.8965786361341,23208.920852734664,8.910156806372012,,326.99844432271277,16.740907653058084,48.622371086602406,4.234378216342556,0
7.046298901663924,221.43513898761972,15615.027305832558,3.6983280500526408,,340.09962424413123,18.190325867739805,75.03354467012352,3.677447709618703,0
9.021918199246159,152.47356772507055,14748.075352835536,4.157222012662748,344.3985190137064,464.4046709358481,9.366915201172969,78.02492907028174,3.0656108718356396,0
6.116860965162632,249.054425217044,24470.859976108666,8.736389003422396,,507.10288007063775,16.223355869122503,96.8285906912987,4.24828064139447,0
,147.7894376975257,20854.181536978096,10.214104855263148,,459.97713958499065,12.596348609590464,62.09545268169876,4.4549489271416824,0
4.507786252997793,229.60783273172467,6529.011836795973,6.455961155967645,359.43860552069026,460.35720772319416,11.752445255960094,71.34716198889738,3.78970488046958,0
5.563809576822171,144.40244370830285,13362.69901868318,6.870333219833198,359.25985328374725,352.74315490860516,12.673425941984476,58.46225688890286,3.245579210087194,0
5.4354125385225,170.4599344577476,21460.982105276766,9.200893415866533,,452.02206705037,19.067782506555655,68.92810635579248,3.4748060884844993,1
6.913608324709441,262.6670207352561,29490.970258621866,7.4420612849855505,,392.6008443006318,16.747551014290288,95.00684907907107,5.021328624167104,0
6.268950212200219,178.48398095397897,25636.649983878433,8.3445905006162,313.2146954419213,414.6207522493944,8.48409609929238,83.70914964123884,4.5700583585479775,1
7.226257107021091,188.52755250013988,22137.009263395274,6.124728843644323,340.93446296430415,410.72124269205807,16.27164523635959,55.88488654979058,5.3530343558144,0
6.430702480153974,207.9955220181463,22115.32127477125,9.15005794576398,,406.1554593478707,15.357526732060865,76.64089843246393,3.5965449575220227,1
,146.88811574910312,11404.42993635712,6.710594834944305,361.5463593485092,380.78308108071985,12.692125283123357,68.4320856419039,4.084156314909253,1
6.730973576316515,261.13975463099877,34935.72945250309,6.793741402481891,,336.2433772495009,16.870048511462308,60.38492730509478,4.386698122915328,0
7.919493049494427,195.5787264112183,19961.309393204774,7.59827962406607,,291.6424102190166,11.19488867063831,69.95823875273409,3.8113021689101285,1
6.177823428219581,186.2940672122746,8932.71505036687,5.246914847543939,287.61238604779334,354.8281750218742,16.47575609838145,59.40076454041014,4.859871202282037,0
8.17727906289042,178.59000652365108,11285.990292398314,5.419097549401168,318.52202907628595,493.3217938000066,20.305996074376726,47.86208507378357,3.1996778606755045,0
,251.25676165450164,22268.397225277142,7.635935306450663,,464.902819733577,14.912798883410874,81.76471894633228,3.773967628756087,1
,198.13542108227463,30403.63209871308,7.857560912484896,348.258363501898,357.6570417314306,11.533429832817102,61.75372113196863,3.3894868570097385,1
,185.22643122194913,22113.86188304767,6.393902534305951,333.3993974727346,469.5737160459994,19.430434347787568,86.97547962716723,4.193494682571482,0
6.9328544295410035,180.4326324275497,17162.845589864235,6.214784725481156,284.60936623670295,415.9738293996626,13.512392080736296,62.55855886729875,4.603342117032509,0
9.114828085967956,174.46386540520137,27431.392352239196,5.498798320755855,341.99572241523435,385.35723837937627,17.09858489559314,74.6641501034769,3.969342294841425,0
7.849465499449915,270.95944306233537,20031.557038142786,8.542594074076238,346.84134709823076,399.91565809248965,18.88289667379315,74.69901953928296,2.477938021601772,0
5.4046094242024205,197.1426249774328,27031.296521537064,9.718444901121737,311.0758732241256,483.57841216874016,11.866647724437836,70.60898737077409,3.96956944037142,1
3.7999375188764657,202.63214056761612,14968.744796699237,7.5754316648563504,354.4181758201147,434.37898639479533,13.111363123312616,63.32284315652671,4.07748941259781,0
5.603180872784894,218.2382353416305,31279.55994291348,7.559399221158887,402.36139153029154,314.79322500773327,18.595943565733798,96.66968353876182,6.4185930740530415,0
,219.55377984543065,20765.578317128922,6.426907245092307,299.419569804114,390.94949945985513,14.070149563373512,54.76527842635441,3.9467248912615305,0
7.6386898982164055,195.4487523476135,28392.49906470179,4.968887830266183,,391.057038527318,7.636785527391715,105.96071326683852,3.1866668010706363,0
9.086400204239226,189.07540998534415,11818.957610887037,5.256573635333938,363.82721147575023,483.9024822711875,12.766102771656799,76.94425640542025,3.789789578632851,0
,209.05593770715373,10793.032000784608,5.175161245464585,379.19248616487954,301.1385822030083,16.980519566488756,54.653320095993365,3.4407832229513176,1
7.534559774862553,199.568081274225,20732.201517384754,5.278171203157138,361.88968444882,351.08493316653966,17.63971404612121,79.3009229621784,3.655097019381707,1
6.949597954535442,231.96612712241733,26401.31520790635,4.829434159713298,306.1216324345891,364.12272304093847,11.40590510822067,58.07065164697964,4.027551939187418,1
5.123503074297198,142.83424998964492,15422.17522941382,5.021536089868944,419.3968984448859,411.0525876669958,16.144857468253992,86.30423625729179,3.999716783897713,0
8.229478590349611,178.0845500442042,31581.942655038292,5.5967876842788655,396.880481980669,392.5462076996683,10.02377570948676,74.19727336425633,3.0158836219603966,1
7.864283437281352,125.23739537580958,22048.897569427474,9.189332331451395,271.8589324649749,372.31261398129953,11.854439944760106,78.6690078159352,3.4883009368470335,1
6.891239999258652,187.88063297414345,8457.8212192818,7.185349102277025,314.8048917877401,257.92744777103826,13.56024942570763,74.10647858819671,5.026977459978005,1
5.787284924219696,198.66281334809358,26725.01243098653,8.06866356502713,,350.2010391399126,17.111879660865235,81.47105754009456,4.80108268144088,0
3.9854884982714434,210.05576503988158,21100.521609788753,6.054458918579841,358.5174494066411,461.93881931536566,14.098233061856705,68.90358652591304,3.2772466544765058,0
8.03353112593573,259.8158462952342,27757.316072541285,8.790890550738393,364.154716213709,553.7622436251562,15.975977621821043,53.62423630717831,2.83852079877841,0
6.421343866448007,178.6907767383665,16421.36487766269,6.691091915396041,,443.7280247467893,17.738458863866196,58.04833175313389,3.0446089806788104,0
7.902374500262662,224.61189723463028,2153.5298120532752,9.252378079886125,290.6037510248932,327.8732604220841,14.594185738789223,66.6512940353921,3.757854310600226,0
10.255287354741165,208.20860085532428,31835.46087191856,10.709941595673563,328.578492599455,329.4931338509961,17.221798654946326,51.311658783862015,4.23134204073201,0
3.0454244154245314,242.85991847239265,31777.49481314328,8.697874956752525,230.22757242592394,431.1921532918941,15.75905052371682,68.61617625326531,4.005001828850187,0
6.23388578276339,189.8155994431978,34740.641640354545,6.956282575503657,303.4891717776912,306.7908543062555,11.134262246673757,32.90064891130543,4.441157747098572,1
6.523123896038556,162.20315004497894,2493.8840350043065,8.138826784977812,,401.6342914249092,16.88046799661301,58.85544335715885,4.038083989030965,0
9.518687113463972,137.1933889748069,29707.655405990703,6.975621072779761,372.913701957678,330.4371324935827,12.804904850744617,48.28045554006681,5.358480558280971,0
,128.26847674173393,17259.12373266218,6.129051159969137,,415.87634558948486,16.025962583770553,56.80013629381407,4.202483565066524,1
5.387950545617698,205.10709791929847,15202.606306541562,9.63578148134598,326.1667291873338,321.33927823852383,18.83976411013201,69.83471466203746,3.5678399437930484,1
6.9353541250121555,208.56823132945738,19857.386891238795,5.650815484511617,279.98407647090903,385.3669152942686,15.84728556186921,42.71253954336285,3.6319357443134326,1
6.967553544234046,245.26908881536687,32026.85777138039,6.75423027005171,,437.7409583680045,8.488570743343516,43.759879429812685,4.610894172525673,1
6.543492426205969,203.13414241555046,29978.04676633321,9.999241435487054,378.149567810266,519.6958156920485,15.286688358797775,82.33198042638489,4.459296604304033,0
7.467937095906445,207.2545601443941,21995.500783255553,5.939272111939573,309.13207466329663,317.492442382103,14.156262105725418,84.51309160938942,2.4484533515413083,1
8.78661016668448,183.19646790028855,25563.828115871675,7.6995041624508005,,531.6088031621158,5.22012074972783,89.59933938027018,3.1018904808972727,0
4.97666264265161,218.15946088763627,24694.838589123574,8.330983015767309,342.327283616509,470.8572144818469,5.354975346255637,76.4095047134381,4.947678618572157,0
7.521745526958937,193.92067774238427,38846.34685255511,3.7334070739600453,352.9735318428162,301.4145831102765,17.108953799444922,44.20762520316211,3.255778838346405,0
,152.37162688138125,39497.31837279591,8.1879123122522,287.55812005560597,440.3787198880921,15.302985851952528,45.68284963182161,4.185765827705147,0
5.528159792674624,223.21839702286462,17305.158565883747,8.547361337543686,329.43163089218933,557.4922178814551,16.786104633826636,22.27409526527409,4.07453788652052,0
6.578691063333337,203.97599298266687,20939.482722602806,9.64492214162738,,398.8918193624065,10.40627516360084,,4.2879729111005265,1
7.461362807698471,176.2920935900208,28548.134545221666,6.318529875193182,314.23915723651186,452.73468220201573,13.738576773345473,65.17360563001343,4.097662018757417,1
8.00387798039006,185.54678547481433,9803.324983536411,4.529074807465955,,452.0158841265579,11.67125099460869,58.21691967526482,3.951162854859487,0
8.947998205203593,228.7577102097992,16394.698900575942,3.600990894041746,396.6985316469873,531.2496935777392,19.804018025866093,62.42612446112694,3.256704171492078,0
6.553486995184685,185.05501835101458,17864.05100169828,9.729235090724616,266.5700594433041,436.0112037780488,14.40581025271864,68.88624907028696,4.39382272944293,1
6.894063635515693,197.4108697788909,14399.904812750508,7.493678455080229,413.2717440761937,409.5569286024278,13.851784033980913,47.01287659302429,3.6533996953339303,1
2.3838770787088643,168.10709074279546,31997.972131561208,5.732890543046559,331.51393379982045,572.4845151632434,5.560040022219264,63.04596594854205,4.784240186902869,0
8.631973207112551,217.83522117154916,16693.204339912183,10.157515219461366,,381.50067663133547,18.305503181595263,60.04682837531301,3.3793215213281087,1
,70.26799203609643,17832.534384582053,6.4310949371709185,366.670822560615,400.46827126687225,18.27456835730634,41.79345853838664,3.8338660850792494,0
,270.7234500066268,23050.83347023717,6.64371886466056,,455.1826142186188,13.617944613100754,71.86076791121555,3.8193757019795935,0
6.5849590672241405,189.5757766473832,793.3465135631341,6.984298555733262,311.72756011445784,395.39417077613695,10.92089458213623,102.89789613805729,3.6087849348154615,1
6.599733466742893,170.64283799216423,9062.073034509296,7.540917910657136,,428.95436429400405,11.937422136685656,72.44175628039388,4.521583918775062,0
6.878404779670097,158.1370509083452,13569.405791422907,6.565231492135851,392.27247393099873,519.236610994454,9.509541070835137,105.91994038556145,5.064431705098935,0
8.124962663985565,255.93476139219695,24683.37814387511,6.402064265538082,321.3063030388709,369.66924263807283,15.339103792205574,47.86271115707224,3.0706481012101343,1
5.935397405562785,167.619637179124,13828.244497998396,6.847522162133179,325.53682303528853,554.9694005065104,13.585459791829393,70.48915689122559,3.982478658675522,1
8.20772092020491,131.2770276045276,23036.484914656747,7.548093302794916,322.152943378238,339.74873852838704,11.667493401205805,,4.713623694944274,0
8.148671002565134,192.54454532469816,24961.292064574336,7.483533154237764,357.2602770720247,426.11030148947,11.756168096833616,64.94745716282051,3.5586494672876148,0
9.752089875282707,259.47246553619357,25680.060449132223,10.17640592406311,310.58296049586033,352.9730917411143,14.04121045105357,87.37083583164764,5.33204583637606,0
6.804612839738417,185.06282073364815,27345.80574248079,7.489222940245775,,426.65789086073704,14.921581905266315,58.69524970612245,3.7811338730586335,1
8.147067378541662,200.31347635672793,12691.998501369506,6.636918619731535,378.17762932749037,320.5171771022876,11.330287687648394,60.16108817330564,4.8024748985423695,0
6.389327888943483,274.6158435340215,28046.325056601345,7.356001354092971,364.3039800689402,517.5332754228737,20.6360288691632,95.74468144757135,3.596036775246472,0
,226.11514417596013,27019.489606539835,7.246462674813098,,313.9792839108682,18.266815875067884,52.960999049878,3.8543681473479827,1
8.739532998020655,201.90733371699093,31869.83636681385,5.094305239598758,339.2065253847785,424.7943976122042,15.038841363991684,83.40022637769901,5.089854185387727,0
7.280176918604022,215.2322759218151,9801.158085383175,7.126080087017616,307.9490161989111,339.7714360949716,14.273745633081573,77.94915988429203,3.521919051040786,0
,183.46971327466042,25144.336808792385,2.686695738706386,,371.73599412502824,16.763089866084762,66.58046036005899,2.845948563356343,0
7.650547029152704,165.68783561575796,25015.155118884977,6.078663710207734,286.6421659019139,441.92125628287954,12.551640701596906,69.56575879717178,4.278057967813122,1
,183.52344919849259,21888.091223759067,8.773635951168913,300.47190343611345,397.02816162365843,10.983450872670952,66.36371755314133,3.7323200100459357,0
5.668007276244872,128.9286436942408,27248.15125807148,5.715557858209559,357.63202478005724,282.352896781449,9.290281574566613,32.0776939457027,2.9967415156713644,0
6.552490535115442,211.2977089492282,21550.094006758263,6.4588160794906315,,389.92186812583225,16.857666760704024,54.64732948018853,2.9589781808752096,1
6.380640778772767,163.6642914543154,13365.677431536005,6.050860523547876,302.54727665654934,418.636713022739,20.592565779251682,57.449567313383234,5.047662646231565,0
9.627744867626777,187.65820957308998,39671.18750679976,5.48901626385274,,436.7731450518494,12.985946208923,44.66969109548408,5.273125415190993,0
,188.4320579321779,27395.407332113915,8.601526197055772,,495.8900858773612,16.51300242977232,74.30159354819955,3.556446103737819,0
4.8978105545929544,239.40981199317176,27579.42589057952,5.173060227262389,325.5268182402611,489.5326314199477,15.187008313995765,73.19247283063433,3.8100583151667844,0
4.7980366513801425,221.8352454332535,7509.348122303078,7.448040999567258,328.44684104824796,372.26828318080555,17.60269971031616,84.28754931758787,4.712374838699272,0
9.194430929423076,206.7142920651389,30109.812143562478,7.4741977553024705,353.3017071547159,470.17079625516857,14.280571265406616,63.41187466132599,4.725267801049752,0
4.855855371435908,197.39691060335917,27458.975140688064,5.50194082103434,377.6341131208912,469.31684354622934,9.984905163940578,82.22709653520094,5.508879513046626,0
7.816731582555614,160.4399696899702,37742.56021504299,7.214664936827969,,446.22641732423307,10.973802812001269,68.1563017521475,4.559727289611063,0
6.086936003025927,202.78786940096862,17585.7082326126,5.340591590466007,325.4542759985543,467.0883949582452,8.700283678118787,63.85350758833364,4.221029037222811,1
6.971710986704141,218.21631520328467,26644.388518367894,7.177251550786176,338.9566641843167,540.6469456409085,13.47935864032517,81.53822554820496,4.283168214772939,1
,220.2312383088486,22244.20030066925,5.925164255985184,,473.73435329871273,15.488410105679863,63.84491726123392,3.46519580130737,1
8.8358747701587,212.23159053401628,12972.529513934169,8.336181525897894,,342.95452134083865,14.88381569354576,69.82635688923864,3.3513128713685156,1
7.232745577308656,178.7800987024655,12506.61203319136,6.520288178581571,356.90904168649246,422.37873496292707,13.382464992370373,69.54560641840774,4.962277728310605,0
6.6133366571475705,216.43649284390517,5011.1554675559455,7.0617522822715175,243.7454920774455,449.005546053875,12.615925639767822,46.999652916655386,3.4167772230637445,1
3.3534445535674786,194.58337297814785,35014.82033897133,7.188073221910217,366.95317055506223,487.9938920123126,14.906237959705647,69.72084697999586,3.9899716183660763,0
,199.01825648856038,27351.566429057377,7.673598468910097,400.26342249606654,360.6957482979671,16.92928215322839,67.4226699355407,2.875637073041708,1
5.849295463161638,176.64920634894605,31590.08430409814,7.268206669576633,332.631385377477,400.36015341913446,12.04106309658967,74.33753791145514,3.200861223854513,1
5.884535610157722,180.09371617975415,26484.46690573747,7.189417535454437,289.21523353065436,421.87399053675284,18.280228927245908,38.83810263486909,4.86927798178984,1
,197.21660808373662,25437.05760512545,6.524237234643311,357.9427379813938,338.3761381727488,16.440751151812663,91.98964362703133,3.6434662175303987,1
4.9403518611425845,152.344140494199,38011.64900119776,8.685540001992308,340.7079656259205,469.6235403578861,15.051880552216694,46.86586368120989,4.077363771123544,0
7.9106507336870395,220.704779571841,16937.80860121208,6.344510304186596,334.44797842368257,291.45953200771385,12.237301591443341,74.0336059040248,6.218148122723312,0
7.913138064822835,210.67140851763014,21725.582362857138,4.009296684118818,,361.9733614255959,13.964971277862793,72.87904069522307,4.833017577487537,0
6.652066091301732,218.72486549369071,26795.481444104724,6.584861813606282,383.70098684112287,488.0609742547282,15.62043992751749,41.10437133931478,4.855303534070597,0
,214.74133203845685,38664.648917611135,7.720909887894916,297.08018366915144,489.03629562692475,19.40680184702724,57.9835516912843,3.1529880170673055,0
6.531443312913323,260.31880342647196,31744.06466988905,5.281980597814737,,499.46798861844394,14.859882633519865,57.33416170266253,4.426483367433328,1
6.496301821333472,183.02230062162113,27992.91265454288,4.842494003873507,386.1428630819184,342.72233284849534,14.855180287342728,63.031555975700705,4.144584664321124,1
9.866179690410613,194.83350155168284,24449.73021067019,4.857999651698496,299.313539342618,444.56911373347776,14.210203400566266,60.425924336103456,3.795946248373101,0
6.109476395030432,183.72215263585932,4908.06939630544,8.49327399566336,319.03256386550703,488.4671437456884,12.337002585972476,39.448945304983155,5.906970366618792,1
9.221429801524142,202.83553623838887,28433.516492381685,6.470101728928754,341.94216794556456,358.2702961186342,15.75709956513491,77.48643268653407,4.213841550416758,1
8.210756792416683,218.75235822026167,19979.936168726774,7.810679735338026,,409.0871717954204,11.634238964041172,66.19302578632079,3.2309122697118635,1
7.22783517426885,177.84291450570228,17448.588044520868,6.405716238842859,311.8747671704062,410.7013043988147,14.56716598284528,71.19284267759679,4.597897291983033,1
,210.2549126997372,19714.714950976864,7.809382922029529,313.4560785131336,421.318259218532,10.048770248067314,67.20223350752286,4.74169773780029,0
5.38496524164135,244.7660908336599,20955.302928254536,6.757548877467864,305.2360243477322,460.03452615250194,15.29406287081863,66.31289304200133,4.092744232500558,1
5.603153842402889,224.5377868468739,21268.41277454594,5.525362056229305,275.59559543634117,351.92591650745976,17.017874868999183,69.46640373128344,4.113999932068578,1
,180.44726704161224,21533.556718051368,6.576205759910849,,564.8926617279301,12.135702389833957,75.18394439435045,3.6927120813940664,0
5.1323649050203715,204.93330301082213,38459.39299373509,6.370693295979101,,386.67802767194564,9.788905415614094,71.77648769532372,4.257857438755275,0
7.394038232045704,208.78726464933197,24892.95584102489,9.755838041771195,,505.2023897467347,8.086178000325766,65.77518841825383,2.1879834930086055,1
,203.78003324532267,15566.063870551305,11.207338563598576,283.2796551138566,330.9154811808087,14.336219749623261,69.74507176418012,2.8679523513408878,0
7.379210293271857,196.3172490563147,22522.263279379375,7.058117658420817,371.07473390198777,407.9631913610987,14.332675501968474,70.5106119964944,4.253776303172351,1
5.506731802720702,212.3178710160276,30206.677197474903,7.675462522933117,343.1920763503507,589.0488043287156,15.252347335815902,85.59069289446708,3.860536812660881,1
9.725331456491087,157.5797528679006,18174.012585792334,4.987354714281698,420.83771217986725,399.4355591559592,11.8555853797515,45.67141441818622,5.57678068331112,0
6.778596194600673,208.28449177877766,11934.753922435304,9.07949651243218,,525.3244673318085,12.694177970451701,92.86431337368569,4.10823003592269,0
8.079665137759198,158.97543000494878,13663.775770073677,7.867321627891664,259.1405096653437,440.19203581607474,14.876334430844722,65.38486263253952,3.171392932014877,1
6.283851281791533,216.5002302125377,23984.626374405583,8.078097830638463,388.27164496421545,285.6808769832543,17.8853274036371,66.07398712193111,4.098998159417031,0
8.523764360858882,196.54091981967235,29131.816747593126,5.794524740260332,272.2473750418949,512.6465378497842,13.643947350832562,58.532434953665124,4.269127449713798,0
7.2734798361339275,185.599307328179,32063.328923876663,4.796622347808608,304.23226714172256,523.8913370379721,6.6964817035011315,91.85284926158833,4.14530305128344,0
7.702220232747464,194.87718498966967,13179.401079546578,7.978839320513096,356.7830109063306,307.4779357006926,12.939982561432684,72.88882314940862,3.8699877854205447,0
7.8412378783636605,170.0613631355433,22246.015262650242,8.369326388703035,319.2619138592771,408.90665640914506,14.085379127359813,61.216813304015034,3.6336193678286604,1
,186.82565450530845,19825.987213635093,7.673223586706119,357.95996656883796,455.89349648222304,11.566883288344403,68.73554755966477,4.234962182469595,0
6.178152024264818,236.54613281382132,18808.060214695655,7.670401648222507,398.59229395871637,441.8594910020263,17.23450455717151,38.371473740647666,3.0408974586997015,1
,183.37423320545815,11207.927341599248,7.878650916521197,,354.2748039745859,13.713892246421942,55.301389144429194,4.241525439878528,0
3.862897656645897,227.48327919542922,17212.592424157185,6.494147237296583,377.5818266712725,543.5918954430952,14.737182696329082,73.57181390391446,4.475725337280436,0
8.580320875077955,226.97891159195478,27545.404203771795,6.915918399179448,260.94077811812207,415.9150589163609,11.075109823806025,63.57221798562969,4.468906205359546,1
6.953659176604499,195.5349676358927,24219.129352225642,5.818561738950908,358.2227800792777,527.6343343687506,14.11415941538536,,3.2938836225482495,1
7.488906995180023,203.12465929474615,27659.998998112824,2.7780465731909727,340.65291752274834,460.0373673024198,13.89163369123471,63.29789530911679,3.4410853647253434,0
4.881958777035741,178.21998853849684,31114.208921659265,8.151716694304184,314.97945155294735,387.4619144670663,12.805852157839062,33.77853193397274,2.6991182714291364,0
9.384250089963327,290.9736381202073,35115.8373629441,7.231503858223698,286.3622889017211,293.7813819400882,8.04836674104056,61.34687806966614,5.564969930796383,0
10.566979151493044,211.97692322000174,19988.019125180457,5.912866985176249,349.4878503179586,430.93670185748493,16.56574120458923,97.09242124305425,5.206362844925694,0
8.25140871803169,196.3938381946257,21581.515704283465,9.515143558133268,327.52627938525757,381.9710773972613,12.859994939650207,70.13214069816252,4.967393740845708,1
7.818963681212225,218.2236044120872,11935.134715807417,3.487816891979917,388.14995294631336,356.2633637165434,13.583862356354349,72.69213316220144,4.927096547133932,0
7.26312957863288,219.3053860254212,5889.410401458674,7.037963691955253,389.75582680934957,522.9637538607515,13.752522342528739,62.64050633326552,3.7783941214048844,0
,216.2478917973366,18579.345167071027,9.75293614174092,407.24949692338384,618.563114508536,14.4475009077214,66.58612999722861,3.6650876590558252,0
4.828844040130057,113.77302918983676,27572.310538465685,6.919896354435016,356.72717389278034,469.61140496524786,16.566554383873076,70.4992809153722,5.051270805437595,1
,202.87925963615072,12393.131505297068,6.28024844900856,380.3191247118925,441.32923237670815,12.030248926971701,63.86664346487901,3.8777907431358396,1
8.530291680895258,151.12985436524164,22955.610798024758,6.908574667757067,321.9362864504911,386.9295136103618,15.562018874666174,102.1045370892737,3.837555182709386,0
7.240683268418805,166.0208722616539,25888.848763568192,6.795977360551716,350.79533587356116,474.60023785863433,11.989829730193222,52.479715779795825,3.6003223549752468,1
4.37987177807687,172.10338902028494,21732.81171932261,8.228237185310327,345.91224368648074,460.81398718699336,18.18710616077336,70.00481673691795,1.7142079736274924,0
6.71313752807466,210.01145650470534,13241.44394982417,5.362922072109338,354.21071924589853,496.93732413251917,17.27092868154978,,3.8995897610782033,0
7.090708967576368,153.7455182387909,21504.62140343392,8.525698345313527,305.990436352529,460.00285722487416,11.852626918041423,75.19880570583955,3.805035454896033,1
6.986884806289513,201.10446010356864,7428.334764428235,6.479869391401493,300.80574197946845,412.67247920341197,15.593518111000535,55.752171197654086,3.862330583189507,1
7.9870705653451,152.67593144727124,10609.571567585108,7.93044424320192,320.5472591677006,388.04732437875606,15.262089484806701,85.91585257173931,3.0897335174832645,1
4.302238571185571,176.26111303747604,30324.514093708724,8.240532257982352,317.0734792356763,546.0713821161165,14.819853409245946,80.5177963920508,4.570546628231705,0
8.048736597927432,188.3648778726912,28082.310716947435,5.5597250448545985,,484.5647352241772,16.84663843604221,83.24860680210895,4.0607035906723725,0
6.2745596405408515,155.11922823197807,31283.895597671883,7.457893428121547,351.106369478822,410.9428861245348,10.071596044395218,92.13464384479127,2.956718855387294,1
,234.874983705304,30666.015039334045,7.079427041527623,367.5225982576608,359.89045679763456,16.06078698118924,82.23985493895691,3.0117689897556703,0
7.268636179107451,157.36259154807078,15977.347720334681,6.810335038866397,317.8147830023286,387.6587865969737,10.800038042146708,,3.0323840698424394,0
7.636453660996789,143.91753286205739,19358.238346411938,6.94826276625542,296.1275703424211,516.2151402489646,17.747274115081492,53.835343601974,3.3416770614752753,0
7.328468943590757,214.28151457894452,11635.880558968729,5.9881804093315605,395.887429284337,440.26065485436624,17.40138100828935,55.40055049243191,3.827992449278779,1
5.326441313974531,234.08226537112876,28196.94892007476,5.88730854961923,,598.5934488245047,9.491509517240427,82.72308693254355,4.803859643795717,0
,240.0209410564062,26898.408407125244,8.868359322627489,349.9795437784595,361.17762670903346,12.855486026177584,78.02757870272778,4.202752024628323,0
6.464420074475173,221.67790274276928,8125.703306500527,7.95608184448105,291.0274414273119,479.6156502704182,12.287153183617571,92.23780893218876,4.43949624940094,1
4.797842446874922,208.25582738077185,18893.281373973623,5.323531669818616,277.97383345731976,386.7832519936062,9.6508952359511,74.15855082176864,3.3320363237484703,0
6.308924533049756,261.70509665990306,26592.430380802114,3.6338152794858174,330.6506369114796,404.8653088597162,17.40130243082292,48.63266742407639,4.019952735619625,0
8.893897972768407,212.0359017034117,21710.8318964331,5.395492116409243,276.3854079072646,497.17994491351726,9.470130030089575,76.98676484621508,3.2264942298657795,0
7.919883867106906,247.25261498315828,39409.261023958505,7.217408422672324,321.3633342575099,416.19204212669047,10.008197796605131,,4.116441145377409,0
8.059758900194762,232.45542995290845,28194.9628917231,5.875716078797449,332.22546347076945,529.2161867405437,21.22595808555201,101.75680477926205,3.362007298627425,0
7.163656100975973,165.64304528202314,14304.576250088736,5.743594651199405,231.13617440873912,377.14722887873455,12.97718827439217,61.415420998208596,3.9399895016307616,0
6.179264096457663,208.54042643593897,17904.127206738478,6.0287236005795855,351.301836984711,372.82183560459185,7.866284958769025,60.58308477311938,4.951382617556537,1
,198.71640674021467,23243.368030790432,6.826397143348311,280.50505518270074,383.25120074564614,18.324427217535295,,4.141993316462922,0
8.106799006493178,192.81532702228975,14981.689425908255,7.648629779897071,329.80540510444956,326.3400721716872,13.012589518817766,64.8739236671783,2.984253418403351,1
7.2456076265436185,229.57151337034998,35782.166083831646,6.9492873532923225,358.48866281575073,335.2181172384377,15.00854766447103,62.85556993546769,4.782224050275731,0
,211.8039666796393,19155.56057263681,7.055292936580006,,430.3027676187613,14.3733021306366,46.66363620592254,3.1634106486399074,0
7.476338138859372,94.73296696776598,14210.565207377123,6.567737381399206,300.1452677195954,579.4843191680241,16.32786158608127,90.0826273745429,6.109213864520855,0
6.6509964923705205,151.5505904417546,13034.221700903076,6.101093385336944,224.59584851719262,381.8542336872904,13.736147320555638,69.43121650096076,5.018243668652678,0
5.511667919384197,138.6305716573852,26809.02017080299,6.412870916975065,347.201928776534,485.82167683868585,17.961455647999664,62.654694559152304,3.5210833793955088,1
12.583988309479736,203.6377834229367,43994.81564480094,8.212083515335134,280.0222249972468,460.6425899799715,13.61953967380537,94.93350951235965,3.3396239201850664,0
8.532217091278318,205.91706773137165,27759.66575914694,10.426975860032286,,370.2480304671001,14.005177252449524,65.59700181090756,4.329203024025228,0
9.245510511956851,195.47725975198892,16871.518587757222,10.616474288901458,323.7655487157226,449.2896484216625,10.192493421245596,57.39815644369654,4.123634694871618,1
5.870265050089357,200.41488168234244,19481.987541922535,8.087435387533858,351.59916885944125,350.12006156730996,15.39432507619069,83.67894439979518,4.743656413196323,1
8.371248863227136,213.3131945942848,41157.661165162994,8.582190895081347,,340.84138896545136,15.841631824343246,73.61573194588992,3.714347123924414,1
6.66455893129148,222.56918737639853,15237.576814942846,8.570006943209748,314.72430690444605,272.0115891232075,15.963913271115995,37.075698918291394,3.5057261603116308,0
,183.95825153568958,16244.690411376218,8.312199354764674,,379.3291635489901,16.29427959845651,61.639506609766144,3.9985253970880743,1
3.515216020686454,146.18866294928947,26198.432721383466,8.32655236708752,276.1257438446738,471.0383339843121,15.495732217962537,88.65314325169581,4.563823041472204,0
,197.4953909820572,29074.22675776835,5.658146210382556,,473.6182568127285,10.248673450314094,62.3237716232607,2.9508272831089393,0
5.753611699909877,260.2123795764676,32844.22411643312,7.543569252438377,331.1067193079842,530.907397129822,15.05094745216457,80.97754802289187,5.275613736511723,0
7.272850986201424,256.9909959769525,27622.663672034036,5.148422934727185,348.316794948348,524.2094889946931,15.325618375492311,63.45670492860053,3.603404028870167,0
6.469308335126668,217.21915261568182,4821.817788974662,8.275805102364538,,345.28442718051855,18.375864921008983,41.29532164648886,4.836801968412973,0
,171.95011649469734,13072.797794711916,4.852758185634277,,358.13043472379576,17.013421192217137,82.3498187315075,5.0335295525315376,0
6.302284722454024,179.3623557943161,11636.30632569101,7.368468067750968,360.61898885257784,490.85523809659423,17.195892717568444,71.81419201132914,3.076534587275519,1
5.547578154713934,181.66515073168355,24154.974673060806,6.61367211181408,368.5001123385302,407.37888549697936,11.089101669002087,77.54183733452226,3.7996696258449307,0
,170.63725371641664,30725.048910861566,7.123070943284642,402.07053060411795,368.2685803728297,11.113530679392232,83.31486182677335,3.822125795312339,0
7.136014784415265,122.4611608932302,23197.29442119431,6.2771334819252225,292.43404585006266,405.51425624609755,15.61553888083079,67.0556511372558,3.779716095168728,0
7.49930122522205,201.38178363575355,34523.621356686715,6.504518065460289,349.42397530785746,494.56195888382655,11.021769762392509,54.54044509287144,3.1968593572255792,1
10.592244497885034,175.45464278019188,24987.735740879347,7.213128046816612,370.5116473058114,485.10565075517155,13.81852466338878,,3.5214528147883657,0
5.651152047776719,200.87506328349767,20453.800003212942,5.246364757247252,345.45244715632856,341.31071884617495,11.983015574678546,116.94040513940735,5.043775960603737,0
9.018533770022698,211.39769177065915,27786.537757636845,7.259167048405724,299.98599584560947,427.02529385785357,11.998526411123395,61.91255071788291,3.6471957182457464,1
7.6580810027550115,229.72558817429874,20381.68399880494,9.399458826727258,299.41659943117054,340.56931078480545,9.345527895247931,56.17161137432454,4.619248760460322,1
3.3817325919301044,112.41075926099302,22028.01973118717,6.274300762477687,422.3518450096838,479.9508975617962,14.11609303277985,83.49542058957374,3.4672418632752713,0
6.599762619484805,209.73822062178849,9569.070796402702,8.725579676727904,268.1259031455194,510.92812386017795,13.801337943590362,60.751466362017595,2.7402902296963845,1
6.996177170786724,161.1722714637371,31858.73196573027,10.014513307110533,330.2050769706028,447.51478144499123,10.31876830665685,56.81372889843709,3.6505612396826903,1
9.164087954196768,268.45760964522174,19640.854386659234,7.4894616964938105,,549.6465941355572,13.566784030346291,65.88774676717202,4.3379099892727435,1
8.014349704898418,217.1951951028728,12605.90939316913,6.564674254906611,299.25359009196427,577.628519580252,14.503015413165567,61.62216074081431,4.208324938535675,0
7.176246786575151,223.47789522846927,26381.763902881125,6.168165675869967,340.84398919166216,452.5657010719361,14.097522760751627,62.224875752719264,4.704685433335301,1
5.719024975189846,200.03314304652125,11977.286938457279,10.471780952840604,320.8213217333635,561.6978560368614,21.948501649828614,75.65871168202185,5.269627386938742,0
9.184660209417517,225.31709134611174,16781.173595784618,11.076014572443352,320.03350598856906,425.14012122810647,12.988827597576957,55.460211969143074,4.294898466371778,0
6.004829136556195,89.19987628180137,29651.592081380943,5.623322416712608,348.9462022048256,536.1689726170143,11.520784766747793,75.25573734167675,4.536306827650911,0
7.429347669827786,181.84714741128667,32278.913598357776,9.034346847987466,294.71170917764505,537.9236096649889,11.137199503430473,39.33537861823612,6.06416724553263,0
,196.7074554452269,9887.80904361391,6.793917247646096,281.9893094846351,408.1630595957587,16.121202184064558,83.22176855441221,4.517954768457219,0
7.2441393998090815,173.60067299159365,15041.017717789808,7.181624852423502,361.4458439837672,449.79891903927296,11.458016925601187,53.12391446431613,3.9014509161387676,1
,248.4985639179592,25356.153847141,7.521596246880657,,377.4479062606164,13.231044007563431,83.01636721133241,3.993974164808333,0
4.568534482799183,158.16346062769904,44368.65836742692,7.119595686904578,319.8193083078236,454.45530561996725,13.530048067017793,92.9545368588396,2.6840223542665216,0
,175.759426479417,34265.617585187865,2.7012417826484114,250.1329516822269,324.57431832534166,19.79175690828383,54.995055232066335,4.49728089198806,0
7.942037672524442,130.4445840792043,20517.507143387345,5.456369845174639,377.3756424157719,382.34033815053215,18.55572474266279,,3.599402004184389,0
6.346245367099554,204.80732592717524,19871.874252082463,5.794796651939063,337.18894452533465,455.135199764569,17.940531303083148,54.71932129900215,3.568281503629953,1
,188.879845008692,23551.113156674666,7.287732629596764,,475.3472191319702,19.888402476583252,69.9640538283127,3.3406316307898667,0
8.728130191190047,182.15568891871524,26133.130593548296,4.884782686306446,352.0423272975007,224.730962153934,10.365085854176275,60.45341313598669,4.987633928551631,0
7.23742688776004,195.66310611912502,19279.20470203821,5.711088401250326,268.29789403762834,309.39029364763144,15.044989425262191,52.45908228984707,3.8377475612682614,0
6.994423296400999,219.76825399506134,14973.33928697132,7.8908599293263935,345.0759544458827,599.1875695157115,11.662551804983435,96.81303951308416,4.676745292148627,0
,209.65771912306437,24264.320394956772,4.598541759453292,308.19812589682226,517.9040948583331,13.17976433072706,53.80452373393003,4.36630706913681,0
7.717034902818045,214.65234052891577,19812.618822726403,8.231160739755003,,449.02305337697067,13.728097742209705,49.47360020308238,3.4333087740877137,1
5.669180808005122,204.86674610181123,11960.895296777991,6.132958449905754,326.6598399419136,446.4462082814939,10.043033300634542,66.15230276261255,4.90988522077255,1
5.481514278180586,181.21640997908216,36754.05213731112,7.605298369490095,407.9743923371179,316.29091381074244,14.023675154321758,71.21068672587263,4.4565076650703785,0
6.417989853412301,181.11250861541018,17890.03765062799,7.028499264855209,,618.0911685786813,12.231803427490242,68.57636860343563,3.5985486311000177,1
4.566741036215971,227.2617166324924,17239.63851876105,5.938003266846541,350.279398897584,400.7213638392591,10.50113905120709,58.36271917448515,4.439531484869793,1
9.119365128136547,228.31499596942152,23564.051300789102,7.3391659375976435,376.42648564972296,389.71707290868176,16.322665162503593,75.93491665402115,3.254835584946116,1
6.281996683465592,198.89524726220552,22608.75790820371,10.442143117104768,325.51613787956785,289.2181040403971,12.989908790799381,73.83354151990048,5.129951331941644,0
,224.9213837173121,37881.533643906936,5.931424740171916,,395.45098401554367,16.272964232935234,70.30328795102706,3.6924499278969556,0
8.983040185915845,176.03227397818674,30791.61733761698,9.099609556230016,323.1317399169062,348.86503959098695,14.087062685185098,70.92383633175925,4.355191446579549,0
5.541578917569075,202.18400966341304,12311.122509395,4.769543309355347,343.7329871993966,533.3364110222246,13.655709708744848,92.30804766699508,3.520019561519791,1
,153.87473865512982,31284.003971875307,3.6504084056524246,421.513900825362,475.93198915292936,12.973418936631738,41.68017926926241,3.8800064541417774,1
8.620684480195372,147.57308951825922,27819.618103103618,7.826497637100982,299.0748224935823,374.69707469421246,14.521981734784015,48.4650316560897,4.676121889544482,0
9.030388384646889,125.12635682329446,26445.75336695922,7.1211781271898165,247.21940667444525,348.01732721404846,16.319383131014547,44.54459765114116,4.6852156521211965,0
4.161876820499024,203.51783662814165,10434.866723761548,7.142537382132179,320.2101308710222,454.24213393150563,11.311778639769479,81.4083763582656,4.44865115627597,1
6.927472790662889,177.68986680818392,22117.45572228186,6.504548448389938,357.3559691960676,344.5625810235996,17.12855371907709,69.09651676557993,3.3429043792211908,1
7.029890935166954,155.19367321898932,32627.17684651741,8.573216629933562,345.76392500031017,387.5104674738961,11.86013342227021,55.38004940272244,2.181722592990947,1
7.3626760996976515,176.87910343575686,17886.31083842589,6.683770444543245,306.3102046983953,436.7000190258999,13.761892554510935,,3.589556003967313,1
6.361675646585901,189.8109534241656,20462.04242665105,6.045059159513977,391.55254934464864,556.3292295643263,16.93595294707703,60.07535502043105,4.410057684294625,0
8.122728875968228,237.85269619411707,17756.901513750632,6.560221650502401,297.61934443831143,595.6093668910523,19.124920078828733,60.821874799731006,3.904459152373107,0
7.510523766292706,199.8537462180816,23726.966330770247,6.590600810945831,327.48022599317204,483.1145728436456,14.223318845083716,76.87268318094559,3.9079461103844704,1
3.0935515216672766,224.62812941109743,8032.431929537901,7.098480475242582,276.7523759602868,412.64835867983,20.441824835122997,84.93234577280651,3.858937434596655,0
6.136978069801327,250.3962979721121,14410.152489332688,7.773815074264594,305.718891610481,529.2485264636264,12.659969354713793,80.43676045371191,4.015002958811878,0
7.805498177372868,209.88745698736284,33097.87928532479,6.991130736176217,305.0232719086063,607.2873444388765,16.63518442781257,62.47754724133601,2.9461668745300145,1
6.403488072186379,223.29579994447099,18132.424196946868,5.053761769001081,406.4774362251367,493.1903073982368,9.805562949342189,100.68932101236257,4.1159481910553,0
5.712525256703713,216.14368327316961,320.0,6.770482628800766,332.33336545714945,517.6088015860423,10.877837472714688,84.0733781707047,3.2128725795463557,1
3.6318318434181287,229.84343450942762,21350.43000890525,7.172329587325612,323.7746777595636,520.2785584631108,14.691911573451048,70.70476690202884,4.640858857411658,0
,203.82049197919892,19412.34848364771,7.646283365112477,342.42278119682203,402.304353618431,16.96555511356471,57.253148866421434,4.210046601163122,1
8.515780388969539,139.90707142061288,25314.54072950973,5.13340028160611,330.0493331354151,345.8227082529506,20.21033755950997,70.56410780518996,5.474132678263019,0
9.161155390944629,183.80562997823608,37405.74439814977,3.481301529247787,343.9375584166244,364.2342872295764,17.223728835917882,64.9108130537843,5.799970617856676,0
9.03788409144922,166.38763168290802,17504.613824623317,7.249648485789845,270.6248287979794,468.30867997644214,13.09666495251304,70.23656891350221,4.4585816651326144,0
5.431362836732605,179.41518116995402,20752.796861625833,7.551545002700247,375.5448088542987,211.53399256565348,10.800894958409762,78.49292620744592,5.360126760987934,0
,208.19528659418484,13740.028954112066,8.230460838848684,370.936534400074,525.4933265562245,12.840349934829579,69.73939022375092,4.707711699552421,1
8.542358800985054,245.2927025353222,20714.891512546652,5.952866727122691,375.72817703459367,560.9813757639214,16.626605815998968,73.52977281566397,4.396743686226463,1
8.043180020876266,183.2318797501923,35165.772382540985,8.443913043590769,334.51952166975667,357.17390434055955,16.75623692183537,49.361128566482705,4.837895322041813,0
7.620305289360896,168.66485412819196,27166.171141184288,6.170030519903236,348.07753448704153,382.0529705811587,12.777082086314648,,3.992189621316201,0
,185.19703181343854,34142.766241369296,6.476310568330415,,297.2097691724082,11.339775285639744,82.12963632561511,2.1150916444906205,0
5.33960774720976,170.5799152067684,24434.481167514703,7.084361955843514,,507.3558436367175,13.678084632618534,41.42052966827204,3.8378323244502006,0
,193.26401522356977,16910.41761150892,8.08333370967723,354.01996711868316,435.40540116845233,11.996929792825002,93.74707196230605,4.478523274273479,1
8.778609949128125,170.85744558842586,24542.026570472837,8.234836362187043,366.04628687511945,425.5218312570631,19.578105419798632,57.815419899447676,3.51524213785812,1
7.452595558705805,241.74884870317345,21335.344321909004,7.4090428363690375,,447.3723800367321,8.56892812837232,63.170212812482774,3.955350875754782,1
7.007496741629583,218.7117322960641,20344.46014086535,5.751576617999497,,398.7286704981536,9.427948626855974,63.289477801959244,3.9873719320336805,1
7.495410851768825,231.31975587321352,31976.272630744024,6.4432033820316175,351.96970074088966,421.88297439418596,14.02827413818747,61.75908568181195,3.187699148041192,0
5.933232612241684,232.0782960668431,26848.300203084284,7.165534188611907,,426.98227079568215,13.062958757868696,,3.6233125708747957,1
6.775577088519593,134.39830756430325,27819.53011857074,8.21389236997493,294.4393024029911,402.17334752708,13.204829902857488,59.493795264175475,4.777260450234072,1
5.7210825130032,212.64413854027978,19672.2527376406,5.033114838441637,375.9662545169933,450.06787802742514,12.443034022217486,68.37173796503278,3.1638561951880253,1
8.342954364643404,155.68062647086882,22761.1615228102,6.460675149973873,254.8847710575071,295.7056716554226,11.85060629517658,55.52435648910466,3.956396994209828,1
6.416936161552715,189.22133617663567,26378.418531570664,9.948579394497372,324.9547384280856,471.2709812392688,13.852659357370245,,4.262311439668998,0
9.203907337685568,185.64877222598358,27220.398124193027,7.133489788835759,352.9101637760169,369.2388115473367,12.271476166883113,82.98983975925137,2.4044447942342098,1
7.772264481910695,150.30503705266565,15596.923670694065,6.032975695519054,357.2710939309737,435.5236352821426,20.174520577554397,111.13750067242057,3.221966212067356,0
7.38145570001651,251.65588440806874,26340.625195076256,9.71610302146366,380.8332653950886,487.98934980626814,16.079409259141347,66.36893115130357,3.332779445666536,0
7.585487553021457,203.48638224230015,35215.152568406935,8.302572483705852,,423.54859498472035,15.385284720735392,72.39834837715163,5.415077348116777,0
5.194596273007122,176.9430851720216,20854.664948756363,5.79737137991448,336.36757006696723,516.3442002300741,13.876432169722735,80.74463543796159,3.886455327807155,1
9.643048242218152,216.27343168899853,44505.50453724616,7.084845382163842,341.0631852047266,287.22051836925107,17.553900237610083,50.59029050828524,3.6417086274453676,1
7.762773693778161,199.86669650696496,15667.04578004222,6.492363264500297,,543.4186487806681,12.601439808053456,62.34908971771743,3.6424639092339373,1
6.6096517141566205,145.94129189785343,15594.307758730462,7.94382059951359,,519.6025360831374,10.152486580399271,65.65271199182564,3.4986181619611774,1
4.4408429921959485,237.73169712899855,32109.531370497898,7.372840750608555,,372.8090575091403,15.445771103729337,98.40122849843127,3.8424060485456786,0
6.032682579887999,190.50365899433496,16238.648007398566,7.375767770979837,336.81630491373096,354.4984178550254,13.377634281631344,62.22982774876012,3.5755644937024798,1
7.504525076496125,157.96800478416085,43128.58360015594,6.9988410508093475,351.68795657953467,341.42550646547136,15.836826388580526,68.34286004616779,2.1623814123299274,0
7.829514002015842,208.45931960175471,32980.95284406302,4.5855199954627235,356.611614546832,386.06689481212584,13.2376165914287,,3.259006978907208,0
4.658907797692809,220.86547361668127,29303.746663252758,5.354958843712981,300.65824543769645,423.6448206695271,15.756013775249574,84.41309645101309,5.525963617530215,0
7.1237117529766545,190.7905131585852,25034.057955873213,7.578604825979018,370.00000099093523,391.50594779541314,16.39138072323714,91.97281712360846,3.939855654093157,1
5.458886530666531,255.5341934637909,18478.463520612444,6.666168944390296,391.38202812169556,335.4204329063899,11.362861315128676,44.813370006593686,3.4385320023743664,1
,228.58550626102047,13640.089853353727,4.936601060889635,318.2304604512354,386.72595778086526,18.81857707370461,68.82295073966924,3.5871677253923613,0
8.598475997291303,228.1616021835175,24590.389905841424,7.277110720389631,,308.0992595056465,18.55069104328716,52.99998082295971,4.69671597624278,0
7.164940312975218,209.7521892226866,15345.17278788525,9.213870034812981,,424.88495882056844,13.134224888282537,56.54020174120541,4.958564622290633,1
6.865580076263327,225.32575107442105,19118.74821761645,9.37720931435065,284.43099337811054,454.277443950473,20.133032856378094,63.260670194744264,3.701522839754803,0
5.945364617191137,181.31494957559823,11621.740024776378,8.16202727121955,,391.90364773830015,6.929621294108868,61.537174420888356,2.4686052821814037,1
7.1684870480761775,210.07724323114311,7010.295700650224,5.016954896261298,335.2516501487361,376.1305241812432,20.633360286105102,32.16037832562805,3.7747243234814447,1
,175.29175367981205,18919.72439255366,5.629922078894241,251.37930772590693,564.5208393180676,20.37461023630503,12.720210425632715,3.6842341330670134,0
7.965805020512853,220.08142237683157,22299.296436583987,4.9626597283270755,269.2870049767308,281.20093320683736,12.29875140468308,38.81398377969937,2.713502539028405,0
7.237789874714395,200.09079473913852,31256.867131412095,4.546513911152383,335.2687922595818,395.9295419090739,13.250164767532967,52.32839263178596,4.026248930965479,1
8.028088411603935,209.45903481158678,16621.696934357016,8.495930134506521,370.0206703838279,549.7925636093632,19.21738771396456,38.755447217798874,4.516351750774449,1
6.773597482965674,198.121339116065,29966.1760607887,8.148670934008159,363.66012751328435,392.9591809274406,15.178810786090649,,4.894412074882068,0
8.029942290145666,170.36140847781422,26092.336304605342,10.136708938405059,,481.82032670828676,14.280948615512946,40.585457662553495,4.449025149093226,1
7.683380750921285,255.30736320400578,23237.73063780565,6.143390509735524,,363.3238580075227,13.179985078627363,63.165496143471096,3.226990458422602,0
5.565303150157096,193.2904821235982,13721.682712803553,6.487763709463494,345.3928225424684,446.4963563837314,16.59404073856839,58.074522091882784,5.035705320444665,0
,203.55104226298084,6611.996038522608,9.10194557681059,,359.3292110458213,13.633413048648574,73.68238052544655,2.852772331440556,1
6.560291517581001,185.8081371874044,21561.486819381957,6.894934129474264,319.11232260772715,336.8947444132345,15.526879877725108,75.48880406327412,5.285963717346661,1
6.000987852806616,201.93697103997397,22807.556298371033,8.328031519362863,426.54399459018936,400.74353451787687,13.610508364418891,60.62584394925883,3.8532439514736985,0
6.750559019099699,176.76570059911026,15211.959127503938,4.637575257037713,305.1435129593185,414.4053988998126,10.764597773993698,87.56763999237563,3.4001476875434484,1
10.26431970662087,150.74606041973175,24709.260156343487,6.310282480026151,350.32406784014137,370.5225702354074,12.910095353226607,35.86357176512119,4.555223409342484,0
5.5422633613071435,262.1681001029857,11425.284418660605,3.7937182701891468,284.6149706716535,386.57639539914385,13.060941077791075,78.66090903308913,2.94207746677279,0
3.9027744666527204,208.30363529194656,28549.268269741686,9.498353729319389,,329.12449614006147,12.299689868805233,63.323912658712544,4.210562427917754,0
7.432055342308991,179.2872212691995,26625.25053135694,7.647400205760404,291.15329481511577,423.09183365222816,14.4094491308475,75.31108264969544,4.481282221924286,1
6.629157345309032,194.09836596617973,14155.536652232957,7.557849697741442,383.8536456292661,424.50128885549844,18.313838738040374,70.86374686697816,3.7565726029016364,0
5.706303737772871,198.17406385728938,13147.224125134086,3.6917941631775344,,386.538557859668,19.28658633226436,41.29261830330762,2.735183355093793,0
7.2741489019207455,192.3100901725409,21187.93030699898,6.930761808244132,329.4235179643047,229.17508601511435,15.832553487496664,97.54558913828753,4.387100601790801,0
8.427667866302688,206.07156145769903,28483.95516702756,9.521301422268712,320.8350426918978,270.7039813433089,14.980926352069023,56.14327427680692,3.7186575083754034,1
9.172249810944635,183.51002356549628,19491.26519114947,7.062876373432609,363.52052841455617,467.0220803322663,17.42719818039807,55.039216798820696,3.1098143266929155,1
,208.0220546154953,20368.586593803553,9.517050906852626,221.14021127048355,347.8979983696051,14.126019625103325,59.06890964478123,3.893706872894073,1
7.432679832622972,182.31533668265996,32050.55694681868,5.877098764551164,390.77661939547187,422.22595377497635,15.790931418574049,61.310159911815305,4.507650494937197,0
6.331242323438655,197.22821070570436,19702.011680332038,7.741638199866424,,362.45923431738,12.230923699043123,57.53178113554593,4.477342497523423,1
6.133527602940208,169.36278795162025,21200.91568139617,7.839495168755941,368.12808196393433,384.66692420644586,19.501741203635802,61.98077179214835,4.7375636261478205,0
,224.7018369214908,13939.221710851893,8.613539370964288,347.4376133438224,318.23187461813154,11.585165739175535,68.6254945585394,2.427049911641957,1
8.623374568850759,160.31617898546904,27206.1230822618,7.408188474609194,354.4538855832908,324.54096184177894,9.239684533281963,78.16638788476786,3.275064775732978,1
9.1894191817631,186.12571945085358,19946.66604590175,6.670654407217636,,461.9141036928563,14.175090324480607,79.77431884440762,3.7351220874952458,0
6.536187305583276,206.0208104744246,18447.05528241677,5.89831093260275,286.9026861292209,407.22375677755116,13.866423388898546,58.97489513700382,4.577753706648373,1
5.374546996982884,185.1117014314181,13971.612727651067,10.283636459816915,305.4219031457172,477.5693084165962,20.630015253651635,64.87168316827231,3.0572157905654826,0
6.980193898028073,222.7873519305028,30713.107606261692,7.20635811407797,294.0909681152948,599.624434244982,9.84053493593765,,4.03801628306974,0
4.4409946543193675,186.41697823421748,25576.67487189799,6.472087110583633,259.4449758240189,371.4977333561326,13.473410848020457,76.50103808400121,4.662300510341956,0
8.804329284909826,246.28735856893755,37835.32527098408,8.737645512477702,321.30154106829247,537.34401475335,9.644225125570674,90.21062068871933,4.067852551272975,0
7.04731980215317,168.8533719854441,20047.404618442244,9.324310382088381,374.33719036904057,515.9185451862206,17.185835408189064,,3.807223884893777,0
7.691326236770703,185.66375132478956,8241.393160793434,6.2390111815397535,370.65517134519257,487.4099218381567,14.353095505092059,71.87074164365744,3.2306202466237797,1
6.358786151201372,170.347490374059,19047.329894198436,6.179972947785272,301.90628500540913,572.6586663303659,14.148767352937746,,4.274879696594778,0
7.3360732703600275,128.77357302985934,11905.030546924676,8.017025331792581,323.239882356135,408.33988006928064,16.806807494526588,83.36199910984254,3.2619246271710267,1
6.30051428224406,196.94175955581304,16728.4230790513,6.725545582294977,,421.8522741944168,14.895375590387607,44.87098317927064,4.5210326816571165,0
6.403387701407687,192.07282843555325,25293.09157512224,5.327635577922463,268.11705000480976,419.54485804191165,13.96868082588498,62.2244472531453,3.466139123360604,0
7.075695775913063,161.27502045714198,31539.071343518568,7.713194029567845,,311.3501188531274,9.985428372337083,52.46810806376683,2.92489080676883,1
7.919773776746982,174.59803451307138,18108.786583087895,8.091532516701513,,483.20566484372205,14.788659916296112,,4.8379762346196475,0
5.732755439965553,218.02803051663,34310.5699997739,6.381544214975142,335.44067496161875,470.2480457715255,11.799083604163549,81.01670546833093,5.198143473578292,0
7.702511952152996,198.18217729160514,12321.94852672949,5.200653982188542,331.2152805590864,370.6673741583196,5.480814766425917,,2.976631069065591,1
6.2317367327932915,201.4439820056131,33532.510291275285,5.969825782791598,,566.2903674397904,14.695206106448245,,3.7522365751320863,0
8.666069488026636,155.65486351217942,27934.740920367236,5.088096375949647,,383.71073523619987,10.964874548843062,90.40127224562184,4.771920934217189,0
6.203526996120095,174.31189987926408,29808.28148162672,6.104990168732083,365.0098190786238,276.4268145872808,22.68337726536773,83.51088820021349,4.74007466910309,0
,182.54725989824013,16409.95559676499,7.92002755381764,295.55630225834545,305.03925778568816,10.14129106027602,74.8510257567529,4.833332347098349,1
,216.1544597681453,36900.27328818694,8.114669140076982,304.45789186417556,392.95145997840496,8.15793865769279,54.47607121399375,3.7754713483165308,1
7.991437763506966,202.0595150545391,21944.395733518195,6.792189272287331,,377.2132808939733,12.827806056044741,52.4856779178506,3.0532056242105754,1
9.319814160393161,196.69523023287803,11264.299385251843,6.563867755907195,331.1889678744289,529.5912793400734,15.705380036768979,73.49389798351784,3.149054197255126,1
6.777084826024277,205.21131520918212,28561.447247782522,8.980921847212274,314.35125527857303,448.39360288883773,17.24209715475829,84.05226833459787,3.3219946779472562,0
6.425837456784893,183.95205144337714,13648.601078869538,6.418592996839097,,315.3886016274447,18.267295577402077,82.02776166410568,4.394179810984004,0
,174.28944401621132,33727.53086843284,6.945850940214663,359.54242574693137,485.53455013234327,16.346165708472853,65.97317824036483,3.9589660084028626,1
,212.79561677256967,32923.604781310285,6.593577978413861,,344.9931039154142,7.347282983093713,74.59530821036367,3.3680155448411266,0
5.215503786376982,175.00474421410502,6023.8668375438065,5.986832183046847,336.5989133722115,441.7361448882914,11.164244451159071,87.83122593565594,4.200895486187985,0
4.963391108296333,213.97000107901042,11296.057385626535,7.888703543597518,295.455025319496,496.64788205597483,15.936515795053811,57.32765236256671,3.296122017324396,0
4.87824890842432,187.25918375323363,21177.055106619384,6.37556094518421,344.5967021935075,333.04710954747736,12.255410732904704,73.96370174581975,3.7069360598194527,0
7.015313727630375,206.12555678132992,5717.966549751594,6.527043521474922,,325.65363287666594,13.901178455589934,56.78388981972816,2.974942886034307,1
7.854617223007044,230.2590605742966,10309.781506470055,13.1,346.8206356327405,436.57910561217545,13.623970824620564,65.24478301579168,5.789251886025564,0
7.448085963024261,235.82269194746752,21633.53888467334,7.192017595704581,,476.7597476749215,3.461429504225725,22.904784346182232,2.9789954895073656,0
4.996473593471824,261.8279710497296,33414.67055961481,7.101625567524585,279.70671190083624,399.8953444750186,12.448761002063485,53.174583766961376,4.243259205300223,0
7.771981248960669,185.1060522886248,8638.16708001063,8.86098458453342,336.3051882371164,453.30473042603217,15.598383284868916,87.50027827871988,2.886596016664196,1
,188.79468015711137,31439.6182814064,4.46023224786526,263.8097134460135,362.24805513422075,15.555349562905196,60.69118143619894,3.1788833154183265,0
7.28550409403715,226.7246299582505,17352.55008371797,6.793686771955845,298.3500232040216,280.3730759886083,16.361911913160757,62.19748372784315,3.3324683047027666,0
7.593373288288948,149.3783541109764,30756.263487586068,7.8391184443585225,428.724545959777,426.02949103452585,19.884908835123134,32.39399162746477,4.9380921516133975,1
,206.52480533902434,13764.839016363036,7.14284968502424,,408.3443519367943,15.267391729410111,94.13645485840219,2.406234224965165,1
6.137099631228331,195.93803319267454,26197.242918836946,7.353644017441043,367.66604610581237,286.160550514851,13.92887085214798,86.03498469750514,5.013365570460912,0
5.521899917345662,191.7047359601342,11892.516728474975,4.933898254614172,350.6588677817773,548.6809228994784,9.551000614487787,62.784225106175526,3.6742927617073913,0
8.221391404453048,172.45594530845153,15432.263571302341,2.692406764563917,332.16119606104036,413.12501349179865,14.650261344109369,89.60979613503652,3.831488532431577,0
4.1321259446459955,216.31117303538207,37194.147417728214,6.779622006057052,289.7058458321675,496.29962420084667,11.523298004643113,88.50609825734719,4.534894437680028,0
,143.31084161192075,14294.091980882293,6.042243059964482,365.1614816138917,485.32667350726723,9.886584015761574,57.93761360034118,4.09727886184311,0
8.132075040395394,224.66305805018976,31395.824469879175,4.803628069009116,348.38188405186577,420.5326227658293,16.46865602735806,77.36551677155778,3.527948431589217,0
5.316641384007767,218.07422926530262,18400.682385449963,8.357698980979563,267.76622204758837,713.5321273544894,9.696198428389266,45.740899872401044,4.5923613800322824,0
,217.97745708604302,22770.78211774239,4.2715195263940196,292.560873895534,662.9945545771129,16.81271239577999,50.09441638358054,5.379195469792419,0
,152.15798471683664,10656.271900771775,6.038094837590357,333.0462847677891,449.3796925452035,11.72150074137432,,4.347749004522237,1
5.990505965486153,167.75799087720105,12862.037045705267,9.667038920630164,385.01636095272704,440.5992862198241,12.57155045400424,62.50131118087065,3.730680602401936,1
,228.01977128994022,9343.000514068848,7.177950765491663,321.21144451510355,538.936249595902,12.582322713156033,94.90459126287833,3.93571052667927,0
7.680412428345383,176.25229830185052,23594.263772841896,8.537756347431657,288.54235182470154,274.87180735922567,18.36544298950623,65.06338615352482,3.1622393945692755,0
10.073363374567318,176.87873326058235,16136.370413188302,6.375513363476134,298.40666977363776,535.9299526952561,16.52074446970576,70.74937765160014,2.4097752016505254,0
,218.9966186911795,15538.05724156612,7.619631428594895,,410.2786805913957,15.125569792016702,60.4947769474517,3.419983203630629,1
3.8126760527338432,216.79491664714556,8023.687896013253,10.210406753508957,,393.52660750061955,13.964176496702514,97.93164135379114,3.8832538750962,0
8.386662449455176,162.4951377566015,28000.346517573482,7.353197500033414,304.4345997385335,520.3573114935729,19.02000259165122,90.35078942619711,4.465597503868715,0
9.929966236669554,235.41872502541733,10138.764772280198,7.870355130003464,,451.9715981892885,19.576266654582206,74.26255208576848,4.741327306424738,0
5.108462963416002,200.21770535925458,30018.248987456558,9.66686943463922,362.0735156844324,462.4475126678854,16.737843117302532,86.71164671041127,3.738754480851122,1
6.470917449864533,169.54866588353585,15261.888753245223,5.447887547294267,362.62344338226137,499.6097414814056,12.212945885323341,48.130785087629924,4.623612746863905,1
6.676993746176639,191.00580128925012,40302.35490033502,7.693313469917524,348.1528092538434,452.0067848045195,18.71480295634396,85.85620338216714,4.586689707299517,0
4.8866577284190615,198.0817343476845,10476.67210067567,6.059082015280651,383.3262154196098,436.99719208314434,15.107284871269496,82.27805930831767,3.06751431709957,0
8.326368027214734,245.36351422160564,20579.105013148994,6.808012226882257,337.16987089927477,463.90308344466746,15.268687677882987,74.46907891286412,4.2903439362287354,1
4.467677275142819,253.8270181463457,6913.107438214602,4.586837797475889,281.6238524034739,490.9717603016971,12.628518784800248,69.47065616762791,4.552608928342023,0
7.299584902575012,209.44522892973916,7767.715997914382,6.568626511638681,284.68740634861376,449.325497599935,5.885972518243564,96.94305004134569,3.7476043596671778,1
7.042889033848648,239.43709774870786,29874.972555674285,6.995662602536353,,499.3982848998649,16.792247592519733,55.94788616897262,3.6339793253832267,1
8.553887739922605,217.7654329751639,11886.543005890002,5.308241372896889,281.96276846179063,487.2742061856044,18.142620532753647,48.75285063517587,3.956589398382488,1
6.240584981152036,148.47655507897082,36363.679041483876,9.097656340500446,309.46142976544127,407.03035959537374,15.978729649948006,73.45997137968034,4.188691394346161,0
7.218171785850475,180.52114932435785,24156.28646108803,5.67592144613489,301.9038612623669,379.34540851230975,16.059956448609697,59.247957251649034,4.53232852016683,0
6.940230998939459,212.4719130522714,24820.056476497906,7.94128405460242,380.17401127675214,532.6235322760983,23.060866099109788,57.968373564572516,4.553443766528403,0
7.146766253386126,162.37565495662898,23716.239586109277,6.28326076384989,378.3268969285785,362.3691929860735,15.226789662128743,49.076777394166534,2.8055596821923063,1
8.85416082654457,153.4222000208926,11554.991637639114,9.10398886838154,272.18674740528604,289.55221760324366,21.729254319903767,52.67428999069793,3.4689137219145914,1
6.812221826682393,298.092894430347,18269.539267924385,6.378103222200444,297.06137299651596,356.4841756619408,7.234330275833063,88.39125759232903,4.652757007810655,0
5.1206477858413795,206.81622528214632,20828.556772257343,5.310019677606354,,566.4439467118382,15.83385201741752,,3.615092316188094,0
6.093104418187256,231.91937412534034,16286.851636124882,6.54208121055014,345.1409773777582,453.74239263046985,16.569938533105226,45.74185678122287,3.7347841754849234,1
7.20883521770828,231.62145586486324,17040.705013601204,8.111052678865462,,528.9589136566561,18.010908211880558,81.08488047187893,4.046733200522232,1
5.425743675601441,181.9994833474642,28711.610008437692,7.317429167592072,343.87195316379706,464.36621728048004,9.814490656477883,76.35128346927564,5.398952304584176,1
9.447368148063283,191.7525175585477,9915.194002517446,4.304570193194298,281.87196318387885,529.6936994912536,16.349138945836117,79.74866176158703,4.075171854172569,0
10.215268096895894,131.40168055496076,36582.06261773668,4.829371354462443,361.8498367812855,597.9662342943637,15.501486928967857,80.42051312805737,4.027963287004805,0
8.032707879829509,196.56061951318858,21343.25860934153,8.46104827288493,309.71181096349693,448.54076439482577,12.075713025754458,78.38384095535521,3.289605583866189,1
8.059907207711582,198.81521757582857,20978.514193094063,6.945043859235568,382.0612444469781,355.70602109562424,13.739858772725714,66.85365784589942,3.6101900060419143,1
5.121594927594707,265.5406177500155,24416.933595530387,7.273393608236388,,373.97587341486343,11.675870414753687,69.27079443814847,3.2855466893219702,0
6.635053048617579,210.35078917650657,10900.255190885193,6.873425991633715,,396.52743097639717,12.581129614283078,79.06937670940795,4.582339523298309,0
6.541687403232235,236.10791474026786,34320.934393281656,11.232215351709963,287.84825743699736,475.8662702621747,8.10433818373414,,4.3313827779856675,0
7.232688660518978,192.04856419958764,25141.773946875765,7.1654553377844845,298.53029160484294,352.1897694279829,17.546923073405452,67.83568150334607,3.6934506063723482,0
7.498968861546619,194.4708843761789,35085.177281980796,6.3055645958716315,358.55874207732643,474.7976225142915,16.498061540083565,79.70033136216288,4.003355418520599,0
10.589196709203655,235.05338003412294,28749.95696933801,5.77412136110412,295.64999705818605,405.5238528988792,13.57598617814974,69.40731277423254,4.702721292163356,1
7.327756781339927,255.69720512128143,29277.2713156969,8.683923572267561,365.79794770884484,291.8375768598433,17.016832750226328,53.338133861674464,3.9910235186752137,0
7.224127760242919,192.2350256753557,12532.396084631697,8.147044933398115,343.3207549962939,324.78400522425653,17.053371904307472,84.93136746611694,5.260976687300961,1
5.2107592096660476,160.17729236153133,18198.014054937434,8.114038209681619,,393.1254030763489,13.257243130515928,49.93850149117249,5.302465193017627,0
,173.30780685263565,17713.142406908206,8.995234840004114,,309.3984569711492,14.142866034519857,49.476172946400034,3.8395660573629455,1
7.631686770152147,204.28666940301454,29072.82729382442,7.875604162954413,,548.964190975534,13.647959769942325,65.62695000375544,3.1311715674333005,1
8.791393722849804,188.4112712772365,27140.668003456532,7.138488858099318,352.44012004536927,434.82308806714104,13.895900438891942,85.19619093574272,4.927722332411261,0
,211.07501401954585,17237.86319358186,9.66816759412653,,435.05800276508654,10.052292375680906,82.9833156591809,3.9106528787016037,0
6.256652913292741,226.22018840841315,30747.347261476792,7.36323310156454,359.3318521596673,406.08570854224126,15.053071537602008,71.54240033078258,3.1885074003640415,0
8.61541709678529,232.5983413184299,14919.163679339896,5.27376425890918,363.3043583406432,343.1215005098527,13.954580940497472,56.864929570887355,5.119417282356512,0
7.25739038374162,178.4478644450312,34301.64812802797,10.324362274054339,,518.8802485432612,11.868640039461123,95.4074398746469,4.999197111159674,1
6.522964584167417,264.05024556152324,31072.360032511242,6.977150063658259,308.47522218362593,390.042557860248,14.229317397101656,61.060010731020725,3.12998360843034,1
6.648824322729774,149.758839230624,32124.44044283707,7.183577801479896,325.00913271167667,501.4846973222143,11.146361713156827,44.30391427901593,3.7373112150158008,0
,210.03821079050584,19633.46072316609,9.180505984430784,398.9959175590064,312.6970588346046,8.216859597233661,47.509899373665235,5.720329348712934,0
6.488749421142828,263.4333860914681,3245.826898913885,4.669610194172448,309.42247491304175,429.4590894650092,13.733663640005592,70.74252493225514,3.269390064427051,0
,162.40091433344156,33262.505058587354,9.858041659362746,360.7597646556904,379.71772051108655,17.354325664366392,82.58295753087772,5.321216978795738,1
4.118898466668417,221.5396441972302,21647.840624619203,8.625234069977788,290.82534169213966,400.3228588052031,14.913335148148139,82.30764627702744,3.769316011725175,0
6.246038384900619,221.8511027365425,13798.784950828349,8.804935676434024,,329.10836096540095,11.393773428303584,72.64091680337144,4.482313380149414,0
5.104239929305161,222.61528725197036,18578.7116505956,7.292057910329799,390.8360728045697,517.3218692402736,13.910510250638824,,3.911677225712027,1
,241.8679533196521,14300.943325203403,5.434986274181007,280.4924314404052,418.88232585110853,16.754074885101154,,4.984001184262331,1
9.58731472095689,165.17997779975127,12336.47015438658,7.808382622840077,,373.0530171293173,11.15541209921728,38.13542170376982,4.5615100140480065,0
9.253234571028946,202.5154261126679,7681.687988537897,7.459217613659204,299.70152288899556,431.7708475977746,8.002780226577439,42.93014995578121,5.46580308486412,1
9.563067171349571,158.58522526675898,24805.215215864115,5.252835367826799,286.93454406935246,517.8706781038857,14.342063200539558,75.45739061429225,2.7190154507283566,0
5.713757112012593,183.83935478109052,19512.03348509826,8.34590784133446,401.3073121614234,486.7944390452667,10.463971154347178,65.67835160142664,3.491143481152268,0
6.3057986756191795,187.01361148780526,31330.64583251968,7.9357770706330495,325.3996517305841,332.998927687138,12.246385076162746,57.62293328428562,4.295073136851857,1
,222.7789838955669,11148.003382227203,7.134849878685347,340.7315168927267,375.0482471818999,17.498089994933135,82.4174505367337,3.685791597084455,1
5.255774556661999,179.3340998378648,20077.062164246974,5.370501771837112,358.24319565289295,528.2980702357255,10.613929903909474,40.530329049688575,3.9229876590662185,0
7.45267062705328,166.31550953162994,20562.73527769067,9.455125287276891,290.67877868108735,395.59444891361454,13.521021148916008,66.93601034643801,5.09200085761907,0
6.807775496042056,220.48820399783182,28522.99712590984,8.120167687529786,360.32404485134487,595.9078707276688,13.640671792319148,121.02643179105186,4.56057691973565,0
8.026052268615,245.0425008250712,31247.833957202012,8.46180680279888,313.8065805071943,341.79810662247496,11.381979353843253,66.08491652620395,4.477224748976422,0
6.498111140820043,234.72025026536107,21625.093694232557,5.113716480604269,308.8375187491573,326.3074757928108,16.71013033848802,60.74184205256925,4.662818333644966,0
6.346956793808884,218.7152394915464,19990.561627938434,8.941382108361452,331.14697674750636,304.21714406063995,11.030699672596192,71.44406471674111,4.316438669192369,0
9.364370248973133,145.8535538765971,2397.6520093782055,6.412525319711315,,318.66806894309093,18.735272095769357,48.472458814523925,3.7734664723472053,0
8.368471477022842,156.8328711830411,24516.080150552945,6.878375070484296,360.1515010815369,461.59642961551884,11.233235980394689,40.50161001487521,4.69221457359266,1
,265.6556480111386,12318.332616978536,8.013288018077624,349.9373420733947,437.7700116064756,12.257161245350682,57.40205805534448,3.659817423167059,0
6.271852987159884,136.5798038201423,14661.79236662823,5.657034988889842,414.02302302481934,511.4033726408424,13.934185790726099,55.68246916822252,3.471875080170166,1
9.899993866609542,143.68738736178463,20556.092872872254,5.510407958812526,383.0175312996544,422.83340512222253,14.617117277666091,73.40401216263056,2.692163076740295,0
7.304419776470864,228.36140526309617,36685.74265630962,7.067019542574443,333.0223969650324,408.64276271664176,15.63259019484585,68.10201230504545,3.7336992350153695,1
5.956627713629764,178.4545280969106,42377.253941024115,6.189627881628823,325.1106461445486,479.0392440350281,14.435796244997675,82.7360352606307,3.0078093736778486,1
8.22808490576455,149.7923310258596,33501.348041845464,6.399319841665,353.01319581154377,508.91615386159015,16.456993361034108,47.59082002872465,4.098998599031993,1
7.677657859811115,199.3864438913268,24825.791521300987,5.531557801502787,330.781786063534,386.7009663650954,19.222605458902425,73.0782322508238,4.407550484331036,1
7.673495982581064,176.85843400093566,18298.00773838452,6.681259977937431,,416.6633854844852,12.54490645560182,84.42446161672626,3.567020863609256,1
8.505313043270663,169.92846098328462,37686.58240403873,4.315005735768258,362.4135291756213,294.35590058779763,14.200221947110967,36.15969778541475,3.7240029586757575,0
6.6216305281905,170.06553913203606,29087.4385273978,7.141772559466487,272.215352645898,384.9122695456434,19.078494701368083,38.49452736182717,3.6062453987702243,0
6.885890051734687,171.820893310407,16573.858730505915,7.32721638027822,308.87043351820853,457.4496759012438,15.715193851252062,69.92109691757905,3.7255577536171387,1
,134.3699303737127,38209.31233140615,7.140083613333542,347.88804845148263,502.75677961675376,12.101270202872573,68.62532728195802,3.774099914149971,1
4.914066655187234,200.09834133154447,35450.25837106079,7.57307595413045,321.16819252936847,411.7768907350079,15.171136747816929,87.78152504264683,3.8539694471851695,1
9.000991919947872,166.56035353772995,14784.877392896286,2.901802928983696,346.07827696090885,396.5548810752815,15.017263954623454,60.159679402880876,3.650108713053962,0
9.759204917232202,189.7926664628073,17266.094064117297,5.084636018787515,405.08897072308366,435.33899730001036,9.62601522073407,,3.7621938646737094,0
5.667023077541255,135.99018203590356,27610.415655611545,8.517104695562393,340.50736119752474,459.1764274091587,8.814969456914447,79.57812167513123,2.30207554782888,0
6.475394043008176,225.81210901932417,19091.06377191516,6.06317207824328,,451.10066981490627,17.24498926373164,62.85938289514052,4.1592271381928665,1
,97.5303605330595,21370.56850839441,5.346252834997189,331.6064613920204,576.5414276605402,16.659350281968933,81.62263621561371,3.7602836774275765,0
8.832142864338802,187.36784718482332,8062.931296260058,7.2608427134590965,282.3496268966853,358.4615085760689,14.479591106059496,56.71648021171549,3.690129920363214,0
7.797641841843981,229.67151537869336,27226.098521939846,8.817249959975438,232.97893375677285,462.8741687255854,16.466016454309944,56.00628783083589,3.1452479367828925,0
3.403504156268814,160.42307594538107,8842.649021915397,6.065634455978918,336.4335144909353,325.7133058489411,9.524588282307022,81.59438866230697,3.9783487893175233,0
7.363031308897988,256.6975746212279,18996.73605145594,8.10621749609444,310.4540316282722,466.29544748316044,11.893314976852627,59.29179034830437,3.247544769916284,1
7.1369939177536175,180.8745050963315,17013.416216460697,5.929055036695681,250.77694915680783,428.94038247070705,10.970610403850348,60.07431231914293,4.34815525162764,1
7.026145725662536,214.68348605580812,20725.945447167935,7.923478013798511,322.99921106086856,459.28113974933405,15.902793573566823,,3.6668543999069665,1
8.664007625041009,192.20229837484902,26243.68042382778,4.769833742563341,,400.69262258844236,10.236511422258333,61.34762287784666,4.887710881178189,0
8.427409765860917,190.81214618652746,5993.527257218948,5.3117901545311295,,505.673011613835,12.244287532978129,55.7435295697025,3.9101725338475193,1
8.966563559515379,193.3627044050169,17915.171246180813,7.425216587202779,380.6079393599001,444.10803635997405,13.341290011511575,106.16658599398889,4.55336735245302,0
6.511100907495277,202.37457665449168,13132.986216410562,10.30517493357369,389.009765658476,462.3827458702603,15.574513942617294,57.27056863188888,4.2143539179841145,1
4.563013308595975,110.61096049312066,19467.376380632108,6.854249375961339,,272.25175807673395,17.58641799615214,59.93877663470773,4.411199819139494,0
,264.8693426727953,8874.381594946677,7.928918072347622,426.0160936925796,460.0200421345496,24.26301628302401,56.72691133831382,3.1916040992288717,0
8.8944322542519,176.62347292937815,20133.321221045648,5.228502858174949,361.95463882698095,461.4119525923743,20.233632499881928,64.15323376427304,3.731072372184196,1
6.446227512996987,181.14764875961617,32671.83853465471,8.301038509729379,,429.836717527837,12.396164996537061,75.57212349655518,3.7715023464972606,1
5.141497669112613,248.78827996244814,14212.524346265545,6.099816216351167,301.63251269247957,504.74237504166194,15.5048104155657,59.94073179472407,3.9387047183744515,0
7.606028930323152,228.79301150238092,25531.723872876275,7.249670321119304,,521.83169426879,15.316984598354022,71.15016611826728,4.6946501997523,1
5.577462215749124,154.4790138268589,28383.606134640842,6.467629792201551,394.81478437822375,481.30583794907,19.032190602952912,46.81077429250443,3.277038076015808,0
6.549915327243403,117.01905667155356,29164.94459688148,9.107377709301591,382.53972638048424,395.8833366072038,15.769196112323387,84.75102346326481,4.807700986422598,0
,260.5365818788767,18316.472680439678,8.259709319558656,,465.24569352008916,7.2365867114796325,91.31738787998924,4.866350735536294,0
,209.1321230015201,22787.763282157826,7.85650777756423,359.25024368152543,628.8591960743627,9.61479639875391,93.67332672801965,4.19712405394706,0
,220.57906264469733,28571.828565724285,7.327399310869829,389.92705507592035,426.25643131919696,10.872401107459368,86.71376833143798,3.228402463252593,0
5.03591269911829,208.03504318714664,24205.597777322168,6.211879625283556,324.3522546534347,499.7660241567998,11.954875362883001,62.41733518564138,4.149680585550812,0
8.48590600570338,217.58187164006046,37537.48721988282,5.498293233468144,353.59713431307847,384.3637599702521,14.025421799657126,82.82164119819457,3.5483193121062997,0
7.17852602758998,201.8118915943245,11365.52853968392,5.659054908974736,318.7259895799901,563.8706682684699,15.451265743982985,86.55992210181218,4.426182231459814,1
8.150404423413452,206.98224699476046,18158.043103427783,5.769338354199852,328.24826369258983,495.2026445426507,8.300447729812243,83.6775145174341,3.0695460756931907,0
7.145694837642797,233.8544563258603,16431.627377005265,7.317224944021308,291.9828556947217,515.7958018215484,15.285561116916481,59.36328151650755,4.796753095784727,1
8.829024673003062,176.19928680507525,11165.24509496409,4.986526859689468,199.42971575383015,484.516408093098,7.295461937634526,71.01291380590692,4.57192311795282,0
8.869166829601681,169.84027087438247,10169.737913668148,8.71259573847044,301.3085678582397,636.9698862765653,13.312616959933226,62.291899527947734,3.559098469998069,1
5.676999027148051,207.0758100641587,10833.451434553757,6.6194551836994036,342.25943415006407,481.4152454502724,17.869958463120756,98.96946179521893,4.210961942083562,0
6.8783567479562615,201.36921918432458,28674.97892773866,6.274592700376556,331.58929309857956,416.5848868328399,13.580459109541678,67.18424112472387,3.7793156333551465,0
6.468799453913221,145.77797622863392,16835.883301611502,8.924605932059784,315.0945616671967,522.0146573977925,11.260806602781832,88.19860781177259,6.012353154127349,0
7.780521031148029,150.42546659870567,27184.574152247216,2.766948342221357,360.92268530752904,342.4011995840177,7.980242421879518,109.43050208367984,3.3308107507060933,0
4.776401851125884,235.39945018707368,31147.555103761362,6.297659773015619,303.8606555788456,420.8090878911565,11.056398275148226,83.06154358911894,4.638848436996187,0
6.577599936454548,244.05021497194258,12382.665390731778,5.817844961184705,,501.6590031232788,13.053105948036151,65.51053277426794,3.3138794623484404,1
8.223841854061865,208.23107504552289,26307.064390779084,9.499041715170097,,481.1459146631967,17.86751720860442,62.6581265503359,4.223686077402106,1
7.235316710013063,169.84258021555493,21150.221787103575,8.389301442890934,,239.43367310520162,15.301182165568848,103.65062804967766,3.822997340845922,1
7.81997333512316,155.700374648047,23182.347090287836,7.15039201293255,283.5132703584434,324.87514280422164,12.385417777901761,79.58793181073807,4.784029488679101,1
8.293240993327895,167.97411856139004,5365.9365789004805,4.870802107384637,331.9774389337853,379.13635734313976,8.47774305096253,58.56700571879309,2.949336273660111,0
6.886534565866657,189.71022252300054,33172.79630033375,4.062890286092226,,429.08457144944066,11.86140856562691,,3.002700043500302,0
7.290040375495812,174.22008952504558,23812.989788958224,7.058191387612386,,452.5603481422145,16.388971436624427,39.89876329951397,3.6842593876571113,0
,242.7876733087,12353.233984261247,6.3706599304531535,,313.89061372371043,12.205630089761073,64.16034944256009,4.253539313593089,0
7.625939287500284,203.78331555381115,36192.20868861688,6.476286958334291,355.92493892397675,524.9170181694415,20.0198197765119,63.94779505256082,3.4863659028354372,0
3.613815607803706,262.212851649665,16347.781478728899,6.324448212874001,320.9565104451885,455.5100014689186,18.598922782839047,84.564345672512,2.8721636763643676,0
6.3572526676151755,211.65428539249962,25105.266899488815,5.294881590574504,357.70065611798185,348.73653039552795,12.957166970414896,51.18270683733512,4.803212833669614,0
4.228009677251833,113.06072137280661,15207.510984194943,8.874185840623262,292.5424804549168,391.6821261648255,13.597755527638393,90.9411734573556,2.7883160929707165,0
9.466124327537107,135.61217172442414,27586.359954842646,8.518702216887842,361.45488399829657,380.89276618696215,23.248709453628273,89.86973585835923,3.754885637423055,1
7.002909617961562,182.5968359287047,31087.61348384742,6.418130821245601,314.81439471306163,553.8069893414653,21.77285881197554,67.33358879358971,4.683765220171496,1
6.5519862905766795,205.56867835239686,18673.88803602883,5.759070413084748,,339.91498128808695,14.738935701665037,70.1260750944376,5.048410041858183,0
6.196689995736449,203.23405006909695,11935.947473748824,8.317965698344278,,339.550686300131,15.009865560270107,64.82287566434287,3.680008095283107,1
7.569611882660809,159.104548555472,26553.688343561804,7.028681520858924,301.11760045697093,342.1680292164424,10.83273646590738,,4.205699713196964,1
4.868457874117428,247.88592746005475,24089.887160775455,8.159072763560872,,481.81802161389606,14.442289780523769,48.04899609647607,4.0175533959565435,0
,171.53627754043845,4307.745870747087,6.73496792323166,298.0559956651463,450.11783121329705,10.858676338793266,73.73151080752314,3.3608977635979453,0
6.296699448192507,193.0424816157611,34484.792558656874,9.85227601442156,264.7376399103729,395.8085518978583,13.13212461226932,39.60695597417955,4.714892362292181,0
7.2350286047226815,168.48231150514965,17676.396135690004,7.017156116098443,338.95977747095264,359.0027646992242,17.779230323938716,41.3983691523834,2.914317386678381,1
8.037568836156117,199.29254811083985,10309.34488627644,7.588737563249416,301.9819434378078,492.4050280196837,13.276610210218688,76.00151686432888,2.22596147844956,1
6.569627420370362,198.52031693137545,33218.292611897836,6.252038952389524,348.48589613455874,349.0606144685727,14.049541523924375,85.38211002341559,3.2277898507044007,0
,161.62867852166966,34276.96985682812,6.333981274974508,416.3987501492421,551.6890084576412,17.13664820616369,67.73730458982948,3.149993195368091,0
4.231983437380845,172.38544762799813,33422.23027800456,5.330330786852818,333.01318681777735,460.57007997115,10.16694460471918,33.82056564893927,3.569555364282719,0
8.972998049485456,197.3431371268123,20526.804230329755,9.897756562394177,263.4830137305475,354.8623543253133,19.335069496255933,60.10453252764904,5.168258980407065,0
,240.7059942567642,13568.015640785401,5.239098744799909,325.89560059716405,431.1431846442884,18.91221418877488,75.3390343857146,3.9321237899872377,0
7.909363341508719,212.1651939311239,36573.5876989245,7.530047826982241,,406.9918536872665,12.194477257276624,43.13205830632748,4.05368816972637,1
7.071634236169825,209.67702040650107,20606.606959783276,7.62561050653915,280.59607436582013,399.9458547713062,16.193769396279542,54.83492305069653,3.9955028132523953,1
9.53069471370756,209.15609843630028,23740.247917836747,6.459966148203762,396.5226897353523,515.7816925592126,12.291152597707995,64.66421812893721,4.1880171918366225,1
5.103333999641693,183.49746174093204,13431.679853987574,7.950256790148893,,421.9377835397792,11.083106328408771,50.046347757275655,3.49019969750312,1
7.3135452536032295,185.17099688070118,38307.79882960113,8.444433547557864,362.02123756653225,563.8724361413391,13.847197752113049,73.25177897852124,3.336859097439405,1
,285.9453646415012,11466.809301759185,6.814524788335887,416.7896639209779,419.4886226489967,16.397512335293182,82.49387386769257,3.8131248190616738,0
4.19211411535594,218.04582384317544,19175.162524387866,10.737747662010172,357.28591061126383,347.5966417204799,16.523039754257606,38.05770993388418,4.309582653504772,1
9.585012945843253,225.55618059042297,24091.338741831758,8.58300835546045,374.4461840523625,401.0633669086881,8.676201512430211,80.50187315868176,5.086324332669869,0
7.3673973553769505,220.5010918556871,19546.12604117105,7.478146339198886,270.76050635117457,444.6922168702989,12.473888749516037,67.26342023352142,5.278126575664107,1
8.561359617252776,193.57076814830458,11429.516003715424,4.013598196266964,293.2360565324402,181.0,11.808234067138494,75.48885264986313,4.734150441243538,0
,193.6486656463454,18746.493433686963,8.481784293539645,,402.2445476434448,9.50122059782084,51.1760678428417,4.534061799441406,1
,190.72107189844667,10214.99444795965,7.775284928971765,409.4027214986679,506.0525611137937,20.216394177149034,80.64299508419982,4.897485341365534,0
9.582247539779715,283.7054791071258,28221.57661468639,5.189663834663018,393.7376231092487,411.051356081591,15.848624464590849,88.54435829926732,2.742967434829172,0
10.598126800928569,186.76924238625662,22297.741951763033,6.3555455218631325,246.96856370758266,478.7759565752904,11.749197693318628,79.34871370737945,2.528955147677946,0
9.677052192785428,218.0398038574704,19318.69694555948,4.740195644547461,301.12705293530337,420.7050864422638,10.457067084178735,68.32818419958974,3.6821264935778495,0
7.554279090048724,123.92927065256245,14871.356350824562,6.416340055873736,248.05499600547705,573.7413966633361,20.579463342005376,57.38353418386249,3.975975756268077,1
6.914119589933259,189.07934533996007,16126.911289139494,6.43038223236127,341.83205139939633,244.11275026791287,15.028451579251943,48.915923520547814,3.4061587698358204,1
,237.47191073232864,18984.503491613792,6.381099830322288,334.20741304540184,313.52803538590024,12.777114475085511,59.602901333908854,3.2565335891938254,0
3.869281378294713,179.03409300973323,25723.08565112829,6.184210350216148,,496.83853037427974,10.2193660496381,69.84069208254795,4.390908756821817,0
6.706718486861918,109.64222506358556,24336.565398676037,4.208341372612996,302.19901893884276,480.6521428685094,15.81103755134082,62.43922506985389,3.1617741091667293,0
9.790220324548418,196.14718809104363,30086.952939129947,7.523310484555454,,396.90178969119796,16.51933441529884,66.35775119271285,4.33295143957321,0
6.645007262629963,198.10143476349347,18341.895799753427,3.6784271853329806,262.2540309644142,251.98597070383224,13.232683689437827,53.58560876406005,3.675181980142849,0
6.766788932096917,199.46282200007087,1944.069814906732,10.185816675699058,,476.04991965482697,13.505699593252137,62.38512284607932,2.9013595365981457,1
9.376074535747575,267.8816062394702,31918.05446470197,3.891435099144817,,344.90350237038473,14.58417924046644,71.39222008160613,3.751662498955997,0
6.172628438701681,184.19812222898926,14188.500879956739,7.0358583138266875,301.5110073680441,431.9422370001111,16.069947690328235,79.73685895052863,2.2399210496584505,0
,167.5299156718902,12616.36311225965,6.939597692200827,297.94629222934134,292.0765054660493,12.843863957538236,75.9023912371077,4.467355611419149,0
,156.6578769519995,22403.32778495348,7.635686445053519,,427.63591575199206,15.390436913068744,52.64374002220613,5.009430967398458,0
6.6639995903751315,204.432751596106,25580.888719181556,8.415885718562707,,409.10068227208836,15.727310565400067,90.02939757020638,3.3646126830020346,0
,214.27739905864757,17916.305067424917,8.730900317826595,397.7521264561678,219.9934732588769,18.394577403603986,64.0169227817131,4.713814445941317,0
8.155028483502564,178.40206119730954,17844.027330493234,4.212927581060919,313.7050613860858,554.290571638221,13.069676960812718,61.73294106415333,3.5470456176361687,0
6.274455103466056,224.75389610040264,19202.557876556893,6.851049709673764,,392.9673580566568,10.626529460522285,71.40334158336118,2.9430773247553663,0
4.8182006092787955,213.78844268867115,35832.17122913692,10.368599503752092,355.7302955815502,398.4804171756954,14.271113120177782,71.73166320794437,3.5487266891288836,0
9.206229576341364,199.01310913757115,22775.361594465183,7.152470966446103,295.4948894851169,464.3781886065546,20.23750702661514,,3.89927322975651,0
9.089605297098744,165.9154847739556,13894.741876951475,5.536708161487767,320.5640151396612,415.7945893501524,8.505378133292835,77.82103775638141,2.967255937929472,0
6.881714951435757,189.1282506274835,8708.322371631026,7.846313355328024,,309.32928126972695,14.769419656674584,65.21956366707833,4.247471745867959,1
7.240462865881264,211.13927909479466,21449.96270058543,9.023979399814635,,453.4952000369143,10.811460651938754,70.3806621244056,4.2909413878054625,1
4.686852747808706,205.7525472469312,24988.29299305767,4.950021132875339,329.33084246561486,408.19893061644757,13.210463968640653,40.413121565667325,3.606031192754064,0
7.093012719154475,198.42194510616022,27252.617490088953,8.427477119951913,302.07047594633286,261.5266735541675,13.791558981816621,59.70226248565308,3.293751079755554,0
6.000232137890943,204.09676468813203,23942.259155394382,7.943399349068116,340.23856470100964,400.27528495728916,13.665048729379414,58.464719065358224,5.160116446745744,0
6.286032722145105,215.1511655447596,15054.765171562784,4.681334577409382,349.94310765771826,539.9406345761798,17.918961724774086,67.72807754407485,2.813953973869669,0
5.190636647456106,140.2315446430606,13972.79618128559,7.176923492351995,,396.17252575536895,16.7515850762835,58.260436745670354,3.682137187781851,1
,208.65439142848555,15370.104346200296,6.814911949697251,322.0824052932557,538.4773839688103,12.377510844126745,59.51705452794888,3.2447401111676637,1
9.380656824895704,199.20338151069635,12255.953963831522,4.2272927253075565,335.44036725957574,243.7136932691387,6.076487660111237,74.8087747426535,3.026858595141797,0
5.116878197920936,148.34892541563408,18515.068783687348,4.5448069222908245,,420.6595827764193,12.70127004568068,78.38239153971182,3.761711194594867,0
6.282255176363919,177.0697774008701,28296.658292508444,4.797868299539436,293.22629604283424,458.6924915202316,11.727992967110577,66.78846545459008,3.9002939719103162,0
6.916261395916969,174.51194681054443,17956.251711061326,6.576666178436202,,506.7070487099026,19.27414623369651,52.783787188388956,3.568390920067089,1
7.056456450757475,184.1673850983939,22341.20124309325,10.663759083238915,340.280100816088,422.4493423960895,10.521525895874886,71.95898291311671,3.474468461007894,1
9.65828468865772,227.60527785553913,19016.897342748493,5.319380464436947,382.1723603110206,242.0339087785619,14.158946057670867,24.921261699457766,4.567783071058277,0
7.656966070627325,174.44787716657393,10636.514938717592,6.283798849644383,389.27627537942243,316.95061303842243,12.912038129619846,80.24447423134852,4.089995183843691,0
10.226596387389995,205.07068939369108,27635.887289089267,8.220809452137312,,524.2874689351302,14.071680797491496,,4.419994158222019,0
7.872032043101654,201.57979798853677,34932.77310335046,7.556383365362495,,492.9552643126488,14.851527982854822,96.65118853957574,3.3273980858048233,0
8.811901405659588,223.61971577636433,46399.417339117164,8.653176972957235,238.86888791958296,412.4188258317422,17.944535496510326,85.31648319065522,3.852277101497229,0
6.317673095787978,229.02769109099057,26355.304888366027,6.561868129977277,355.2039444126338,433.4703368138389,16.684601156750265,77.69207696002687,4.1403891487868005,0
5.726784042652731,231.85716246185993,17897.912617470207,6.5136391168344225,371.97064322362036,462.98839775282704,18.523190174714962,90.74442988137275,3.0461912332693952,1
8.539699926911055,123.78978295159033,14337.742359011652,7.541735802287437,259.1448787013161,527.1225310245871,22.34461169524636,79.15407138634751,4.017564254195056,0
,239.29518518045944,5514.516393563026,6.118840380319636,,360.3105896523403,12.092552004764778,,5.7656853808726,0
,171.7386291098218,26579.09982969548,7.669762649778841,400.5124593079557,461.8915744026875,12.279764564414743,61.433685946551975,3.6132035427556124,1
6.7502908105176855,180.62565004874858,44423.11990541959,4.8282708805973105,332.25086543589106,309.78418928328267,18.492117132081233,62.31829285903796,4.646509821145083,0
9.379203053151016,205.78264194354975,34491.4725128436,6.429485268378793,341.2039944989864,405.2088432075348,20.847249583850434,72.15367120902259,4.252455043804789,0
2.9544384186962147,166.32089119542263,33072.391275846945,7.680956191385233,400.08111293142383,523.6202935744279,12.34034676936504,,4.487274604085077,0
4.339977897287628,129.30675226437472,25059.545916932824,7.989838163767602,285.4413905001289,341.40455290584964,19.18452627198593,84.61150445078903,4.212856253909751,0
10.712724110967995,155.17477528387707,16604.932928400398,8.118072614694718,,361.94733354333414,9.089651435048356,79.68364574872605,3.5847853716079454,1
6.925395041255625,178.59513361877364,501.5246718426097,11.59761372678848,298.0671258275552,330.29640770863125,16.488160252723226,59.24568910082712,4.000734672540164,0
7.989924572023497,185.08022440268647,29815.09734302877,6.657246836636009,336.6316125896837,345.14138440478297,16.676927945723335,60.28344128073823,4.731700875865991,0
7.015933540377496,163.9380068497904,17470.066759902496,4.09673012835664,336.51429714754914,419.2550522394907,12.354420165429644,46.46356008701257,5.759957465602557,0
7.491761586166187,188.99350000525033,20226.00475735716,4.710564541342684,351.1185517145583,381.4676589384698,8.22383878521595,82.46374845557088,3.560961719666083,1
6.635755993457627,215.5024402068009,17572.626159999712,10.16593398629192,304.6173553509793,507.5043824676729,14.06370223490845,49.759368213854856,4.5653229502086035,1
7.926874954943444,170.54205559114502,19515.558697050663,7.343870995623925,311.25899766216685,471.341748583737,11.027897870706068,61.81657656351095,3.448101524699691,0
8.689946150773652,216.52335163925096,16197.752553860706,6.159634485143978,313.36079949925306,514.9632284671367,15.183584437697142,47.348668099459104,3.6436421657261433,0
5.542089937843703,220.8205626410589,30012.143149485626,7.593928537928149,,312.9810956292288,12.919975166069761,71.1655416907756,5.133707267771129,1
10.52439773036766,280.8135711157571,17663.84611488591,9.702327618195973,301.54065150713586,293.41125556021393,8.099216651570257,55.67950227014701,5.51308849294323,0
4.531710998475364,169.90984390511136,19504.227897461747,8.197606992268177,379.4779162901149,371.3526001502829,14.365710866438446,53.28194566264706,4.4860285507517155,1
6.578317176629932,139.00655541709574,9761.878226663994,9.734185946032005,341.40763269276437,311.2385817001925,15.081952014930689,68.44654849609243,3.7049835697053823,1
